s,m,C,C,C,C,C,C,C,C,C,C,kW,kW,kW,kW,kg/m2/s
Time,LIQUID HEIGHT,SURFACE TEMPERATURE,T05,T10,T15,T20,T25,T30,T35,T40,T45,RHF,CHF,THF,NHF,MLRPUA
 0.0000000E+000, 4.5000000E-002, 1.7000000E+001, 1.7000000E+001, 1.7000000E+001, 1.7000000E+001, 1.7000000E+001, 1.7000000E+001, 1.7000000E+001, 1.7000000E+001, 1.7000000E+001, 1.7000000E+001,-7.1020626E-007, 0.0000000E+000,-7.1020626E-007,-7.1020626E-007, 0.0000000E+000
 1.0003975E+001, 4.4990574E-002, 2.2127773E+001, 1.7000000E+001, 1.7000000E+001, 1.7000000E+001, 1.7000000E+001, 1.7000000E+001, 1.7000000E+001, 1.7000193E+001, 1.7049676E+001, 1.9871168E+001, 3.1685636E-003, 4.4689270E-003, 7.6374906E-003, 7.6374906E-003, 1.5067059E+000
 2.0006307E+001, 4.4968679E-002, 2.5562974E+001, 1.7000000E+001, 1.7000000E+001, 1.7000000E+001, 1.7000000E+001, 1.7000001E+001, 1.7000233E+001, 1.7018642E+001, 1.7598095E+001, 2.3334581E+001, 3.4719722E-003, 4.7835748E-003, 8.2555470E-003, 8.2555470E-003, 1.6846967E+000
 3.0002155E+001, 4.4944419E-002, 2.5221673E+001, 1.7000000E+001, 1.7000000E+001, 1.7000000E+001, 1.7000001E+001, 1.7000110E+001, 1.7005319E+001, 1.7131029E+001, 1.8476230E+001, 2.3441479E+001, 3.7492958E-003, 4.8846852E-003, 8.6339810E-003, 8.6339810E-003, 1.8354727E+000
 4.0006082E+001, 4.4919762E-002, 2.5192696E+001, 1.7000000E+001, 1.7000000E+001, 1.7000001E+001, 1.7000038E+001, 1.7001404E+001, 1.7029960E+001, 1.7352321E+001, 1.9139671E+001, 2.3547552E+001, 4.0399074E-003, 4.9773050E-003, 9.0172125E-003, 9.0172125E-003, 1.9838054E+000
 5.0002168E+001, 4.4894814E-002, 2.5354945E+001, 1.7000000E+001, 1.7000001E+001, 1.7000012E+001, 1.7000361E+001, 1.7007045E+001, 1.7085280E+001, 1.7617520E+001, 1.9625351E+001, 2.3756409E+001, 4.3502979E-003, 5.1722486E-003, 9.5225465E-003, 9.5225465E-003, 2.1396559E+000
 6.0004455E+001, 4.4869455E-002, 2.5785177E+001, 1.7000000E+001, 1.7000007E+001, 1.7000092E+001, 1.7001689E+001, 1.7020854E+001, 1.7168980E+001, 1.7885406E+001, 2.0026664E+001, 2.4174270E+001, 4.6982464E-003, 5.4403215E-003, 1.0138568E-002, 1.0138568E-002, 2.3347888E+000
 7.0003950E+001, 4.4843591E-002, 2.6070721E+001, 1.7000002E+001, 1.7000042E+001, 1.7000410E+001, 1.7005141E+001, 1.7045060E+001, 1.7273145E+001, 1.8144931E+001, 2.0399959E+001, 2.4506279E+001, 4.9448992E-003, 5.4905486E-003, 1.0435448E-002, 1.0435448E-002, 2.5045751E+000
 8.0002140E+001, 4.4817215E-002, 2.6559257E+001, 1.7000011E+001, 1.7000171E+001, 1.7001275E+001, 1.7011847E+001, 1.7079950E+001, 1.7390894E+001, 1.8396817E+001, 2.0754051E+001, 2.4985777E+001, 5.1998066E-003, 5.5869905E-003, 1.0786797E-002, 1.0786797E-002, 2.6463817E+000
 9.0001611E+001, 4.4790174E-002, 2.7077420E+001, 1.7000042E+001, 1.7000512E+001, 1.7003089E+001, 1.7022639E+001, 1.7124720E+001, 1.7517914E+001, 1.8643370E+001, 2.1114288E+001, 2.5509669E+001, 5.5147088E-003, 5.7266144E-003, 1.1241323E-002, 1.1241323E-002, 2.7786740E+000
 1.0000185E+002, 4.4762371E-002, 2.7795044E+001, 1.7000129E+001, 1.7001233E+001, 1.7006484E+001, 1.7038968E+001, 1.7181685E+001, 1.7661185E+001, 1.8909579E+001, 2.1528007E+001, 2.6162500E+001, 5.9061863E-003, 5.9553675E-003, 1.1861554E-002, 1.1861554E-002, 2.9422018E+000
 1.1000116E+002, 4.4733296E-002, 2.9061348E+001, 1.7000319E+001, 1.7002493E+001, 1.7015468E+001, 1.7076232E+001, 1.7299595E+001, 1.7948678E+001, 1.9472539E+001, 2.2517530E+001, 2.6829283E+001, 6.2946789E-003, 6.2965532E-003, 1.2591232E-002, 1.2591232E-002, 3.1045050E+000
 1.2000105E+002, 4.4702546E-002, 3.0097620E+001, 1.7000685E+001, 1.7004557E+001, 1.7024464E+001, 1.7106540E+001, 1.7378492E+001, 1.8110491E+001, 1.9754929E+001, 2.3040275E+001, 2.7811939E+001, 7.0229235E-003, 6.8309287E-003, 1.3853852E-002, 1.3853852E-002, 3.4027029E+000
 1.3000335E+002, 4.4670304E-002, 3.1148662E+001, 1.7001311E+001, 1.7007597E+001, 1.7036119E+001, 1.7141871E+001, 1.7463742E+001, 1.8279506E+001, 2.0059647E+001, 2.3629782E+001, 2.8797532E+001, 7.6350398E-003, 7.1470906E-003, 1.4782130E-002, 1.4782130E-002, 3.6985428E+000
 1.4000268E+002, 4.4636340E-002, 3.2276282E+001, 1.7002288E+001, 1.7011790E+001, 1.7050554E+001, 1.7182035E+001, 1.7555276E+001, 1.8458273E+001, 2.0391869E+001, 2.4278074E+001, 2.9872426E+001, 8.1271008E-003, 7.4597171E-003, 1.5586818E-002, 1.5586818E-002, 3.9458261E+000
 1.5000399E+002, 4.4600099E-002, 3.4203820E+001, 1.7003712E+001, 1.7017286E+001, 1.7067847E+001, 1.7226932E+001, 1.7653479E+001, 1.8649375E+001, 2.0754141E+001, 2.5004362E+001, 3.1540653E+001, 8.7777624E-003, 8.0177037E-003, 1.6795466E-002, 1.6795466E-002, 4.2954946E+000
 1.6000170E+002, 4.4560201E-002, 3.6357650E+001, 1.7005675E+001, 1.7024212E+001, 1.7088058E+001, 1.7276579E+001, 1.7759037E+001, 1.8855086E+001, 2.1155136E+001, 2.5935119E+001, 3.3512502E+001, 9.4698854E-003, 8.4702528E-003, 1.7940138E-002, 1.7940138E-002, 4.6424855E+000
 1.7000372E+002, 4.4515899E-002, 3.8408729E+001, 1.7008256E+001, 1.7032594E+001, 1.7110867E+001, 1.7329772E+001, 1.7868859E+001, 1.9068599E+001, 2.1592656E+001, 2.6976675E+001, 3.5334361E+001, 1.0146683E-002, 8.9903765E-003, 1.9137059E-002, 1.9137059E-002, 5.0013829E+000
 1.8000019E+002, 4.4466962E-002, 4.0678283E+001, 1.7011500E+001, 1.7042263E+001, 1.7135231E+001, 1.7382976E+001, 1.7973366E+001, 1.9268019E+001, 2.2007127E+001, 2.7838250E+001, 3.6719428E+001, 1.0973469E-002, 9.5895023E-003, 2.0562971E-002, 2.0562971E-002, 5.4729812E+000
 1.9000402E+002, 4.4412885E-002, 4.2762567E+001, 1.7015585E+001, 1.7053995E+001, 1.7164336E+001, 1.7447325E+001, 1.8105724E+001, 1.9539723E+001, 2.2587129E+001, 2.9021708E+001, 3.8696606E+001, 1.1521879E-002, 9.9559395E-003, 2.1477819E-002, 2.1477819E-002, 5.7746584E+000
 2.0000380E+002, 4.4353593E-002, 4.4765067E+001, 1.7020543E+001, 1.7067551E+001, 1.7196798E+001, 1.7517863E+001, 1.8251544E+001, 1.9842991E+001, 2.3222909E+001, 3.0290512E+001, 4.0655702E+001, 1.1819109E-002, 1.0074116E-002, 2.1893225E-002, 2.1893225E-002, 6.0010074E+000
 2.1000268E+002, 4.4289168E-002, 4.6203680E+001, 1.7026448E+001, 1.7083035E+001, 1.7232852E+001, 1.7595392E+001, 1.8412750E+001, 2.0178906E+001, 2.3914432E+001, 3.1614105E+001, 4.2259992E+001, 1.2103284E-002, 1.0130091E-002, 2.2233375E-002, 2.2233375E-002, 6.1280379E+000
 2.2000081E+002, 4.4218904E-002, 4.8104857E+001, 1.7027011E+001, 1.7084927E+001, 1.7237720E+001, 1.7608703E+001, 1.8452510E+001, 2.0295767E+001, 2.4217997E+001, 3.2194722E+001, 4.2953295E+001, 1.2360230E-002, 1.0182132E-002, 2.2542362E-002, 2.2542362E-002, 6.2862332E+000
 2.3000186E+002, 4.4142818E-002, 4.9645810E+001, 1.7033646E+001, 1.7101850E+001, 1.7276629E+001, 1.7693087E+001, 1.8631092E+001, 2.0667243E+001, 2.4940084E+001, 3.3335021E+001, 4.4506047E+001, 1.2490175E-002, 1.0228481E-002, 2.2718656E-002, 2.2718656E-002, 6.3277645E+000
 2.4000346E+002, 4.4060952E-002, 5.1086541E+001, 1.7041448E+001, 1.7121205E+001, 1.7320490E+001, 1.7787703E+001, 1.8830129E+001, 2.1071660E+001, 2.5685051E+001, 3.4537043E+001, 4.6149997E+001, 1.2671497E-002, 1.0381832E-002, 2.3053330E-002, 2.3053330E-002, 6.4718868E+000
 2.5000223E+002, 4.3970946E-002, 5.3308518E+001, 1.7050208E+001, 1.7141799E+001, 1.7364966E+001, 1.7879247E+001, 1.9012149E+001, 2.1411673E+001, 2.6245847E+001, 3.5343881E+001, 4.7145474E+001, 1.2834540E-002, 1.0460767E-002, 2.3295307E-002, 2.3295307E-002, 6.5338479E+000
 2.6000300E+002, 4.3870265E-002, 5.4973224E+001, 1.7060346E+001, 1.7165677E+001, 1.7417392E+001, 1.7989696E+001, 1.9236019E+001, 2.1836830E+001, 2.6978513E+001, 3.6468460E+001, 4.8710330E+001, 1.2985595E-002, 1.0627629E-002, 2.3613224E-002, 2.3613224E-002, 6.6561767E+000
 2.7000340E+002, 4.3756016E-002, 5.7984619E+001, 1.7079336E+001, 1.7209824E+001, 1.7514473E+001, 1.8194297E+001, 1.9648180E+001, 2.2616807E+001, 2.8343879E+001, 3.8807912E+001, 5.0704160E+001, 1.3201413E-002, 1.0757092E-002, 2.3958505E-002, 2.3958505E-002, 6.7655267E+000
 2.8000153E+002, 4.3622467E-002, 5.8948763E+001, 1.7103298E+001, 1.7264556E+001, 1.7633367E+001, 1.8441535E+001, 2.0137326E+001, 2.3525210E+001, 2.9935647E+001, 4.1446680E+001, 5.1432575E+001, 1.3517505E-002, 1.0892168E-002, 2.4409674E-002, 2.4409674E-002, 6.9461951E+000
 2.9000299E+002, 4.3467139E-002, 6.1915936E+001, 1.7120196E+001, 1.7301131E+001, 1.7708290E+001, 1.8587279E+001, 2.0402911E+001, 2.3973790E+001, 3.0640911E+001, 4.2388419E+001, 5.2524405E+001, 1.3628463E-002, 1.1163402E-002, 2.4791866E-002, 2.4791866E-002, 7.0400208E+000
 3.0000181E+002, 4.3283876E-002, 6.2572177E+001, 1.7131562E+001, 1.7326640E+001, 1.7762308E+001, 1.8695918E+001, 2.0608393E+001, 2.4338440E+001, 3.1236075E+001, 4.3130719E+001, 5.2915817E+001, 1.3998738E-002, 1.1355879E-002, 2.5354617E-002, 2.5354617E-002, 7.3065203E+000
 3.1000116E+002, 4.3088048E-002, 6.2932175E+001, 1.7135821E+001, 1.7338053E+001, 1.7789663E+001, 1.8756981E+001, 2.0735395E+001, 2.4583740E+001, 3.1647365E+001, 4.3462621E+001, 5.2960831E+001, 1.4161019E-002, 1.1597020E-002, 2.5758039E-002, 2.5758039E-002, 7.3930452E+000
 3.2000137E+002, 4.2878649E-002, 6.3286889E+001, 1.7155976E+001, 1.7380368E+001, 1.7873203E+001, 1.8911956E+001, 2.1003025E+001, 2.5003229E+001, 3.2176012E+001, 4.3771193E+001, 5.2745852E+001, 1.4465105E-002, 1.1821410E-002, 2.6286515E-002, 2.6286515E-002, 7.5590442E+000
 3.3000300E+002, 4.2664972E-002, 6.3505706E+001, 1.7210146E+001, 1.7496312E+001, 1.8110371E+001, 1.9373945E+001, 2.1854737E+001, 2.6462353E+001, 3.4388959E+001, 4.6554024E+001, 5.2693954E+001, 1.4693497E-002, 1.1970595E-002, 2.6664092E-002, 2.6664092E-002, 7.7366600E+000
 3.4000338E+002, 4.2448538E-002, 6.3466773E+001, 1.7242101E+001, 1.7561146E+001, 1.8234781E+001, 1.9598665E+001, 2.2230221E+001, 2.7014467E+001, 3.5030282E+001, 4.7078072E+001, 5.2826316E+001, 1.4978246E-002, 1.2116947E-002, 2.7095193E-002, 2.7095193E-002, 7.8603058E+000
 3.5000310E+002, 4.2230762E-002, 6.3579261E+001, 1.7249412E+001, 1.7578538E+001, 1.8272365E+001, 1.9673599E+001, 2.2363601E+001, 2.7208518E+001, 3.5225314E+001, 4.7160513E+001, 5.2767779E+001, 1.5080560E-002, 1.2246403E-002, 2.7326964E-002, 2.7326964E-002, 7.9703887E+000
 3.6000117E+002, 4.2009335E-002, 6.3652390E+001, 1.7264972E+001, 1.7611225E+001, 1.8336292E+001, 1.9789324E+001, 2.2550515E+001, 2.7457766E+001, 3.5459636E+001, 4.7193989E+001, 5.2721470E+001, 1.5138066E-002, 1.2357563E-002, 2.7495629E-002, 2.7495629E-002, 8.0562322E+000
 3.7000163E+002, 4.1781511E-002, 6.3774954E+001, 1.7319247E+001, 1.7719838E+001, 1.8542285E+001, 2.0155581E+001, 2.3148379E+001, 2.8325962E+001, 3.6535666E+001, 4.8225821E+001, 5.2692633E+001, 1.5362848E-002, 1.2654152E-002, 2.8016999E-002, 2.8016999E-002, 8.1669798E+000
 3.8000175E+002, 4.1550463E-002, 6.3766541E+001, 1.7393514E+001, 1.7867182E+001, 1.8819824E+001, 2.0646132E+001, 2.3947383E+001, 2.9497032E+001, 3.8043319E+001, 5.0052230E+001, 5.2731013E+001, 1.5617722E-002, 1.2873696E-002, 2.8491419E-002, 2.8491419E-002, 8.3636892E+000
 3.9000031E+002, 4.1321207E-002, 6.3786487E+001, 1.7423784E+001, 1.7924514E+001, 1.8920549E+001, 2.0806386E+001, 2.4168044E+001, 2.9738461E+001, 3.8220526E+001, 5.0137093E+001, 5.2768315E+001, 1.5861422E-002, 1.3143177E-002, 2.9004599E-002, 2.9004599E-002, 8.5663233E+000
 4.0000286E+002, 4.1092500E-002, 6.3700426E+001, 1.7422262E+001, 1.7925847E+001, 1.8928830E+001, 2.0826384E+001, 2.4199582E+001, 2.9768652E+001, 3.8234102E+001, 5.0097665E+001, 5.2779443E+001, 1.6081285E-002, 1.3339291E-002, 2.9420576E-002, 2.9420576E-002, 8.7335078E+000
 4.1000083E+002, 4.0867272E-002, 6.3572054E+001, 1.7468071E+001, 1.8009436E+001, 1.9070032E+001, 2.1041870E+001, 2.4485637E+001, 3.0080337E+001, 3.8483676E+001, 5.0193260E+001, 5.2908974E+001, 1.6161998E-002, 1.3524781E-002, 2.9686780E-002, 2.9686780E-002, 8.8379403E+000
 4.2000097E+002, 4.0652195E-002, 6.3414082E+001, 1.7603272E+001, 1.8266081E+001, 1.9530451E+001, 2.1813635E+001, 2.5681214E+001, 3.1781153E+001, 4.0732137E+001, 5.2865121E+001, 5.2865121E+001, 1.6254998E-002, 1.3840275E-002, 3.0095273E-002, 3.0095273E-002, 8.9413760E+000
 4.3000068E+002, 4.0434196E-002, 6.3519552E+001, 1.7662227E+001, 1.8368005E+001, 1.9692704E+001, 2.2045679E+001, 2.5969999E+001, 3.2082830E+001, 4.0990772E+001, 5.2950685E+001, 5.2950685E+001, 1.6438118E-002, 1.3716603E-002, 3.0154721E-002, 3.0154721E-002, 9.0755330E+000
 4.4000027E+002, 4.0217959E-002, 6.3499158E+001, 1.7662694E+001, 1.8371840E+001, 1.9702541E+001, 2.2062562E+001, 2.5991607E+001, 3.2108149E+001, 4.1023783E+001, 5.2978343E+001, 5.2978343E+001, 1.6424118E-002, 1.3737410E-002, 3.0161528E-002, 3.0161528E-002, 9.0667951E+000
 4.5000236E+002, 4.0005634E-002, 6.3393587E+001, 1.7696355E+001, 1.8430214E+001, 1.9795249E+001, 2.2194072E+001, 2.6154756E+001, 3.2281911E+001, 4.1163550E+001, 5.3120078E+001, 5.3120078E+001, 1.6564765E-002, 1.3762958E-002, 3.0327723E-002, 3.0327723E-002, 9.1448814E+000
 4.6000007E+002, 3.9795158E-002, 6.3373339E+001, 1.7799371E+001, 1.8609781E+001, 2.0088013E+001, 2.2636060E+001, 2.6769553E+001, 3.3068236E+001, 4.2091648E+001, 5.3267080E+001, 5.3267080E+001, 1.6607724E-002, 1.3820632E-002, 3.0428355E-002, 3.0428355E-002, 9.2051130E+000
 4.7000002E+002, 3.9581288E-002, 6.3476297E+001, 1.7951623E+001, 1.8876106E+001, 2.0526250E+001, 2.3310176E+001, 2.7736572E+001, 3.4362234E+001, 4.3694936E+001, 5.3249422E+001, 5.3249422E+001, 1.6686049E-002, 1.3853589E-002, 3.0539638E-002, 3.0539638E-002, 9.2817561E+000
 4.8000178E+002, 3.9367320E-002, 6.3402142E+001, 1.8027352E+001, 1.8995612E+001, 2.0699742E+001, 2.3537285E+001, 2.7998310E+001, 3.4614171E+001, 4.3863097E+001, 5.3398483E+001, 5.3398483E+001, 1.6551285E-002, 1.3922259E-002, 3.0473544E-002, 3.0473544E-002, 9.2556523E+000
 4.9000188E+002, 3.9156699E-002, 6.3332469E+001, 1.7985068E+001, 1.8929454E+001, 2.0604210E+001, 2.3409632E+001, 2.7843064E+001, 3.4447181E+001, 4.3729319E+001, 5.2980250E+001, 5.2980250E+001, 1.6616535E-002, 1.3944315E-002, 3.0560850E-002, 3.0560850E-002, 9.2970106E+000
 5.0000030E+002, 3.8950308E-002, 6.3221938E+001, 1.8062146E+001, 1.9049379E+001, 2.0776622E+001, 2.3633982E+001, 2.8100829E+001, 3.4696248E+001, 4.3897677E+001, 5.3157211E+001, 5.3157211E+001, 1.6507204E-002, 1.3982624E-002, 3.0489828E-002, 3.0489828E-002, 9.2848975E+000
 5.1000146E+002, 3.8745558E-002, 6.3296352E+001, 1.8236609E+001, 1.9338592E+001, 2.1228802E+001, 2.4298014E+001, 2.9015162E+001, 3.5875508E+001, 4.5336627E+001, 5.3285443E+001, 5.3285443E+001, 1.6553684E-002, 1.4016305E-002, 3.0569989E-002, 3.0569989E-002, 9.3310044E+000
 5.2000262E+002, 3.8539475E-002, 6.3252867E+001, 1.8394378E+001, 1.9592649E+001, 2.1614570E+001, 2.4847557E+001, 2.9747740E+001, 3.6789174E+001, 4.6396722E+001, 5.3440051E+001, 5.3440051E+001, 1.6619269E-002, 1.4043597E-002, 3.0662866E-002, 3.0662866E-002, 9.3576357E+000
 5.3000156E+002, 3.8333242E-002, 6.3187248E+001, 1.8461703E+001, 1.9690869E+001, 2.1747987E+001, 2.5012042E+001, 2.9926850E+001, 3.6953008E+001, 4.6495899E+001, 5.3528952E+001, 5.3528952E+001, 1.6631761E-002, 1.4001116E-002, 3.0632877E-002, 3.0632877E-002, 9.3638110E+000
 5.4000268E+002, 3.8129801E-002, 6.3017537E+001, 1.8423757E+001, 1.9633320E+001, 2.1670189E+001, 2.4916593E+001, 2.9823072E+001, 3.6860447E+001, 4.6416814E+001, 5.3361264E+001, 5.3361264E+001, 1.6641375E-002, 1.4063150E-002, 3.0704525E-002, 3.0704525E-002, 9.4027379E+000
 5.5000080E+002, 3.7930394E-002, 6.3153607E+001, 1.8516218E+001, 1.9765294E+001, 2.1844690E+001, 2.5124455E+001, 3.0037530E+001, 3.7031509E+001, 4.6499982E+001, 5.3211986E+001, 5.3211986E+001, 1.6709096E-002, 1.4046165E-002, 3.0755261E-002, 3.0755261E-002, 9.4487135E+000
 5.6000133E+002, 3.7729245E-002, 6.3177844E+001, 1.8752184E+001, 2.0138085E+001, 2.2403122E+001, 2.5916131E+001, 3.1098799E+001, 3.8376125E+001, 4.8113669E+001, 5.3395756E+001, 5.3395756E+001, 1.6691398E-002, 1.4086160E-002, 3.0777558E-002, 3.0777558E-002, 9.4666187E+000
 5.7000123E+002, 3.7530024E-002, 6.3007890E+001, 1.8924317E+001, 2.0397700E+001, 2.2774146E+001, 2.6415723E+001, 3.1730420E+001, 3.9125328E+001, 4.8997879E+001, 5.3583055E+001, 5.3583055E+001, 1.6688445E-002, 1.4036865E-002, 3.0725311E-002, 3.0725311E-002, 9.4634331E+000
 5.8000161E+002, 3.7332352E-002, 6.3096179E+001, 1.8997327E+001, 2.0496913E+001, 2.2901430E+001, 2.6565193E+001, 3.1886395E+001, 3.9266262E+001, 4.9091205E+001, 5.3696879E+001, 5.3696879E+001, 1.6711638E-002, 1.4172337E-002, 3.0883975E-002, 3.0883975E-002, 9.4992090E+000
 5.9000060E+002, 3.7132569E-002, 6.2900556E+001, 1.8945058E+001, 2.0419074E+001, 2.2799631E+001, 2.6445260E+001, 3.1762390E+001, 3.9165142E+001, 4.8931971E+001, 5.3481445E+001, 5.3481445E+001, 1.6634780E-002, 1.4112984E-002, 3.0747764E-002, 3.0747764E-002, 9.4762297E+000
 6.0000228E+002, 3.6936706E-002, 6.3048494E+001, 1.9051714E+001, 2.0561610E+001, 2.2976931E+001, 2.6644039E+001, 3.1953945E+001, 3.9297480E+001, 4.8984764E+001, 5.3312571E+001, 5.3312571E+001, 1.6766630E-002, 1.4124662E-002, 3.0891292E-002, 3.0891292E-002, 9.5578772E+000
 6.1000362E+002, 3.6738070E-002, 6.3115530E+001, 1.9323823E+001, 2.0972361E+001, 2.3567257E+001, 2.7451201E+001, 3.3003154E+001, 4.0591350E+001, 5.0462877E+001, 5.3483041E+001, 5.3483041E+001, 1.6641583E-002, 1.4127226E-002, 3.0768810E-002, 3.0768810E-002, 9.5393095E+000
 6.2000148E+002, 3.6541546E-002, 6.2962880E+001, 1.9532621E+001, 2.1275104E+001, 2.3985518E+001, 2.7999386E+001, 3.3682251E+001, 4.1383818E+001, 5.1524960E+001, 5.3715420E+001, 5.3715420E+001, 1.6690892E-002, 1.4194668E-002, 3.0885560E-002, 3.0885560E-002, 9.5570684E+000
 6.3000227E+002, 3.6345503E-002, 6.2990020E+001, 1.9625303E+001, 2.1393955E+001, 2.4129924E+001, 2.8160185E+001, 3.3840049E+001, 4.1519551E+001, 5.1573559E+001, 5.3805142E+001, 5.3805142E+001, 1.6713915E-002, 1.4186041E-002, 3.0899957E-002, 3.0899957E-002, 9.5759402E+000
 6.4000071E+002, 3.6148977E-002, 6.2902820E+001, 1.9541034E+001, 2.1271845E+001, 2.3973960E+001, 2.7980080E+001, 3.3656012E+001, 4.1365721E+001, 5.1284536E+001, 5.3439401E+001, 5.3439401E+001, 1.6764714E-002, 1.4161020E-002, 3.0925734E-002, 3.0925734E-002, 9.5931163E+000
 6.5000157E+002, 3.5956285E-002, 6.2918706E+001, 1.9660717E+001, 2.1424194E+001, 2.4155708E+001, 2.8176725E+001, 3.3839864E+001, 4.1487748E+001, 5.1370042E+001, 5.3430291E+001, 5.3430291E+001, 1.6773438E-002, 1.4183121E-002, 3.0956560E-002, 3.0956560E-002, 9.6317518E+000
 6.6000185E+002, 3.5764408E-002, 6.2850915E+001, 1.9940640E+001, 2.1828275E+001, 2.4713188E+001, 2.8911094E+001, 3.4762469E+001, 4.2594561E+001, 5.2540852E+001, 5.3677856E+001, 5.3677856E+001, 1.6899905E-002, 1.4194719E-002, 3.1094624E-002, 3.1094624E-002, 9.6518510E+000
 6.7000147E+002, 3.5574375E-002, 6.2898126E+001, 2.0210658E+001, 2.2212416E+001, 2.5236084E+001, 2.9590952E+001, 3.5605992E+001, 4.3596821E+001, 5.3874373E+001, 5.3874373E+001, 5.3874373E+001, 1.6711506E-002, 1.4199012E-002, 3.0910519E-002, 3.0910519E-002, 9.6300370E+000
 6.8000066E+002, 3.5383780E-002, 6.2612793E+001, 2.0343341E+001, 2.2375583E+001, 2.5424584E+001, 2.9788998E+001, 3.5787032E+001, 4.3733227E+001, 5.3843427E+001, 5.3843427E+001, 5.3843427E+001, 1.6778706E-002, 1.4233542E-002, 3.1012249E-002, 3.1012249E-002, 9.6164116E+000
 6.9000275E+002, 3.5193156E-002, 6.2875098E+001, 2.0226374E+001, 2.2210636E+001, 2.5219390E+001, 2.9558475E+001, 3.5558457E+001, 4.3548854E+001, 5.3393766E+001, 5.3393766E+001, 5.3393766E+001, 1.6778863E-002, 1.4157968E-002, 3.0936831E-002, 3.0936831E-002, 9.7068446E+000
 7.0000157E+002, 3.5005498E-002, 6.2768910E+001, 2.0336473E+001, 2.2345428E+001, 2.5377211E+001, 2.9730156E+001, 3.5726499E+001, 4.3667025E+001, 5.3618319E+001, 5.3618319E+001, 5.3618319E+001, 1.6890926E-002, 1.4244651E-002, 3.1135577E-002, 3.1135577E-002, 9.6933739E+000
 7.1000133E+002, 3.4815140E-002, 6.2869141E+001, 2.0564419E+001, 2.2653113E+001, 2.5775716E+001, 3.0222992E+001, 3.6304167E+001, 4.4303036E+001, 5.3829103E+001, 5.3829103E+001, 5.3829103E+001, 1.6948865E-002, 1.4200890E-002, 3.1149754E-002, 3.1149754E-002, 9.7697059E+000
 7.2000001E+002, 3.4624043E-002, 6.2651847E+001, 2.0950135E+001, 2.3198826E+001, 2.6515174E+001, 3.1184558E+001, 3.7502989E+001, 4.5738307E+001, 5.3891589E+001, 5.3891589E+001, 5.3891589E+001, 1.6904147E-002, 1.4298942E-002, 3.1203088E-002, 3.1203088E-002, 9.7249208E+000
 7.3000243E+002, 3.4440720E-002, 6.2647470E+001, 2.1090081E+001, 2.3359333E+001, 2.6685549E+001, 3.1342591E+001, 3.7614919E+001, 4.5798116E+001, 5.3662889E+001, 5.3662889E+001, 5.3662889E+001, 1.6832473E-002, 1.4334428E-002, 3.1166901E-002, 3.1166901E-002, 9.7623864E+000
 7.4000296E+002, 3.4254443E-002, 6.2777216E+001, 2.1047027E+001, 2.3294641E+001, 2.6608824E+001, 3.1266407E+001, 3.7560902E+001, 4.5797127E+001, 5.3681478E+001, 5.3681478E+001, 5.3681478E+001, 1.6789456E-002, 1.4241184E-002, 3.1030640E-002, 3.1030640E-002, 9.7421973E+000
 7.5000140E+002, 3.4068754E-002, 6.2626221E+001, 2.1071329E+001, 2.3314988E+001, 2.6629611E+001, 3.1291297E+001, 3.7595624E+001, 4.5801637E+001, 5.3839236E+001, 5.3839236E+001, 5.3839236E+001, 1.6857807E-002, 1.4302594E-002, 3.1160401E-002, 3.1160401E-002, 9.7944175E+000
 7.6000337E+002, 3.3881421E-002, 6.2626471E+001, 2.1214329E+001, 2.3481703E+001, 2.6813324E+001, 3.1476540E+001, 3.7753740E+001, 4.5885458E+001, 5.3839558E+001, 5.3839558E+001, 5.3839558E+001, 1.6928115E-002, 1.4290518E-002, 3.1218633E-002, 3.1218633E-002, 9.7452130E+000
 7.7000281E+002, 3.3695059E-002, 6.2706502E+001, 2.1712868E+001, 2.4175551E+001, 2.7737629E+001, 3.2660536E+001, 3.9210493E+001, 4.7636701E+001, 5.3592893E+001, 5.3592893E+001, 5.3592893E+001, 1.6940507E-002, 1.4400988E-002, 3.1341495E-002, 3.1341495E-002, 9.8547996E+000
 7.8000023E+002, 3.3511382E-002, 6.2593486E+001, 2.1892980E+001, 2.4393032E+001, 2.7989345E+001, 3.2934533E+001, 3.9486445E+001, 4.7923853E+001, 5.3869681E+001, 5.3869681E+001, 5.3869681E+001, 1.6981454E-002, 1.4377633E-002, 3.1359087E-002, 3.1359087E-002, 9.8696104E+000
 7.9000273E+002, 3.3331498E-002, 6.2478025E+001, 2.1973321E+001, 2.4479635E+001, 2.8082388E+001, 3.3029907E+001, 3.9581317E+001, 4.8005416E+001, 5.4090787E+001, 5.4090787E+001, 5.4090787E+001, 1.7075212E-002, 1.4298901E-002, 3.1374114E-002, 3.1374114E-002, 9.8645121E+000
 8.0000048E+002, 3.3149347E-002, 6.2538043E+001, 2.1857671E+001, 2.4321828E+001, 2.7897772E+001, 3.2840268E+001, 3.9420991E+001, 4.7872857E+001, 5.3740099E+001, 5.3740099E+001, 5.3740099E+001, 1.6940085E-002, 1.4307686E-002, 3.1247770E-002, 3.1247770E-002, 9.8617860E+000
 8.1000190E+002, 3.2966991E-002, 6.2642132E+001, 2.2007707E+001, 2.4488039E+001, 2.8069712E+001, 3.2999216E+001, 3.9536270E+001, 4.7921083E+001, 5.3658174E+001, 5.3658174E+001, 5.3658174E+001, 1.7014578E-002, 1.4266794E-002, 3.1281372E-002, 3.1281372E-002, 9.8245848E+000
 8.2000103E+002, 3.2785435E-002, 6.2490099E+001, 2.2357618E+001, 2.4951085E+001, 2.8660332E+001, 3.3726194E+001, 4.0395723E+001, 4.8906107E+001, 5.3896473E+001, 5.3896473E+001, 5.3896473E+001, 1.6940894E-002, 1.4285858E-002, 3.1226752E-002, 3.1226752E-002, 9.8651814E+000
 8.3000109E+002, 3.2605837E-002, 6.2495327E+001, 2.2744573E+001, 2.5466170E+001, 2.9321030E+001, 3.4544006E+001, 4.1373194E+001, 5.0033752E+001, 5.4151691E+001, 5.4151691E+001, 5.4151691E+001, 1.7034351E-002, 1.4321678E-002, 3.1356029E-002, 3.1356029E-002, 9.8663302E+000
 8.4000014E+002, 3.2426262E-002, 6.2431094E+001, 2.2900657E+001, 2.5631081E+001, 2.9480919E+001, 3.4675460E+001, 4.1447314E+001, 5.0001351E+001, 5.3761282E+001, 5.3761282E+001, 5.3761282E+001, 1.7045551E-002, 1.4324790E-002, 3.1370341E-002, 3.1370341E-002, 9.9437344E+000
 8.5000184E+002, 3.2246413E-002, 6.2451425E+001, 2.2802591E+001, 2.5497604E+001, 2.9329630E+001, 3.4529194E+001, 4.1338087E+001, 5.0003989E+001, 5.3756708E+001, 5.3756708E+001, 5.3756708E+001, 1.7043091E-002, 1.4400035E-002, 3.1443126E-002, 3.1443126E-002, 9.9289297E+000
 8.6000101E+002, 3.2067451E-002, 6.2492604E+001, 2.2850692E+001, 2.5541968E+001, 2.9374773E+001, 3.4578768E+001, 4.1391812E+001, 5.0035969E+001, 5.3990995E+001, 5.3990995E+001, 5.3990995E+001, 1.6940236E-002, 1.4258485E-002, 3.1198721E-002, 3.1198721E-002, 9.8730181E+000
 8.7000199E+002, 3.1889308E-002, 6.2409853E+001, 2.3010693E+001, 2.5715799E+001, 2.9552926E+001, 3.4743885E+001, 4.1514582E+001, 5.0014025E+001, 5.3938172E+001, 5.3938172E+001, 5.3938172E+001, 1.6997583E-002, 1.4300863E-002, 3.1298446E-002, 3.1298446E-002, 9.9016618E+000
 8.8000009E+002, 3.1711071E-002, 6.2405067E+001, 2.3580959E+001, 2.6477924E+001, 3.0530193E+001, 3.5952507E+001, 4.2960066E+001, 5.1680760E+001, 5.3708716E+001, 5.3708716E+001, 5.3708716E+001, 1.6946455E-002, 1.4235321E-002, 3.1181775E-002, 3.1181775E-002, 9.8893583E+000
 8.9000243E+002, 3.1531478E-002, 6.2491578E+001, 2.3799392E+001, 2.6733841E+001, 3.0819465E+001, 3.6263871E+001, 4.3273610E+001, 5.2110141E+001, 5.3950145E+001, 5.3950145E+001, 5.3950145E+001, 1.7070307E-002, 1.4272805E-002, 3.1343112E-002, 3.1343112E-002, 9.9687571E+000
 9.0000125E+002, 3.1351183E-002, 6.2398297E+001, 2.3916887E+001, 2.6855408E+001, 3.0941394E+001, 3.6377702E+001, 4.3369134E+001, 5.2234720E+001, 5.4198538E+001, 5.4198538E+001, 5.4198538E+001, 1.6951993E-002, 1.4129570E-002, 3.1081563E-002, 3.1081563E-002, 9.8759542E+000
 9.1000022E+002, 3.1170864E-002, 6.2497612E+001, 2.3731137E+001, 2.6614524E+001, 3.0670502E+001, 3.6109326E+001, 4.3151704E+001, 5.1840006E+001, 5.3655104E+001, 5.3655104E+001, 5.3655104E+001, 1.6887082E-002, 1.4102455E-002, 3.0989537E-002, 3.0989537E-002, 9.8529711E+000
 9.2000309E+002, 3.0991666E-002, 6.2572613E+001, 2.3896800E+001, 2.6788819E+001, 3.0841823E+001, 3.6259377E+001, 4.3245628E+001, 5.1979830E+001, 5.3763170E+001, 5.3763170E+001, 5.3763170E+001, 1.6787323E-002, 1.4047497E-002, 3.0834821E-002, 3.0834821E-002, 9.8449378E+000
 9.3000294E+002, 3.0809408E-002, 6.2543202E+001, 2.4239995E+001, 2.7218263E+001, 3.1361423E+001, 3.6866423E+001, 4.3927997E+001, 5.2647766E+001, 5.3992046E+001, 5.3992046E+001, 5.3992046E+001, 1.6907289E-002, 1.4095553E-002, 3.1002842E-002, 3.1002842E-002, 9.8534647E+000
 9.4000142E+002, 3.0627922E-002, 6.2459872E+001, 2.4734157E+001, 2.7860785E+001, 3.2166200E+001, 3.7841200E+001, 4.5074968E+001, 5.4126739E+001, 5.4126739E+001, 5.4126739E+001, 5.4126739E+001, 1.6869291E-002, 1.4118245E-002, 3.0987536E-002, 3.0987536E-002, 9.8746716E+000
 9.5000253E+002, 3.0447858E-002, 6.2355930E+001, 2.4899992E+001, 2.8021379E+001, 3.2303305E+001, 3.7928859E+001, 4.5097020E+001, 5.3761725E+001, 5.3761725E+001, 5.3761725E+001, 5.3761725E+001, 1.6706704E-002, 1.3907208E-002, 3.0613912E-002, 3.0613912E-002, 9.7534393E+000
 9.6000168E+002, 3.0272652E-002, 6.2508480E+001, 2.4832103E+001, 2.7927435E+001, 3.2203204E+001, 3.7847896E+001, 4.5070577E+001, 5.3880550E+001, 5.3880550E+001, 5.3880550E+001, 5.3880550E+001, 1.6901308E-002, 1.3973406E-002, 3.0874714E-002, 3.0874714E-002, 9.8378149E+000
 9.7000087E+002, 3.0090047E-002, 6.2539743E+001, 2.4821859E+001, 2.7898373E+001, 3.2167342E+001, 3.7820774E+001, 4.5050537E+001, 5.4040270E+001, 5.4040270E+001, 5.4040270E+001, 5.4040270E+001, 1.6773620E-002, 1.3845434E-002, 3.0619054E-002, 3.0619054E-002, 9.8133187E+000
 9.8000257E+002, 2.9906466E-002, 6.2622910E+001, 2.4992379E+001, 2.8069180E+001, 3.2324422E+001, 3.7942678E+001, 4.5106508E+001, 5.3840921E+001, 5.3840921E+001, 5.3840921E+001, 5.3840921E+001, 1.6928125E-002, 1.4011994E-002, 3.0940119E-002, 3.0940119E-002, 9.8768624E+000
 9.9000101E+002, 2.9724644E-002, 6.2485317E+001, 2.5606033E+001, 2.8864192E+001, 3.3314724E+001, 3.9135011E+001, 4.6515328E+001, 5.3797063E+001, 5.3797063E+001, 5.3797063E+001, 5.3797063E+001, 1.6746893E-002, 1.3795401E-002, 3.0542294E-002, 3.0542294E-002, 9.7699872E+000
 1.0000032E+003, 2.9544690E-002, 6.2673847E+001, 2.5870663E+001, 2.9169558E+001, 3.3655550E+001, 3.9501678E+001, 4.6904047E+001, 5.4061316E+001, 5.4061316E+001, 5.4061316E+001, 5.4061316E+001, 1.6766501E-002, 1.4070468E-002, 3.0836968E-002, 3.0836968E-002, 9.8410370E+000
 1.0100010E+003, 2.9362467E-002, 6.2471577E+001, 2.6005110E+001, 2.9301431E+001, 3.3779085E+001, 3.9610683E+001, 4.6988437E+001, 5.4262810E+001, 5.4262810E+001, 5.4262810E+001, 5.4262810E+001, 1.6806980E-002, 1.3893401E-002, 3.0700381E-002, 3.0700381E-002, 9.8080581E+000
 1.0200031E+003, 2.9182273E-002, 6.2431483E+001, 2.5772670E+001, 2.9011961E+001, 3.3467846E+001, 3.9323405E+001, 4.6783359E+001, 5.3634092E+001, 5.3634092E+001, 5.3634092E+001, 5.3634092E+001, 1.6886004E-002, 1.4162097E-002, 3.1048101E-002, 3.1048101E-002, 9.8348342E+000
 1.0300009E+003, 2.9003478E-002, 6.2496381E+001, 2.5949265E+001, 2.9189128E+001, 3.3633625E+001, 3.9460733E+001, 4.6849538E+001, 5.3815554E+001, 5.3815554E+001, 5.3815554E+001, 5.3815554E+001, 1.6753146E-002, 1.3982726E-002, 3.0735872E-002, 3.0735872E-002, 9.8873118E+000
 1.0400004E+003, 2.8824966E-002, 6.2468606E+001, 2.6288754E+001, 2.9596424E+001, 3.4108345E+001, 3.9994987E+001, 4.7435250E+001, 5.4098414E+001, 5.4098414E+001, 5.4098414E+001, 5.4098414E+001, 1.6704448E-002, 1.3914636E-002, 3.0619084E-002, 3.0619084E-002, 9.8191594E+000
 1.0500001E+003, 2.8644791E-002, 6.2376294E+001, 2.6868013E+001, 3.0334142E+001, 3.5014268E+001, 4.1074668E+001, 4.8675161E+001, 5.4071775E+001, 5.4071775E+001, 5.4071775E+001, 5.4071775E+001, 1.6884865E-002, 1.3985411E-002, 3.0870276E-002, 3.0870276E-002, 9.8719524E+000
 1.0600020E+003, 2.8464995E-002, 6.2546276E+001, 2.7042846E+001, 3.0496305E+001, 3.5145513E+001, 4.1152070E+001, 4.8716132E+001, 5.3843060E+001, 5.3843060E+001, 5.3843060E+001, 5.3843060E+001, 1.6763773E-002, 1.3955323E-002, 3.0719096E-002, 3.0719096E-002, 9.8290324E+000
 1.0700017E+003, 2.8285398E-002, 6.2483781E+001, 2.6972001E+001, 3.0399319E+001, 3.5045306E+001, 4.1078344E+001, 4.8718597E+001, 5.3975686E+001, 5.3975686E+001, 5.3975686E+001, 5.3975686E+001, 1.6737853E-002, 1.4033718E-002, 3.0771571E-002, 3.0771571E-002, 9.8425157E+000
 1.0800014E+003, 2.8104586E-002, 6.2590714E+001, 2.6938910E+001, 3.0345183E+001, 3.4988692E+001, 4.1042951E+001, 4.8655997E+001, 5.4078914E+001, 5.4078914E+001, 5.4078914E+001, 5.4078914E+001, 1.6808189E-002, 1.4009942E-002, 3.0818131E-002, 3.0818131E-002, 9.8723525E+000
 1.0900000E+003, 2.7924534E-002, 6.2280766E+001, 2.7117147E+001, 3.0512766E+001, 3.5129010E+001, 4.1129165E+001, 4.8650022E+001, 5.3788256E+001, 5.3788256E+001, 5.3788256E+001, 5.3788256E+001, 1.6823431E-002, 1.3939281E-002, 3.0762712E-002, 3.0762712E-002, 9.8404145E+000
 1.1000023E+003, 2.7748240E-002, 6.2421253E+001, 2.7730521E+001, 3.1288113E+001, 3.6074187E+001, 4.2244197E+001, 4.9971109E+001, 5.3871749E+001, 5.3871749E+001, 5.3871749E+001, 5.3871749E+001, 1.6875987E-002, 1.3964821E-002, 3.0840807E-002, 3.0840807E-002, 9.9068382E+000
 1.1100010E+003, 2.7571502E-002, 6.2401155E+001, 2.8072932E+001, 3.1689755E+001, 3.6531166E+001, 4.2750346E+001, 5.0577714E+001, 5.4160896E+001, 5.4160896E+001, 5.4160896E+001, 5.4160896E+001, 1.6815629E-002, 1.4018115E-002, 3.0833744E-002, 3.0833744E-002, 9.8565114E+000
 1.1200027E+003, 2.7391025E-002, 6.2469828E+001, 2.8257609E+001, 3.1868110E+001, 3.6689962E+001, 4.2878928E+001, 5.0607629E+001, 5.4248373E+001, 5.4248373E+001, 5.4248373E+001, 5.4248373E+001, 1.6830782E-002, 1.4006581E-002, 3.0837362E-002, 3.0837362E-002, 9.9227854E+000
 1.1300022E+003, 2.7209723E-002, 6.2501197E+001, 2.7962499E+001, 3.1515458E+001, 3.6326969E+001, 4.2565151E+001, 5.0370581E+001, 5.3623925E+001, 5.3623925E+001, 5.3623925E+001, 5.3623925E+001, 1.6827992E-002, 1.4044921E-002, 3.0872912E-002, 3.0872912E-002, 9.8811142E+000
 1.1400012E+003, 2.7030757E-002, 6.2458306E+001, 2.8134885E+001, 3.1683913E+001, 3.6482679E+001, 4.2689064E+001, 5.0472595E+001, 5.3914889E+001, 5.3914889E+001, 5.3914889E+001, 5.3914889E+001, 1.6850485E-002, 1.4018307E-002, 3.0868792E-002, 3.0868792E-002, 9.9647121E+000
 1.1500024E+003, 2.6853917E-002, 6.2340802E+001, 2.8418772E+001, 3.2001420E+001, 3.6826883E+001, 4.3043457E+001, 5.0832848E+001, 5.4184806E+001, 5.4184806E+001, 5.4184806E+001, 5.4184806E+001, 1.6892224E-002, 1.4042477E-002, 3.0934701E-002, 3.0934701E-002, 9.8943337E+000
 1.1600010E+003, 2.6678440E-002, 6.2272006E+001, 2.9121352E+001, 3.2885523E+001, 3.7897329E+001, 4.4306731E+001, 5.2220470E+001, 5.3922813E+001, 5.3922813E+001, 5.3922813E+001, 5.3922813E+001, 1.6701306E-002, 1.3869835E-002, 3.0571141E-002, 3.0571141E-002, 9.8112209E+000
 1.1700016E+003, 2.6500068E-002, 6.2573058E+001, 2.9306631E+001, 3.3057211E+001, 3.8039581E+001, 4.4404667E+001, 5.2346617E+001, 5.3970352E+001, 5.3970352E+001, 5.3970352E+001, 5.3970352E+001, 1.6877640E-002, 1.4174745E-002, 3.1052385E-002, 3.1052385E-002, 9.9607196E+000
 1.1800020E+003, 2.6319176E-002, 6.2513735E+001, 2.9303544E+001, 3.3034551E+001, 3.8014021E+001, 4.4396362E+001, 5.2451454E+001, 5.4109867E+001, 5.4109867E+001, 5.4109867E+001, 5.4109867E+001, 1.6862192E-002, 1.4143796E-002, 3.1005987E-002, 3.1005987E-002, 9.9861776E+000
 1.1900028E+003, 2.6140508E-002, 6.2275835E+001, 2.9180947E+001, 3.2887005E+001, 3.7876523E+001, 4.4308133E+001, 5.2281791E+001, 5.4089893E+001, 5.4089893E+001, 5.4089893E+001, 5.4089893E+001, 1.6783181E-002, 1.4076944E-002, 3.0860125E-002, 3.0860125E-002, 9.9160000E+000
 1.2000005E+003, 2.5964919E-002, 6.2419582E+001, 2.9363369E+001, 3.3045260E+001, 3.7988557E+001, 4.4337765E+001, 5.2158861E+001, 5.3731883E+001, 5.3731883E+001, 5.3731883E+001, 5.3731883E+001, 1.6842275E-002, 1.4115024E-002, 3.0957299E-002, 3.0957299E-002, 9.9596605E+000
 1.2100012E+003, 2.5787196E-002, 6.2462772E+001, 2.9898877E+001, 3.3702273E+001, 3.8768397E+001, 4.5238087E+001, 5.3131553E+001, 5.4025599E+001, 5.4025599E+001, 5.4025599E+001, 5.4025599E+001, 1.6726618E-002, 1.4055792E-002, 3.0782410E-002, 3.0782410E-002, 9.9212344E+000
 1.2200009E+003, 2.5609829E-002, 6.2308670E+001, 3.0388769E+001, 3.4293735E+001, 3.9459968E+001, 4.6025015E+001, 5.4253875E+001, 5.4253875E+001, 5.4253875E+001, 5.4253875E+001, 5.4253875E+001, 1.6791898E-002, 1.4042573E-002, 3.0834472E-002, 3.0834472E-002, 9.9175368E+000
 1.2300022E+003, 2.5430123E-002, 6.2518539E+001, 3.0573628E+001, 3.4454918E+001, 3.9578143E+001, 4.6090133E+001, 5.4016845E+001, 5.4016845E+001, 5.4016845E+001, 5.4016845E+001, 5.4016845E+001, 1.6746273E-002, 1.4057786E-002, 3.0804060E-002, 3.0804060E-002, 9.9597905E+000
 1.2400011E+003, 2.5249725E-002, 6.2576316E+001, 3.0358638E+001, 3.4206025E+001, 3.9341990E+001, 4.5926313E+001, 5.3823985E+001, 5.3823985E+001, 5.3823985E+001, 5.3823985E+001, 5.3823985E+001, 1.6747026E-002, 1.3922888E-002, 3.0669914E-002, 3.0669914E-002, 9.8999739E+000
 1.2500007E+003, 2.5070698E-002, 6.2338837E+001, 3.0436140E+001, 3.4270063E+001, 3.9398728E+001, 4.5957078E+001, 5.4050735E+001, 5.4050735E+001, 5.4050735E+001, 5.4050735E+001, 5.4050735E+001, 1.6732313E-002, 1.4007137E-002, 3.0739450E-002, 3.0739450E-002, 9.9419648E+000
 1.2600007E+003, 2.4893630E-002, 6.2365687E+001, 3.0629887E+001, 3.4452597E+001, 3.9554538E+001, 4.6062190E+001, 5.4162246E+001, 5.4162246E+001, 5.4162246E+001, 5.4162246E+001, 5.4162246E+001, 1.6759460E-002, 1.4095161E-002, 3.0854621E-002, 3.0854621E-002, 9.8908486E+000
 1.2700007E+003, 2.4715305E-002, 6.2396024E+001, 3.1454349E+001, 3.5479034E+001, 4.0781195E+001, 4.7501874E+001, 5.3829062E+001, 5.3829062E+001, 5.3829062E+001, 5.3829062E+001, 5.3829062E+001, 1.6689017E-002, 1.3989772E-002, 3.0678789E-002, 3.0678789E-002, 9.9258182E+000
 1.2800015E+003, 2.4538528E-002, 6.2501491E+001, 3.1675122E+001, 3.5696045E+001, 4.0982146E+001, 4.7685403E+001, 5.4103251E+001, 5.4103251E+001, 5.4103251E+001, 5.4103251E+001, 5.4103251E+001, 1.6808560E-002, 1.4130330E-002, 3.0938890E-002, 3.0938890E-002, 9.9527094E+000
 1.2900022E+003, 2.4361016E-002, 6.2261921E+001, 3.1781493E+001, 3.5787281E+001, 4.1061984E+001, 4.7747563E+001, 5.4339577E+001, 5.4339577E+001, 5.4339577E+001, 5.4339577E+001, 5.4339577E+001, 1.6727384E-002, 1.3880526E-002, 3.0607911E-002, 3.0607911E-002, 9.9358483E+000
 1.3000018E+003, 2.4182849E-002, 6.2520082E+001, 3.1526318E+001, 3.5499875E+001, 4.0797043E+001, 4.7564630E+001, 5.3819062E+001, 5.3819062E+001, 5.3819062E+001, 5.3819062E+001, 5.3819062E+001, 1.6801247E-002, 1.4097216E-002, 3.0898463E-002, 3.0898463E-002, 9.9346781E+000
 1.3100010E+003, 2.4002803E-002, 6.2429907E+001, 3.1718211E+001, 3.5669367E+001, 4.0924069E+001, 4.7608020E+001, 5.3847656E+001, 5.3847656E+001, 5.3847656E+001, 5.3847656E+001, 5.3847656E+001, 1.6852939E-002, 1.4007268E-002, 3.0860207E-002, 3.0860207E-002, 1.0000757E+001
 1.3200016E+003, 2.3824401E-002, 6.2497432E+001, 3.2167330E+001, 3.6195198E+001, 4.1517154E+001, 4.8259197E+001, 5.4133288E+001, 5.4133288E+001, 5.4133288E+001, 5.4133288E+001, 5.4133288E+001, 1.6768140E-002, 1.4014301E-002, 3.0782440E-002, 3.0782440E-002, 9.9713630E+000
 1.3300001E+003, 2.3646848E-002, 6.2258191E+001, 3.2801859E+001, 3.6968798E+001, 4.2427524E+001, 4.9289419E+001, 5.4246152E+001, 5.4246152E+001, 5.4246152E+001, 5.4246152E+001, 5.4246152E+001, 1.6829952E-002, 1.4165861E-002, 3.0995813E-002, 3.0995813E-002, 9.9480014E+000
 1.3400001E+003, 2.3471210E-002, 6.2291199E+001, 3.2986075E+001, 3.7113323E+001, 4.2508581E+001, 4.9332619E+001, 5.3955778E+001, 5.3955778E+001, 5.3955778E+001, 5.3955778E+001, 5.3955778E+001, 1.6660188E-002, 1.3889770E-002, 3.0549957E-002, 3.0549957E-002, 9.9439487E+000
 1.3500021E+003, 2.3297868E-002, 6.2261771E+001, 3.2887610E+001, 3.7001995E+001, 4.2426443E+001, 4.9341363E+001, 5.4054071E+001, 5.4054071E+001, 5.4054071E+001, 5.4054071E+001, 5.4054071E+001, 1.6806285E-002, 1.4044701E-002, 3.0850986E-002, 3.0850986E-002, 9.9468984E+000
 1.3600023E+003, 2.3121757E-002, 6.2431700E+001, 3.2839338E+001, 3.6942501E+001, 4.2387396E+001, 4.9259014E+001, 5.4172693E+001, 5.4172693E+001, 5.4172693E+001, 5.4172693E+001, 5.4172693E+001, 1.6851000E-002, 1.4122277E-002, 3.0973277E-002, 3.0973277E-002, 1.0011750E+001
 1.3700016E+003, 2.2943775E-002, 6.2328501E+001, 3.3030336E+001, 3.7099789E+001, 4.2480086E+001, 4.9253474E+001, 5.3826901E+001, 5.3826901E+001, 5.3826901E+001, 5.3826901E+001, 5.3826901E+001, 1.6809673E-002, 1.4186014E-002, 3.0995687E-002, 3.0995687E-002, 1.0007651E+001
 1.3800008E+003, 2.2766115E-002, 6.2333256E+001, 3.3726670E+001, 3.7946699E+001, 4.3467558E+001, 5.0410967E+001, 5.3987201E+001, 5.3987201E+001, 5.3987201E+001, 5.3987201E+001, 5.3987201E+001, 1.6785961E-002, 1.4037701E-002, 3.0823662E-002, 3.0823662E-002, 1.0011627E+001
 1.3900023E+003, 2.2591518E-002, 6.2412745E+001, 3.4138052E+001, 3.8412311E+001, 4.3978651E+001, 5.1020817E+001, 5.4282353E+001, 5.4282353E+001, 5.4282353E+001, 5.4282353E+001, 5.4282353E+001, 1.6818882E-002, 1.4123789E-002, 3.0942672E-002, 3.0942672E-002, 1.0006406E+001
 1.4000027E+003, 2.2412399E-002, 6.2368681E+001, 3.4332982E+001, 3.8578915E+001, 4.4105836E+001, 5.1037362E+001, 5.4281014E+001, 5.4281014E+001, 5.4281014E+001, 5.4281014E+001, 5.4281014E+001, 1.6897703E-002, 1.4123710E-002, 3.1021413E-002, 3.1021413E-002, 1.0104447E+001
 1.4100015E+003, 2.2234947E-002, 6.2199683E+001, 3.4011161E+001, 3.8234100E+001, 4.3809510E+001, 5.0840678E+001, 5.3759975E+001, 5.3759975E+001, 5.3759975E+001, 5.3759975E+001, 5.3759975E+001, 1.6676014E-002, 1.3982205E-002, 3.0658219E-002, 3.0658219E-002, 9.9065440E+000
 1.4200031E+003, 2.2066519E-002, 6.2179121E+001, 3.4169685E+001, 3.8380588E+001, 4.3931836E+001, 5.0960303E+001, 5.4112434E+001, 5.4112434E+001, 5.4112434E+001, 5.4112434E+001, 5.4112434E+001, 1.6689306E-002, 1.4063468E-002, 3.0752775E-002, 3.0752775E-002, 9.9740889E+000
 1.4300003E+003, 2.1893894E-002, 6.2197499E+001, 3.4372466E+001, 3.8565074E+001, 4.4078459E+001, 5.0983153E+001, 5.4265039E+001, 5.4265039E+001, 5.4265039E+001, 5.4265039E+001, 5.4265039E+001, 1.6834118E-002, 1.4167348E-002, 3.1001466E-002, 3.1001466E-002, 1.0005432E+001
 1.4400021E+003, 2.1717125E-002, 6.2400827E+001, 3.5288695E+001, 3.9682120E+001, 4.5385639E+001, 5.2442494E+001, 5.3881609E+001, 5.3881609E+001, 5.3881609E+001, 5.3881609E+001, 5.3881609E+001, 1.6755707E-002, 1.4081921E-002, 3.0837628E-002, 3.0837628E-002, 1.0057774E+001
 1.4500014E+003, 2.1542117E-002, 6.2340824E+001, 3.5493290E+001, 3.9863950E+001, 4.5529290E+001, 5.2679784E+001, 5.4146391E+001, 5.4146391E+001, 5.4146391E+001, 5.4146391E+001, 5.4146391E+001, 1.6777462E-002, 1.4150679E-002, 3.0928141E-002, 3.0928141E-002, 1.0041393E+001
 1.4600027E+003, 2.1365613E-002, 6.2365092E+001, 3.5583151E+001, 3.9935563E+001, 4.5592019E+001, 5.2819146E+001, 5.4392164E+001, 5.4392164E+001, 5.4392164E+001, 5.4392164E+001, 5.4392164E+001, 1.6772546E-002, 1.4013540E-002, 3.0786085E-002, 3.0786085E-002, 1.0046196E+001
 1.4700028E+003, 2.1187977E-002, 6.2303144E+001, 3.5322994E+001, 3.9666165E+001, 4.5382669E+001, 5.2399002E+001, 5.3882794E+001, 5.3882794E+001, 5.3882794E+001, 5.3882794E+001, 5.3882794E+001, 1.6670994E-002, 1.4113436E-002, 3.0784430E-002, 3.0784430E-002, 9.9571851E+000
 1.4800007E+003, 2.1015164E-002, 6.2281460E+001, 3.5519884E+001, 3.9828694E+001, 4.5471474E+001, 5.2510903E+001, 5.3927768E+001, 5.3927768E+001, 5.3927768E+001, 5.3927768E+001, 5.3927768E+001, 1.6827324E-002, 1.4175099E-002, 3.1002423E-002, 3.1002423E-002, 1.0058473E+001
 1.4900030E+003, 2.0837576E-002, 6.2511039E+001, 3.5974353E+001, 4.0342424E+001, 4.6024594E+001, 5.3052085E+001, 5.4196673E+001, 5.4196673E+001, 5.4196673E+001, 5.4196673E+001, 5.4196673E+001, 1.6839582E-002, 1.4222975E-002, 3.1062557E-002, 3.1062557E-002, 1.0113830E+001
 1.5000007E+003, 2.0660502E-002, 6.2102518E+001, 3.6676364E+001, 4.1179659E+001, 4.6990603E+001, 5.4267827E+001, 5.4267827E+001, 5.4267827E+001, 5.4267827E+001, 5.4267827E+001, 5.4267827E+001, 1.6855611E-002, 1.4359135E-002, 3.1214746E-002, 3.1214746E-002, 1.0096159E+001
 1.5100002E+003, 2.0487380E-002, 6.2326188E+001, 3.6862338E+001, 4.1312620E+001, 4.7061326E+001, 5.4035782E+001, 5.4035782E+001, 5.4035782E+001, 5.4035782E+001, 5.4035782E+001, 5.4035782E+001, 1.6852700E-002, 1.4194610E-002, 3.1047310E-002, 3.1047310E-002, 1.0146074E+001
 1.5200001E+003, 2.0314185E-002, 6.2292306E+001, 3.6778704E+001, 4.1228924E+001, 4.7022270E+001, 5.4183591E+001, 5.4183591E+001, 5.4183591E+001, 5.4183591E+001, 5.4183591E+001, 5.4183591E+001, 1.6854625E-002, 1.4171216E-002, 3.1025841E-002, 3.1025841E-002, 1.0106947E+001
 1.5300018E+003, 2.0140041E-002, 6.2218436E+001, 3.6697721E+001, 4.1152958E+001, 4.6977420E+001, 5.4254948E+001, 5.4254948E+001, 5.4254948E+001, 5.4254948E+001, 5.4254948E+001, 5.4254948E+001, 1.6784830E-002, 1.4110013E-002, 3.0894843E-002, 3.0894843E-002, 1.0047709E+001
 1.5400010E+003, 1.9964389E-002, 6.2316208E+001, 3.6887540E+001, 4.1286359E+001, 4.7008778E+001, 5.3819088E+001, 5.3819088E+001, 5.3819088E+001, 5.3819088E+001, 5.3819088E+001, 5.3819088E+001, 1.6832844E-002, 1.4173181E-002, 3.1006026E-002, 3.1006026E-002, 1.0105588E+001
 1.5500003E+003, 1.9790001E-002, 6.2272385E+001, 3.7563071E+001, 4.2083000E+001, 4.7917265E+001, 5.4092175E+001, 5.4092175E+001, 5.4092175E+001, 5.4092175E+001, 5.4092175E+001, 5.4092175E+001, 1.6982861E-002, 1.4210853E-002, 3.1193714E-002, 3.1193714E-002, 1.0162808E+001
 1.5600031E+003, 1.9619004E-002, 6.2177431E+001, 3.8064664E+001, 4.2652029E+001, 4.8537155E+001, 5.4402526E+001, 5.4402526E+001, 5.4402526E+001, 5.4402526E+001, 5.4402526E+001, 5.4402526E+001, 1.6844542E-002, 1.4221910E-002, 3.1066452E-002, 3.1066452E-002, 1.0127401E+001
 1.5700010E+003, 1.9443803E-002, 6.2077872E+001, 3.8252774E+001, 4.2788688E+001, 4.8621261E+001, 5.4181586E+001, 5.4181586E+001, 5.4181586E+001, 5.4181586E+001, 5.4181586E+001, 5.4181586E+001, 1.6867841E-002, 1.4050405E-002, 3.0918246E-002, 3.0918246E-002, 1.0101391E+001
 1.5800010E+003, 1.9275004E-002, 6.2073611E+001, 3.8018614E+001, 4.2566054E+001, 4.8495296E+001, 5.3988616E+001, 5.3988616E+001, 5.3988616E+001, 5.3988616E+001, 5.3988616E+001, 5.3988616E+001, 1.6824537E-002, 1.4112033E-002, 3.0936569E-002, 3.0936569E-002, 1.0059615E+001
 1.5900011E+003, 1.9105867E-002, 6.2190271E+001, 3.8079320E+001, 4.2623051E+001, 4.8504134E+001, 5.4210383E+001, 5.4210383E+001, 5.4210383E+001, 5.4210383E+001, 5.4210383E+001, 5.4210383E+001, 1.6895797E-002, 1.4299190E-002, 3.1194988E-002, 3.1194988E-002, 1.0164383E+001
 1.6000027E+003, 1.8934024E-002, 6.1888673E+001, 3.8276114E+001, 4.2769596E+001, 4.8559945E+001, 5.4074435E+001, 5.4074435E+001, 5.4074435E+001, 5.4074435E+001, 5.4074435E+001, 5.4074435E+001, 1.6711657E-002, 1.4113898E-002, 3.0825555E-002, 3.0825555E-002, 1.0071746E+001
 1.6100033E+003, 1.8768635E-002, 6.2126572E+001, 3.9068986E+001, 4.3699910E+001, 4.9649132E+001, 5.4073535E+001, 5.4073535E+001, 5.4073535E+001, 5.4073535E+001, 5.4073535E+001, 5.4073535E+001, 1.6853229E-002, 1.4273218E-002, 3.1126447E-002, 3.1126447E-002, 1.0125440E+001
 1.6200011E+003, 1.8603212E-002, 6.1819567E+001, 3.9463456E+001, 4.4126325E+001, 5.0095778E+001, 5.4382656E+001, 5.4382656E+001, 5.4382656E+001, 5.4382656E+001, 5.4382656E+001, 5.4382656E+001, 1.6788437E-002, 1.4120539E-002, 3.0908976E-002, 3.0908976E-002, 1.0082714E+001
 1.6300010E+003, 1.8434674E-002, 6.1955975E+001, 3.9653601E+001, 4.4268154E+001, 5.0143758E+001, 5.4309432E+001, 5.4309432E+001, 5.4309432E+001, 5.4309432E+001, 5.4309432E+001, 5.4309432E+001, 1.6941473E-002, 1.4215357E-002, 3.1156830E-002, 3.1156830E-002, 1.0164544E+001
 1.6400031E+003, 1.8265415E-002, 6.2040138E+001, 3.9369526E+001, 4.4005118E+001, 5.0006703E+001, 5.3919087E+001, 5.3919087E+001, 5.3919087E+001, 5.3919087E+001, 5.3919087E+001, 5.3919087E+001, 1.6941129E-002, 1.4292989E-002, 3.1234118E-002, 3.1234118E-002, 1.0189827E+001
 1.6500005E+003, 1.8100570E-002, 6.1915354E+001, 3.9473377E+001, 4.4096937E+001, 5.0025663E+001, 5.4255049E+001, 5.4255049E+001, 5.4255049E+001, 5.4255049E+001, 5.4255049E+001, 5.4255049E+001, 1.6926091E-002, 1.4243264E-002, 3.1169356E-002, 3.1169356E-002, 1.0218789E+001
 1.6600001E+003, 1.7932985E-002, 6.1957531E+001, 3.9669301E+001, 4.4236492E+001, 5.0058153E+001, 5.4126816E+001, 5.4126816E+001, 5.4126816E+001, 5.4126816E+001, 5.4126816E+001, 5.4126816E+001, 1.6974191E-002, 1.4365531E-002, 3.1339722E-002, 3.1339722E-002, 1.0238385E+001
 1.6700004E+003, 1.7764938E-002, 6.2082337E+001, 4.0497860E+001, 4.5198489E+001, 5.1179125E+001, 5.4086382E+001, 5.4086382E+001, 5.4086382E+001, 5.4086382E+001, 5.4086382E+001, 5.4086382E+001, 1.6843922E-002, 1.4274910E-002, 3.1118832E-002, 3.1118832E-002, 1.0189360E+001
 1.6800010E+003, 1.7598608E-002, 6.1989556E+001, 4.0860212E+001, 4.5574401E+001, 5.1621595E+001, 5.4418446E+001, 5.4418446E+001, 5.4418446E+001, 5.4418446E+001, 5.4418446E+001, 5.4418446E+001, 1.6826464E-002, 1.4184408E-002, 3.1010872E-002, 3.1010872E-002, 1.0145341E+001
 1.6900006E+003, 1.7432760E-002, 6.1737859E+001, 4.1049057E+001, 4.5718697E+001, 5.1630537E+001, 5.4398875E+001, 5.4398875E+001, 5.4398875E+001, 5.4398875E+001, 5.4398875E+001, 5.4398875E+001, 1.6740105E-002, 1.4094540E-002, 3.0834645E-002, 3.0834645E-002, 1.0098816E+001
 1.7000019E+003, 1.7266219E-002, 6.2088879E+001, 4.0753748E+001, 4.5460647E+001, 5.1501547E+001, 5.3963717E+001, 5.3963717E+001, 5.3963717E+001, 5.3963717E+001, 5.3963717E+001, 5.3963717E+001, 1.7073814E-002, 1.4410882E-002, 3.1484696E-002, 3.1484696E-002, 1.0302515E+001
 1.7100024E+003, 1.7102333E-002, 6.1835313E+001, 4.0865276E+001, 4.5555332E+001, 5.1547516E+001, 5.4288487E+001, 5.4288487E+001, 5.4288487E+001, 5.4288487E+001, 5.4288487E+001, 5.4288487E+001, 1.6910449E-002, 1.4345765E-002, 3.1256214E-002, 3.1256214E-002, 1.0257102E+001
 1.7200018E+003, 1.6937887E-002, 6.1792513E+001, 4.1057398E+001, 4.5682464E+001, 5.1496056E+001, 5.4154587E+001, 5.4154587E+001, 5.4154587E+001, 5.4154587E+001, 5.4154587E+001, 5.4154587E+001, 1.6934153E-002, 1.4370674E-002, 3.1304827E-002, 3.1304827E-002, 1.0246740E+001
 1.7300025E+003, 1.6773390E-002, 6.1889777E+001, 4.1865861E+001, 4.6607936E+001, 5.2546718E+001, 5.4117953E+001, 5.4117953E+001, 5.4117953E+001, 5.4117953E+001, 5.4117953E+001, 5.4117953E+001, 1.6763874E-002, 1.4198845E-002, 3.0962720E-002, 3.0962720E-002, 1.0120702E+001
 1.7400029E+003, 1.6610307E-002, 6.1914662E+001, 4.2253434E+001, 4.7009076E+001, 5.3134893E+001, 5.4460440E+001, 5.4460440E+001, 5.4460440E+001, 5.4460440E+001, 5.4460440E+001, 5.4460440E+001, 1.7083911E-002, 1.4412224E-002, 3.1496135E-002, 3.1496135E-002, 1.0298713E+001
 1.7500020E+003, 1.6446207E-002, 6.1682237E+001, 4.2432765E+001, 4.7135276E+001, 5.3042590E+001, 5.4371207E+001, 5.4371207E+001, 5.4371207E+001, 5.4371207E+001, 5.4371207E+001, 5.4371207E+001, 1.6936828E-002, 1.4316491E-002, 3.1253319E-002, 3.1253319E-002, 1.0258187E+001
 1.7600011E+003, 1.6283193E-002, 6.1927652E+001, 4.2185087E+001, 4.6938379E+001, 5.2940890E+001, 5.4057043E+001, 5.4057043E+001, 5.4057043E+001, 5.4057043E+001, 5.4057043E+001, 5.4057043E+001, 1.7056926E-002, 1.4269780E-002, 3.1326706E-002, 3.1326706E-002, 1.0317548E+001
 1.7700030E+003, 1.6120777E-002, 6.1742651E+001, 4.2250910E+001, 4.6990657E+001, 5.3031616E+001, 5.4359148E+001, 5.4359148E+001, 5.4359148E+001, 5.4359148E+001, 5.4359148E+001, 5.4359148E+001, 1.7007383E-002, 1.4282219E-002, 3.1289602E-002, 3.1289602E-002, 1.0283918E+001
 1.7800011E+003, 1.5957498E-002, 6.1722123E+001, 4.2431578E+001, 4.7086588E+001, 5.2836377E+001, 5.4062720E+001, 5.4062720E+001, 5.4062720E+001, 5.4062720E+001, 5.4062720E+001, 5.4062720E+001, 1.6997623E-002, 1.4397034E-002, 3.1394658E-002, 3.1394658E-002, 1.0273412E+001
 1.7900020E+003, 1.5797508E-002, 6.1889461E+001, 4.3141775E+001, 4.7885774E+001, 5.3709270E+001, 5.4247575E+001, 5.4247575E+001, 5.4247575E+001, 5.4247575E+001, 5.4247575E+001, 5.4247575E+001, 1.7059711E-002, 1.4421418E-002, 3.1481129E-002, 3.1481129E-002, 1.0305037E+001
 1.8000014E+003, 1.5634806E-002, 6.1771958E+001, 4.3629511E+001, 4.8412678E+001, 5.4592456E+001, 5.4592456E+001, 5.4592456E+001, 5.4592456E+001, 5.4592456E+001, 5.4592456E+001, 5.4592456E+001, 1.7202198E-002, 1.4596115E-002, 3.1798313E-002, 3.1798313E-002, 1.0439603E+001
 1.8100019E+003, 1.5470074E-002, 6.1808500E+001, 4.3792488E+001, 4.8512959E+001, 5.4246795E+001, 5.4246795E+001, 5.4246795E+001, 5.4246795E+001, 5.4246795E+001, 5.4246795E+001, 5.4246795E+001, 1.7086639E-002, 1.4504639E-002, 3.1591278E-002, 3.1591278E-002, 1.0398531E+001
 1.8200011E+003, 1.5308165E-002, 6.1834900E+001, 4.3629250E+001, 4.8404027E+001, 5.4218394E+001, 5.4218394E+001, 5.4218394E+001, 5.4218394E+001, 5.4218394E+001, 5.4218394E+001, 5.4218394E+001, 1.7071377E-002, 1.4496365E-002, 3.1567742E-002, 3.1567742E-002, 1.0394748E+001
 1.8300025E+003, 1.5148462E-002, 6.1558472E+001, 4.3620851E+001, 4.8395380E+001, 5.4449714E+001, 5.4449714E+001, 5.4449714E+001, 5.4449714E+001, 5.4449714E+001, 5.4449714E+001, 5.4449714E+001, 1.7011312E-002, 1.4603535E-002, 3.1614847E-002, 3.1614847E-002, 1.0307435E+001
 1.8400006E+003, 1.4988027E-002, 6.1876839E+001, 4.3783518E+001, 4.8450363E+001, 5.3998175E+001, 5.3998175E+001, 5.3998175E+001, 5.3998175E+001, 5.3998175E+001, 5.3998175E+001, 5.3998175E+001, 1.7182835E-002, 1.4852046E-002, 3.2034881E-002, 3.2034881E-002, 1.0518501E+001
 1.8500004E+003, 1.4828734E-002, 6.1761465E+001, 4.4352050E+001, 4.9079440E+001, 5.4425777E+001, 5.4425777E+001, 5.4425777E+001, 5.4425777E+001, 5.4425777E+001, 5.4425777E+001, 5.4425777E+001, 1.7306187E-002, 1.5077242E-002, 3.2383429E-002, 3.2383429E-002, 1.0615007E+001
 1.8600014E+003, 1.4668320E-002, 6.1655441E+001, 4.4978316E+001, 4.9774617E+001, 5.4559442E+001, 5.4559442E+001, 5.4559442E+001, 5.4559442E+001, 5.4559442E+001, 5.4559442E+001, 5.4559442E+001, 1.7280632E-002, 1.5023008E-002, 3.2303639E-002, 3.2303639E-002, 1.0626201E+001
 1.8700025E+003, 1.4508606E-002, 6.1812318E+001, 4.5131400E+001, 4.9869388E+001, 5.4306589E+001, 5.4306589E+001, 5.4306589E+001, 5.4306589E+001, 5.4306589E+001, 5.4306589E+001, 5.4306589E+001, 1.7422614E-002, 1.4913043E-002, 3.2335657E-002, 3.2335657E-002, 1.0626312E+001
 1.8800020E+003, 1.4349860E-002, 6.1705643E+001, 4.5109458E+001, 4.9880542E+001, 5.4531107E+001, 5.4531107E+001, 5.4531107E+001, 5.4531107E+001, 5.4531107E+001, 5.4531107E+001, 5.4531107E+001, 1.7442250E-002, 1.5010307E-002, 3.2452557E-002, 3.2452557E-002, 1.0686250E+001
 1.8900020E+003, 1.4191484E-002, 6.1577715E+001, 4.4961274E+001, 4.9747979E+001, 5.4229824E+001, 5.4229824E+001, 5.4229824E+001, 5.4229824E+001, 5.4229824E+001, 5.4229824E+001, 5.4229824E+001, 1.7400885E-002, 1.5097520E-002, 3.2498406E-002, 3.2498406E-002, 1.0665771E+001
 1.9000017E+003, 1.4037195E-002, 6.1525507E+001, 4.5126849E+001, 4.9814727E+001, 5.4159210E+001, 5.4159210E+001, 5.4159210E+001, 5.4159210E+001, 5.4159210E+001, 5.4159210E+001, 5.4159210E+001, 1.7310529E-002, 1.5040175E-002, 3.2350703E-002, 3.2350703E-002, 1.0661322E+001
 1.9100007E+003, 1.3884774E-002, 6.1399211E+001, 4.5400602E+001, 5.0042600E+001, 5.4603170E+001, 5.4603170E+001, 5.4603170E+001, 5.4603170E+001, 5.4603170E+001, 5.4603170E+001, 5.4603170E+001, 1.7370699E-002, 1.5078821E-002, 3.2449520E-002, 3.2449520E-002, 1.0721552E+001
 1.9200022E+003, 1.3726806E-002, 6.1725733E+001, 4.6283701E+001, 5.1038693E+001, 5.4233181E+001, 5.4233181E+001, 5.4233181E+001, 5.4233181E+001, 5.4233181E+001, 5.4233181E+001, 5.4233181E+001, 1.7622037E-002, 1.5307134E-002, 3.2929171E-002, 3.2929171E-002, 1.0851988E+001
 1.9300028E+003, 1.3572047E-002, 6.1565308E+001, 4.6450301E+001, 5.1202214E+001, 5.4560229E+001, 5.4560229E+001, 5.4560229E+001, 5.4560229E+001, 5.4560229E+001, 5.4560229E+001, 5.4560229E+001, 1.7322921E-002, 1.5004452E-002, 3.2327374E-002, 3.2327374E-002, 1.0661422E+001
 1.9400010E+003, 1.3417373E-002, 6.1465393E+001, 4.6630169E+001, 5.1300077E+001, 5.4780932E+001, 5.4780932E+001, 5.4780932E+001, 5.4780932E+001, 5.4780932E+001, 5.4780932E+001, 5.4780932E+001, 1.7487965E-002, 1.5209054E-002, 3.2697019E-002, 3.2697019E-002, 1.0747632E+001
 1.9500013E+003, 1.3259235E-002, 6.1688146E+001, 4.6269573E+001, 5.1045901E+001, 5.3980566E+001, 5.3980566E+001, 5.3980566E+001, 5.3980566E+001, 5.3980566E+001, 5.3980566E+001, 5.3980566E+001, 1.7564885E-002, 1.4991237E-002, 3.2556122E-002, 3.2556122E-002, 1.0849780E+001
 1.9600000E+003, 1.3106498E-002, 6.1510404E+001, 4.6437605E+001, 5.1102762E+001, 5.4399480E+001, 5.4399480E+001, 5.4399480E+001, 5.4399480E+001, 5.4399480E+001, 5.4399480E+001, 5.4399480E+001, 1.7638750E-002, 1.5171407E-002, 3.2810157E-002, 3.2810157E-002, 1.0825725E+001
 1.9700029E+003, 1.2949773E-002, 6.1473632E+001, 4.6586548E+001, 5.1128035E+001, 5.4305847E+001, 5.4305847E+001, 5.4305847E+001, 5.4305847E+001, 5.4305847E+001, 5.4305847E+001, 5.4305847E+001, 1.7580610E-002, 1.5244951E-002, 3.2825561E-002, 3.2825561E-002, 1.0825357E+001
 1.9800010E+003, 1.2795382E-002, 6.1557515E+001, 4.7309081E+001, 5.1981498E+001, 5.4376719E+001, 5.4376719E+001, 5.4376719E+001, 5.4376719E+001, 5.4376719E+001, 5.4376719E+001, 5.4376719E+001, 1.7473951E-002, 1.5084238E-002, 3.2558189E-002, 3.2558189E-002, 1.0806965E+001
 1.9900000E+003, 1.2644023E-002, 6.1392175E+001, 4.7716532E+001, 5.2426069E+001, 5.4756587E+001, 5.4756587E+001, 5.4756587E+001, 5.4756587E+001, 5.4756587E+001, 5.4756587E+001, 5.4756587E+001, 1.7574202E-002, 1.5138708E-002, 3.2712910E-002, 3.2712910E-002, 1.0797808E+001
 2.0000028E+003, 1.2488825E-002, 6.1524337E+001, 4.7849040E+001, 5.2432708E+001, 5.4398720E+001, 5.4398720E+001, 5.4398720E+001, 5.4398720E+001, 5.4398720E+001, 5.4398720E+001, 5.4398720E+001, 1.7539345E-002, 1.5135179E-002, 3.2674524E-002, 3.2674524E-002, 1.0880365E+001
 2.0100016E+003, 1.2334611E-002, 6.1637971E+001, 4.7757855E+001, 5.2498529E+001, 5.4488485E+001, 5.4488485E+001, 5.4488485E+001, 5.4488485E+001, 5.4488485E+001, 5.4488485E+001, 5.4488485E+001, 1.7546539E-002, 1.5156517E-002, 3.2703056E-002, 3.2703056E-002, 1.0819925E+001
 2.0200019E+003, 1.2179776E-002, 6.1446875E+001, 4.7691804E+001, 5.2254384E+001, 5.4376206E+001, 5.4376206E+001, 5.4376206E+001, 5.4376206E+001, 5.4376206E+001, 5.4376206E+001, 5.4376206E+001, 1.7513322E-002, 1.5100645E-002, 3.2613967E-002, 3.2613967E-002, 1.0813042E+001
 2.0300001E+003, 1.2026318E-002, 6.1399459E+001, 4.7808099E+001, 5.2291644E+001, 5.4117408E+001, 5.4117408E+001, 5.4117408E+001, 5.4117408E+001, 5.4117408E+001, 5.4117408E+001, 5.4117408E+001, 1.7591255E-002, 1.4914528E-002, 3.2505783E-002, 3.2505783E-002, 1.0807498E+001
 2.0400018E+003, 1.1871114E-002, 6.1725676E+001, 4.8150096E+001, 5.2694261E+001, 5.4628919E+001, 5.4628919E+001, 5.4628919E+001, 5.4628919E+001, 5.4628919E+001, 5.4628919E+001, 5.4628919E+001, 1.7502651E-002, 1.5046746E-002, 3.2549397E-002, 3.2549397E-002, 1.0809560E+001
 2.0500002E+003, 1.1712458E-002, 6.1634515E+001, 4.8891547E+001, 5.3432419E+001, 5.4444805E+001, 5.4444805E+001, 5.4444805E+001, 5.4444805E+001, 5.4444805E+001, 5.4444805E+001, 5.4444805E+001, 1.7558501E-002, 1.5232678E-002, 3.2791179E-002, 3.2791179E-002, 1.0902465E+001
 2.0600004E+003, 1.1559925E-002, 6.1416231E+001, 4.9030319E+001, 5.3626953E+001, 5.4548273E+001, 5.4548273E+001, 5.4548273E+001, 5.4548273E+001, 5.4548273E+001, 5.4548273E+001, 5.4548273E+001, 1.7603233E-002, 1.5162746E-002, 3.2765979E-002, 3.2765979E-002, 1.0883473E+001
 2.0700011E+003, 1.1404887E-002, 6.1749927E+001, 4.9144570E+001, 5.3839186E+001, 5.4932878E+001, 5.4932878E+001, 5.4932878E+001, 5.4932878E+001, 5.4932878E+001, 5.4932878E+001, 5.4932878E+001, 1.7551697E-002, 1.5332700E-002, 3.2884397E-002, 3.2884397E-002, 1.0929047E+001
 2.0800004E+003, 1.1242609E-002, 6.1855377E+001, 4.8869743E+001, 5.3272123E+001, 5.4061549E+001, 5.4061549E+001, 5.4061549E+001, 5.4061549E+001, 5.4061549E+001, 5.4061549E+001, 5.4061549E+001, 1.7521710E-002, 1.5258807E-002, 3.2780517E-002, 3.2780517E-002, 1.0936349E+001
 2.0900012E+003, 1.1086677E-002, 6.1536587E+001, 4.8993211E+001, 5.3482917E+001, 5.4379810E+001, 5.4379810E+001, 5.4379810E+001, 5.4379810E+001, 5.4379810E+001, 5.4379810E+001, 5.4379810E+001, 1.7527075E-002, 1.5040173E-002, 3.2567247E-002, 3.2567247E-002, 1.0840045E+001
 2.1000023E+003, 1.0931545E-002, 6.1376741E+001, 4.9116905E+001, 5.3476622E+001, 5.4511395E+001, 5.4511395E+001, 5.4511395E+001, 5.4511395E+001, 5.4511395E+001, 5.4511395E+001, 5.4511395E+001, 1.7481337E-002, 1.5097111E-002, 3.2578448E-002, 3.2578448E-002, 1.0901643E+001
 2.1100005E+003, 1.0777620E-002, 6.1563813E+001, 4.9895381E+001, 5.4174602E+001, 5.4360346E+001, 5.4360346E+001, 5.4360346E+001, 5.4360346E+001, 5.4360346E+001, 5.4360346E+001, 5.4360346E+001, 1.7686330E-002, 1.5235042E-002, 3.2921372E-002, 3.2921372E-002, 1.0942346E+001
 2.1200007E+003, 1.0626161E-002, 6.1399862E+001, 5.0151877E+001, 5.4780429E+001, 5.4780429E+001, 5.4780429E+001, 5.4780429E+001, 5.4780429E+001, 5.4780429E+001, 5.4780429E+001, 5.4780429E+001, 1.7683595E-002, 1.5431915E-002, 3.3115509E-002, 3.3115509E-002, 1.1015149E+001
 2.1300018E+003, 1.0474025E-002, 6.1283702E+001, 5.0284621E+001, 5.4557207E+001, 5.4557207E+001, 5.4557207E+001, 5.4557207E+001, 5.4557207E+001, 5.4557207E+001, 5.4557207E+001, 5.4557207E+001, 1.7566202E-002, 1.5274056E-002, 3.2840258E-002, 3.2840258E-002, 1.0930677E+001
 2.1400022E+003, 1.0324794E-002, 6.1380841E+001, 5.0159076E+001, 5.4365851E+001, 5.4365851E+001, 5.4365851E+001, 5.4365851E+001, 5.4365851E+001, 5.4365851E+001, 5.4365851E+001, 5.4365851E+001, 1.7609115E-002, 1.5216794E-002, 3.2825909E-002, 3.2825909E-002, 1.0937854E+001
 2.1500008E+003, 1.0171257E-002, 6.1333852E+001, 5.0107331E+001, 5.4476929E+001, 5.4476929E+001, 5.4476929E+001, 5.4476929E+001, 5.4476929E+001, 5.4476929E+001, 5.4476929E+001, 5.4476929E+001, 1.7640538E-002, 1.5308730E-002, 3.2949268E-002, 3.2949268E-002, 1.0989344E+001
 2.1600005E+003, 1.0020818E-002, 6.1184078E+001, 5.0175765E+001, 5.4075443E+001, 5.4075443E+001, 5.4075443E+001, 5.4075443E+001, 5.4075443E+001, 5.4075443E+001, 5.4075443E+001, 5.4075443E+001, 1.7556723E-002, 1.5128424E-002, 3.2685147E-002, 3.2685147E-002, 1.0927490E+001
 2.1700019E+003, 9.8707024E-003, 6.1527631E+001, 5.0485542E+001, 5.4648255E+001, 5.4648255E+001, 5.4648255E+001, 5.4648255E+001, 5.4648255E+001, 5.4648255E+001, 5.4648255E+001, 5.4648255E+001, 1.7715245E-002, 1.5359790E-002, 3.3075035E-002, 3.3075035E-002, 1.1068513E+001
 2.1800004E+003, 9.7175468E-003, 6.1279571E+001, 5.1156430E+001, 5.4445290E+001, 5.4445290E+001, 5.4445290E+001, 5.4445290E+001, 5.4445290E+001, 5.4445290E+001, 5.4445290E+001, 5.4445290E+001, 1.7620515E-002, 1.5279860E-002, 3.2900375E-002, 3.2900375E-002, 1.0983630E+001
 2.1900006E+003, 9.5655869E-003, 6.1591166E+001, 5.1298861E+001, 5.4679088E+001, 5.4679088E+001, 5.4679088E+001, 5.4679088E+001, 5.4679088E+001, 5.4679088E+001, 5.4679088E+001, 5.4679088E+001, 1.7665937E-002, 1.5422065E-002, 3.3088002E-002, 3.3088002E-002, 1.1056780E+001
 2.2000007E+003, 9.4113514E-003, 6.1434806E+001, 5.1405625E+001, 5.4967939E+001, 5.4967939E+001, 5.4967939E+001, 5.4967939E+001, 5.4967939E+001, 5.4967939E+001, 5.4967939E+001, 5.4967939E+001, 1.7809140E-002, 1.5421701E-002, 3.3230841E-002, 3.3230841E-002, 1.1085236E+001
 2.2100022E+003, 9.2578555E-003, 6.1261397E+001, 5.1151454E+001, 5.3962896E+001, 5.3962896E+001, 5.3962896E+001, 5.3962896E+001, 5.3962896E+001, 5.3962896E+001, 5.3962896E+001, 5.3962896E+001, 1.7735708E-002, 1.5040669E-002, 3.2776377E-002, 3.2776377E-002, 1.1016128E+001
 2.2200004E+003, 9.1076734E-003, 6.1449911E+001, 5.1192032E+001, 5.4459249E+001, 5.4459249E+001, 5.4459249E+001, 5.4459249E+001, 5.4459249E+001, 5.4459249E+001, 5.4459249E+001, 5.4459249E+001, 1.7664744E-002, 1.5436400E-002, 3.3101144E-002, 3.3101144E-002, 1.1082020E+001
 2.2300002E+003, 8.9557603E-003, 6.1306935E+001, 5.1260681E+001, 5.4385987E+001, 5.4385987E+001, 5.4385987E+001, 5.4385987E+001, 5.4385987E+001, 5.4385987E+001, 5.4385987E+001, 5.4385987E+001, 1.7695142E-002, 1.5349328E-002, 3.3044471E-002, 3.3044471E-002, 1.1065990E+001
 2.2400008E+003, 8.8048968E-003, 6.1411290E+001, 5.1893489E+001, 5.4436677E+001, 5.4436677E+001, 5.4436677E+001, 5.4436677E+001, 5.4436677E+001, 5.4436677E+001, 5.4436677E+001, 5.4436677E+001, 1.7852941E-002, 1.5383967E-002, 3.3236908E-002, 3.3236908E-002, 1.1103355E+001
 2.2500003E+003, 8.6519580E-003, 6.1299860E+001, 5.2231160E+001, 5.4844908E+001, 5.4844908E+001, 5.4844908E+001, 5.4844908E+001, 5.4844908E+001, 5.4844908E+001, 5.4844908E+001, 5.4844908E+001, 1.7900793E-002, 1.5246052E-002, 3.3146846E-002, 3.3146846E-002, 1.1128074E+001
 2.2600016E+003, 8.5007000E-003, 6.1398603E+001, 5.2333667E+001, 5.4564617E+001, 5.4564617E+001, 5.4564617E+001, 5.4564617E+001, 5.4564617E+001, 5.4564617E+001, 5.4564617E+001, 5.4564617E+001, 1.7819143E-002, 1.5239675E-002, 3.3058818E-002, 3.3058818E-002, 1.1142655E+001
 2.2700027E+003, 8.3459940E-003, 6.1583245E+001, 5.2331988E+001, 5.4563919E+001, 5.4563919E+001, 5.4563919E+001, 5.4563919E+001, 5.4563919E+001, 5.4563919E+001, 5.4563919E+001, 5.4563919E+001, 1.7762543E-002, 1.5303889E-002, 3.3066433E-002, 3.3066433E-002, 1.1107536E+001
 2.2800019E+003, 8.1924959E-003, 6.1186872E+001, 5.2106851E+001, 5.4313459E+001, 5.4313459E+001, 5.4313459E+001, 5.4313459E+001, 5.4313459E+001, 5.4313459E+001, 5.4313459E+001, 5.4313459E+001, 1.7697312E-002, 1.5263805E-002, 3.2961117E-002, 3.2961117E-002, 1.1049776E+001
 2.2900012E+003, 8.0404341E-003, 6.1435665E+001, 5.2158065E+001, 5.4198796E+001, 5.4198796E+001, 5.4198796E+001, 5.4198796E+001, 5.4198796E+001, 5.4198796E+001, 5.4198796E+001, 5.4198796E+001, 1.7842735E-002, 1.5424360E-002, 3.3267096E-002, 3.3267096E-002, 1.1161464E+001
 2.3000010E+003, 7.8902764E-003, 6.1305000E+001, 5.2358769E+001, 5.4672461E+001, 5.4672461E+001, 5.4672461E+001, 5.4672461E+001, 5.4672461E+001, 5.4672461E+001, 5.4672461E+001, 5.4672461E+001, 1.7766917E-002, 1.5110870E-002, 3.2877788E-002, 3.2877788E-002, 1.1117387E+001
 2.3100005E+003, 7.7371328E-003, 6.1351855E+001, 5.3020048E+001, 5.4429195E+001, 5.4429195E+001, 5.4429195E+001, 5.4429195E+001, 5.4429195E+001, 5.4429195E+001, 5.4429195E+001, 5.4429195E+001, 1.7766544E-002, 1.5418272E-002, 3.3184816E-002, 3.3184816E-002, 1.1106457E+001
 2.3200020E+003, 7.5872218E-003, 6.1381772E+001, 5.3250628E+001, 5.4758344E+001, 5.4758344E+001, 5.4758344E+001, 5.4758344E+001, 5.4758344E+001, 5.4758344E+001, 5.4758344E+001, 5.4758344E+001, 1.7790100E-002, 1.5276407E-002, 3.3066507E-002, 3.3066507E-002, 1.1173474E+001
 2.3300009E+003, 7.4335518E-003, 6.1380951E+001, 5.3371276E+001, 5.5075246E+001, 5.5075246E+001, 5.5075246E+001, 5.5075246E+001, 5.5075246E+001, 5.5075246E+001, 5.5075246E+001, 5.5075246E+001, 1.7814915E-002, 1.5376940E-002, 3.3191856E-002, 3.3191856E-002, 1.1190369E+001
 2.3400013E+003, 7.2768869E-003, 6.1620299E+001, 5.3009114E+001, 5.4008950E+001, 5.4008950E+001, 5.4008950E+001, 5.4008950E+001, 5.4008950E+001, 5.4008950E+001, 5.4008950E+001, 5.4008950E+001, 1.7768768E-002, 1.5254894E-002, 3.3023662E-002, 3.3023662E-002, 1.1155012E+001
 2.3500015E+003, 7.1261662E-003, 6.1218307E+001, 5.3018803E+001, 5.4444927E+001, 5.4444927E+001, 5.4444927E+001, 5.4444927E+001, 5.4444927E+001, 5.4444927E+001, 5.4444927E+001, 5.4444927E+001, 1.7669901E-002, 1.5174661E-002, 3.2844561E-002, 3.2844561E-002, 1.1035175E+001
 2.3600025E+003, 6.9727813E-003, 6.1533456E+001, 5.2973279E+001, 5.4351363E+001, 5.4351363E+001, 5.4351363E+001, 5.4351363E+001, 5.4351363E+001, 5.4351363E+001, 5.4351363E+001, 5.4351363E+001, 1.7727453E-002, 1.5533467E-002, 3.3260920E-002, 3.3260920E-002, 1.1180520E+001
 2.3700017E+003, 6.8229747E-003, 6.1143653E+001, 5.3563626E+001, 5.4533335E+001, 5.4533335E+001, 5.4533335E+001, 5.4533335E+001, 5.4533335E+001, 5.4533335E+001, 5.4533335E+001, 5.4533335E+001, 1.7590164E-002, 1.5129178E-002, 3.2719342E-002, 3.2719342E-002, 1.1126433E+001
 2.3800013E+003, 6.6740405E-003, 6.1220767E+001, 5.4040332E+001, 5.4865526E+001, 5.4865526E+001, 5.4865526E+001, 5.4865526E+001, 5.4865526E+001, 5.4865526E+001, 5.4865526E+001, 5.4865526E+001, 1.7846163E-002, 1.5121326E-002, 3.2967489E-002, 3.2967489E-002, 1.1158540E+001
 2.3900022E+003, 6.5221608E-003, 6.1475555E+001, 5.4050013E+001, 5.4671101E+001, 5.4671101E+001, 5.4671101E+001, 5.4671101E+001, 5.4671101E+001, 5.4671101E+001, 5.4671101E+001, 5.4671101E+001, 1.7753337E-002, 1.5314109E-002, 3.3067446E-002, 3.3067446E-002, 1.1117181E+001
 2.4000018E+003, 6.3680105E-003, 6.1645893E+001, 5.4181872E+001, 5.4725225E+001, 5.4725225E+001, 5.4725225E+001, 5.4725225E+001, 5.4725225E+001, 5.4725225E+001, 5.4725225E+001, 5.4725225E+001, 1.7858749E-002, 1.5284245E-002, 3.3142995E-002, 3.3142995E-002, 1.1200409E+001
 2.4100017E+003, 6.2117370E-003, 6.1278845E+001, 5.3583605E+001, 5.4191189E+001, 5.4191189E+001, 5.4191189E+001, 5.4191189E+001, 5.4191189E+001, 5.4191189E+001, 5.4191189E+001, 5.4191189E+001, 1.7761690E-002, 1.5156657E-002, 3.2918347E-002, 3.2918347E-002, 1.1066339E+001
 2.4200002E+003, 6.0578167E-003, 6.1590476E+001, 5.3751690E+001, 5.4315415E+001, 5.4315415E+001, 5.4315415E+001, 5.4315415E+001, 5.4315415E+001, 5.4315415E+001, 5.4315415E+001, 5.4315415E+001, 1.7792571E-002, 1.5282871E-002, 3.3075442E-002, 3.3075442E-002, 1.1391764E+001
 2.4300015E+003, 5.9053845E-003, 6.1339465E+001, 5.3998073E+001, 5.4737574E+001, 5.4737574E+001, 5.4737574E+001, 5.4737574E+001, 5.4737574E+001, 5.4737574E+001, 5.4737574E+001, 5.4737574E+001, 1.7802229E-002, 1.5088433E-002, 3.2890662E-002, 3.2890662E-002, 1.1159353E+001
 2.4400020E+003, 5.7526858E-003, 6.1398212E+001, 5.4466079E+001, 5.4466079E+001, 5.4466079E+001, 5.4466079E+001, 5.4466079E+001, 5.4466079E+001, 5.4466079E+001, 5.4466079E+001, 5.4466079E+001, 1.7815923E-002, 1.5382193E-002, 3.3198115E-002, 3.3198115E-002, 1.1181645E+001
 2.4500004E+003, 5.6016049E-003, 6.1445926E+001, 5.4897113E+001, 5.4897113E+001, 5.4897113E+001, 5.4897113E+001, 5.4897113E+001, 5.4897113E+001, 5.4897113E+001, 5.4897113E+001, 5.4897113E+001, 1.7669550E-002, 1.5355075E-002, 3.3024626E-002, 3.3024626E-002, 1.1081382E+001
 2.4600007E+003, 5.4481848E-003, 6.1223846E+001, 5.5106064E+001, 5.5106064E+001, 5.5106064E+001, 5.5106064E+001, 5.5106064E+001, 5.5106064E+001, 5.5106064E+001, 5.5106064E+001, 5.5106064E+001, 1.7763167E-002, 1.5225946E-002, 3.2989112E-002, 3.2989112E-002, 1.1097829E+001
 2.4700016E+003, 5.2922990E-003, 6.1619527E+001, 5.3981027E+001, 5.3981027E+001, 5.3981027E+001, 5.3981027E+001, 5.3981027E+001, 5.3981027E+001, 5.3981027E+001, 5.3981027E+001, 5.3981027E+001, 1.7779116E-002, 1.5309863E-002, 3.3088979E-002, 3.3088979E-002, 1.1083697E+001
 2.4800021E+003, 5.1368218E-003, 6.1631609E+001, 5.4455561E+001, 5.4455561E+001, 5.4455561E+001, 5.4455561E+001, 5.4455561E+001, 5.4455561E+001, 5.4455561E+001, 5.4455561E+001, 5.4455561E+001, 1.7705535E-002, 1.5528346E-002, 3.3233881E-002, 3.3233881E-002, 1.1126143E+001
 2.4900003E+003, 4.9804926E-003, 6.1356629E+001, 5.4287178E+001, 5.4287178E+001, 5.4287178E+001, 5.4287178E+001, 5.4287178E+001, 5.4287178E+001, 5.4287178E+001, 5.4287178E+001, 5.4287178E+001, 1.7719024E-002, 1.5464021E-002, 3.3183045E-002, 3.3183045E-002, 1.1056170E+001
 2.5000017E+003, 4.8258065E-003, 6.1642217E+001, 5.4550910E+001, 5.4550910E+001, 5.4550910E+001, 5.4550910E+001, 5.4550910E+001, 5.4550910E+001, 5.4550910E+001, 5.4550910E+001, 5.4550910E+001, 1.7465087E-002, 1.5863905E-002, 3.3328993E-002, 3.3328993E-002, 1.0274895E+001
 2.5100006E+003, 4.6624597E-003, 6.1884446E+001, 5.4934543E+001, 5.4934543E+001, 5.4934543E+001, 5.4934543E+001, 5.4934543E+001, 5.4934543E+001, 5.4934543E+001, 5.4934543E+001, 5.4934543E+001, 1.7364758E-002, 1.6259521E-002, 3.3624279E-002, 3.3624279E-002, 1.0164319E+001
 2.5200015E+003, 4.4955895E-003, 6.1820736E+001, 5.4877831E+001, 5.4877831E+001, 5.4877831E+001, 5.4877831E+001, 5.4877831E+001, 5.4877831E+001, 5.4877831E+001, 5.4877831E+001, 5.4877831E+001, 1.7415795E-002, 1.6147677E-002, 3.3563473E-002, 3.3563473E-002, 1.0104999E+001
 2.5300002E+003, 4.3274355E-003, 6.2063608E+001, 5.4144924E+001, 5.4144924E+001, 5.4144924E+001, 5.4144924E+001, 5.4144924E+001, 5.4144924E+001, 5.4144924E+001, 5.4144924E+001, 5.4144924E+001, 1.7354579E-002, 1.6086543E-002, 3.3441123E-002, 3.3441123E-002, 1.0106422E+001
 2.5400021E+003, 4.1581885E-003, 6.1876071E+001, 5.4191336E+001, 5.4191336E+001, 5.4191336E+001, 5.4191336E+001, 5.4191336E+001, 5.4191336E+001, 5.4191336E+001, 5.4191336E+001, 5.4191336E+001, 1.7275916E-002, 1.6007187E-002, 3.3283103E-002, 3.3283103E-002, 1.0061349E+001
 2.5500015E+003, 3.9912821E-003, 6.1778039E+001, 5.4050704E+001, 5.4050704E+001, 5.4050704E+001, 5.4050704E+001, 5.4050704E+001, 5.4050704E+001, 5.4050704E+001, 5.4050704E+001, 5.4050704E+001, 1.7105220E-002, 1.5910549E-002, 3.3015768E-002, 3.3015768E-002, 9.9944890E+000
 2.5600021E+003, 3.8280657E-003, 6.1794781E+001, 5.4545245E+001, 5.4545245E+001, 5.4545245E+001, 5.4545245E+001, 5.4545245E+001, 5.4545245E+001, 5.4545245E+001, 5.4545245E+001, 5.4545245E+001, 1.7193319E-002, 1.6012818E-002, 3.3206137E-002, 3.3206137E-002, 1.0088538E+001
 2.5700016E+003, 3.6623398E-003, 6.1873272E+001, 5.4972679E+001, 5.4972679E+001, 5.4972679E+001, 5.4972679E+001, 5.4972679E+001, 5.4972679E+001, 5.4972679E+001, 5.4972679E+001, 5.4972679E+001, 1.7149102E-002, 1.6016330E-002, 3.3165432E-002, 3.3165432E-002, 1.0134771E+001
 2.5800020E+003, 3.4958624E-003, 6.1884787E+001, 5.5039597E+001, 5.5039597E+001, 5.5039597E+001, 5.5039597E+001, 5.5039597E+001, 5.5039597E+001, 5.5039597E+001, 5.5039597E+001, 5.5039597E+001, 1.7139667E-002, 1.6005252E-002, 3.3144920E-002, 3.3144920E-002, 1.0053973E+001
 2.5900020E+003, 3.3238294E-003, 6.2070644E+001, 5.3926345E+001, 5.3926345E+001, 5.3926345E+001, 5.3926345E+001, 5.3926345E+001, 5.3926345E+001, 5.3926345E+001, 5.3926345E+001, 5.3926345E+001, 1.7000448E-002, 1.5823128E-002, 3.2823576E-002, 3.2823576E-002, 9.9839505E+000
 2.6000015E+003, 3.1513720E-003, 6.2090867E+001, 5.3999600E+001, 5.3999600E+001, 5.3999600E+001, 5.3999600E+001, 5.3999600E+001, 5.3999600E+001, 5.3999600E+001, 5.3999600E+001, 5.3999600E+001, 1.6961392E-002, 1.5912245E-002, 3.2873637E-002, 3.2873637E-002, 9.9433848E+000
 2.6100003E+003, 2.9773250E-003, 6.2137193E+001, 5.4039251E+001, 5.4039251E+001, 5.4039251E+001, 5.4039251E+001, 5.4039251E+001, 5.4039251E+001, 5.4039251E+001, 5.4039251E+001, 5.4039251E+001, 1.6987320E-002, 1.5934736E-002, 3.2922055E-002, 3.2922055E-002, 9.9653664E+000
 2.6200014E+003, 2.8077212E-003, 6.1906638E+001, 5.4544514E+001, 5.4544514E+001, 5.4544514E+001, 5.4544514E+001, 5.4544514E+001, 5.4544514E+001, 5.4544514E+001, 5.4544514E+001, 5.4544514E+001, 1.6952033E-002, 1.5627492E-002, 3.2579525E-002, 3.2579525E-002, 9.9107512E+000
 2.6300029E+003, 2.6426840E-003, 6.1848712E+001, 5.5051511E+001, 5.5051511E+001, 5.5051511E+001, 5.5051511E+001, 5.5051511E+001, 5.5051511E+001, 5.5051511E+001, 5.5051511E+001, 5.5051511E+001, 1.6739187E-002, 1.5723564E-002, 3.2462751E-002, 3.2462751E-002, 9.7735269E+000
 2.6400028E+003, 2.4728857E-003, 6.1944287E+001, 5.5425738E+001, 5.5425738E+001, 5.5425738E+001, 5.5425738E+001, 5.5425738E+001, 5.5425738E+001, 5.5425738E+001, 5.5425738E+001, 5.5425738E+001, 1.6617429E-002, 1.5934781E-002, 3.2552210E-002, 3.2552210E-002, 9.5723997E+000
 2.6500022E+003, 2.2938375E-003, 6.2313250E+001, 5.3063077E+001, 5.3063077E+001, 5.3063077E+001, 5.3063077E+001, 5.3063077E+001, 5.3063077E+001, 5.3063077E+001, 5.3063077E+001, 5.3063077E+001, 1.6295297E-002, 1.5786372E-002, 3.2081669E-002, 3.2081669E-002, 9.0724712E+000
 2.6600020E+003, 2.1196606E-003, 6.1947735E+001, 5.3622682E+001, 5.3622682E+001, 5.3622682E+001, 5.3622682E+001, 5.3622682E+001, 5.3622682E+001, 5.3622682E+001, 5.3622682E+001, 5.3622682E+001, 1.6246910E-002, 1.5738435E-002, 3.1985345E-002, 3.1985345E-002, 9.0879369E+000
 2.6700019E+003, 1.9471168E-003, 6.1998201E+001, 5.4027830E+001, 5.4027830E+001, 5.4027830E+001, 5.4027830E+001, 5.4027830E+001, 5.4027830E+001, 5.4027830E+001, 5.4027830E+001, 5.4027830E+001, 1.6135064E-002, 1.5962588E-002, 3.2097653E-002, 3.2097653E-002, 9.0304522E+000
 2.6800033E+003, 1.7763804E-003, 6.2077562E+001, 5.4617751E+001, 5.4617751E+001, 5.4617751E+001, 5.4617751E+001, 5.4617751E+001, 5.4617751E+001, 5.4617751E+001, 5.4617751E+001, 5.4617751E+001, 1.5915886E-002, 1.6170660E-002, 3.2086546E-002, 3.2086546E-002, 8.7677925E+000
 2.6900005E+003, 1.6033549E-003, 6.2123229E+001, 5.5367295E+001, 5.5367295E+001, 5.5367295E+001, 5.5367295E+001, 5.5367295E+001, 5.5367295E+001, 5.5367295E+001, 5.5367295E+001, 5.5367295E+001, 1.5461021E-002, 1.6381877E-002, 3.1842899E-002, 3.1842899E-002, 8.3106284E+000
 2.7000031E+003, 1.4260882E-003, 6.2448382E+001, 5.4867555E+001, 5.4867555E+001, 5.4867555E+001, 5.4867555E+001, 5.4867555E+001, 5.4867555E+001, 5.4867555E+001, 5.4867555E+001, 5.4867555E+001, 1.5471395E-002, 1.6179630E-002, 3.1651025E-002, 3.1651025E-002, 8.4351351E+000
 2.7100020E+003, 1.2260885E-003, 6.2528740E+001, 5.1742474E+001, 5.1742474E+001, 5.1742474E+001, 5.1742474E+001, 5.1742474E+001, 5.1742474E+001, 5.1742474E+001, 5.1742474E+001, 5.1742474E+001, 1.5367731E-002, 1.6269333E-002, 3.1637064E-002, 3.1637064E-002, 8.4081731E+000
 2.7200027E+003, 1.0475704E-003, 6.2022972E+001, 5.2661087E+001, 5.2661087E+001, 5.2661087E+001, 5.2661087E+001, 5.2661087E+001, 5.2661087E+001, 5.2661087E+001, 5.2661087E+001, 5.2661087E+001, 1.5149008E-002, 1.6267769E-002, 3.1416776E-002, 3.1416776E-002, 8.2369240E+000
 2.7300035E+003, 8.7902584E-004, 6.1820352E+001, 5.3911661E+001, 5.3911661E+001, 5.3911661E+001, 5.3911661E+001, 5.3911661E+001, 5.3911661E+001, 5.3911661E+001, 5.3911661E+001, 5.3911661E+001, 1.5188258E-002, 1.6291020E-002, 3.1479277E-002, 3.1479277E-002, 8.3090753E+000
 2.7400022E+003, 7.1205018E-004, 6.1889185E+001, 5.5327767E+001, 5.5327767E+001, 5.5327767E+001, 5.5327767E+001, 5.5327767E+001, 5.5327767E+001, 5.5327767E+001, 5.5327767E+001, 5.5327767E+001, 1.4995666E-002, 1.6311863E-002, 3.1307529E-002, 3.1307529E-002, 8.2070264E+000
 2.7500015E+003, 5.4814218E-004, 6.1735033E+001, 5.6748815E+001, 5.6748815E+001, 5.6748815E+001, 5.6748815E+001, 5.6748815E+001, 5.6748815E+001, 5.6748815E+001, 5.6748815E+001, 5.6748815E+001, 1.4834852E-002, 1.6165527E-002, 3.1000379E-002, 3.1000379E-002, 8.1424097E+000
 2.7600003E+003, 3.8408555E-004, 6.1928261E+001, 5.8314347E+001, 5.8314347E+001, 5.8314347E+001, 5.8314347E+001, 5.8314347E+001, 5.8314347E+001, 5.8314347E+001, 5.8314347E+001, 5.8314347E+001, 1.4868734E-002, 1.6161057E-002, 3.1029791E-002, 3.1029791E-002, 8.2280104E+000
 2.7700031E+003, 2.1494900E-004, 6.2130987E+001, 6.0048377E+001, 6.0048377E+001, 6.0048377E+001, 6.0048377E+001, 6.0048377E+001, 6.0048377E+001, 6.0048377E+001, 6.0048377E+001, 6.0048377E+001, 1.4601621E-002, 1.6148499E-002, 3.0750120E-002, 3.0750120E-002, 8.1367654E+000
 2.7800026E+003,-8.5980051E-005, 6.3804711E+001, 6.3270916E+001, 6.3270916E+001, 6.3270916E+001, 6.3270916E+001, 6.3270916E+001, 6.3270916E+001, 6.3270916E+001, 6.3270916E+001, 6.3270916E+001, 1.3888538E-002, 1.5559947E-002, 2.9448485E-002, 2.9448485E-002, 7.4895911E+000
 2.7900034E+003,-4.5454545E-004, 8.1106687E+001, 8.1015822E+001, 8.1015822E+001, 8.1015822E+001, 8.1015822E+001, 8.1015822E+001, 8.1015822E+001, 8.1015822E+001, 8.1015822E+001, 8.1015822E+001, 1.3267108E-002, 1.5618187E-002, 2.8885294E-002, 2.8885294E-002, 6.9723082E+000
 2.8000036E+003,-4.5454545E-004, 1.0133794E+002, 1.0124728E+002, 1.0124728E+002, 1.0124728E+002, 1.0124728E+002, 1.0124728E+002, 1.0124728E+002, 1.0124728E+002, 1.0124728E+002, 1.0124728E+002, 1.3041845E-002, 1.5356819E-002, 2.8398664E-002, 2.8398664E-002, 6.9192284E+000
 2.8100010E+003,-4.5454545E-004, 1.1901317E+002, 1.1892472E+002, 1.1892472E+002, 1.1892472E+002, 1.1892472E+002, 1.1892472E+002, 1.1892472E+002, 1.1892472E+002, 1.1892472E+002, 1.1892472E+002, 1.3059566E-002, 1.5351471E-002, 2.8411036E-002, 2.8411036E-002, 7.0158655E+000
 2.8200014E+003,-4.5454545E-004, 1.3532538E+002, 1.3523683E+002, 1.3523683E+002, 1.3523683E+002, 1.3523683E+002, 1.3523683E+002, 1.3523683E+002, 1.3523683E+002, 1.3523683E+002, 1.3523683E+002, 1.2828866E-002, 1.5041993E-002, 2.7870859E-002, 2.7870859E-002, 6.9054403E+000
 2.8300001E+003,-4.5454545E-004, 1.5053145E+002, 1.5044498E+002, 1.5044498E+002, 1.5044498E+002, 1.5044498E+002, 1.5044498E+002, 1.5044498E+002, 1.5044498E+002, 1.5044498E+002, 1.5044498E+002, 1.2674222E-002, 1.4667315E-002, 2.7341537E-002, 2.7341537E-002, 6.9151503E+000
 2.8400015E+003,-4.5454545E-004, 1.6428918E+002, 1.6420466E+002, 1.6420466E+002, 1.6420466E+002, 1.6420466E+002, 1.6420466E+002, 1.6420466E+002, 1.6420466E+002, 1.6420466E+002, 1.6420466E+002, 1.2612008E-002, 1.4648669E-002, 2.7260677E-002, 2.7260677E-002, 6.8999844E+000
 2.8500037E+003,-4.5454545E-004, 1.7739961E+002, 1.7731656E+002, 1.7731656E+002, 1.7731656E+002, 1.7731656E+002, 1.7731656E+002, 1.7731656E+002, 1.7731656E+002, 1.7731656E+002, 1.7731656E+002, 1.2662606E-002, 1.4799554E-002, 2.7462160E-002, 2.7462160E-002, 6.9567903E+000
 2.8600007E+003,-4.5454545E-004, 1.8970458E+002, 1.8962291E+002, 1.8962291E+002, 1.8962291E+002, 1.8962291E+002, 1.8962291E+002, 1.8962291E+002, 1.8962291E+002, 1.8962291E+002, 1.8962291E+002, 1.2362318E-002, 1.4651135E-002, 2.7013453E-002, 2.7013453E-002, 6.8934881E+000
 2.8700001E+003,-4.5454545E-004, 2.0140771E+002, 2.0132669E+002, 2.0132669E+002, 2.0132669E+002, 2.0132669E+002, 2.0132669E+002, 2.0132669E+002, 2.0132669E+002, 2.0132669E+002, 2.0132669E+002, 1.2497219E-002, 1.4887597E-002, 2.7384816E-002, 2.7384816E-002, 7.0326736E+000
 2.8800006E+003,-4.5454545E-004, 2.1286329E+002, 2.1278188E+002, 2.1278188E+002, 2.1278188E+002, 2.1278188E+002, 2.1278188E+002, 2.1278188E+002, 2.1278188E+002, 2.1278188E+002, 2.1278188E+002, 1.2487375E-002, 1.4898591E-002, 2.7385967E-002, 2.7385967E-002, 7.0392420E+000
 2.8900033E+003,-4.5454545E-004, 2.2383510E+002, 2.2375625E+002, 2.2375625E+002, 2.2375625E+002, 2.2375625E+002, 2.2375625E+002, 2.2375625E+002, 2.2375625E+002, 2.2375625E+002, 2.2375625E+002, 1.2220201E-002, 1.4905348E-002, 2.7125549E-002, 2.7125549E-002, 6.9511141E+000
 2.9000002E+003,-4.5454545E-004, 2.3396653E+002, 2.3389013E+002, 2.3389013E+002, 2.3389013E+002, 2.3389013E+002, 2.3389013E+002, 2.3389013E+002, 2.3389013E+002, 2.3389013E+002, 2.3389013E+002, 1.2165352E-002, 1.4714784E-002, 2.6880136E-002, 2.6880136E-002, 6.9679893E+000
 2.9100016E+003,-4.5454545E-004, 2.4348043E+002, 2.4340474E+002, 2.4340474E+002, 2.4340474E+002, 2.4340474E+002, 2.4340474E+002, 2.4340474E+002, 2.4340474E+002, 2.4340474E+002, 2.4340474E+002, 1.2145405E-002, 1.4724543E-002, 2.6869948E-002, 2.6869948E-002, 6.9878660E+000
 2.9200011E+003,-4.5454545E-004, 2.5261615E+002, 2.5254361E+002, 2.5254361E+002, 2.5254361E+002, 2.5254361E+002, 2.5254361E+002, 2.5254361E+002, 2.5254361E+002, 2.5254361E+002, 2.5254361E+002, 1.1930674E-002, 1.4522980E-002, 2.6453654E-002, 2.6453654E-002, 6.9397366E+000
 2.9300020E+003,-4.5454545E-004, 2.6170523E+002, 2.6163058E+002, 2.6163058E+002, 2.6163058E+002, 2.6163058E+002, 2.6163058E+002, 2.6163058E+002, 2.6163058E+002, 2.6163058E+002, 2.6163058E+002, 1.2147168E-002, 1.4755324E-002, 2.6902492E-002, 2.6902492E-002, 7.1639093E+000
 2.9400030E+003,-4.5454545E-004, 2.7035095E+002, 2.7027960E+002, 2.7027960E+002, 2.7027960E+002, 2.7027960E+002, 2.7027960E+002, 2.7027960E+002, 2.7027960E+002, 2.7027960E+002, 2.7027960E+002, 1.1840645E-002, 1.4625148E-002, 2.6465793E-002, 2.6465793E-002, 6.9706292E+000
 2.9500041E+003,-4.5454545E-004, 2.7848373E+002, 2.7841449E+002, 2.7841449E+002, 2.7841449E+002, 2.7841449E+002, 2.7841449E+002, 2.7841449E+002, 2.7841449E+002, 2.7841449E+002, 2.7841449E+002, 1.1657548E-002, 1.4478870E-002, 2.6136418E-002, 2.6136418E-002, 6.9585405E+000
 2.9600014E+003,-4.5454545E-004, 2.8561511E+002, 2.8554975E+002, 2.8554975E+002, 2.8554975E+002, 2.8554975E+002, 2.8554975E+002, 2.8554975E+002, 2.8554975E+002, 2.8554975E+002, 2.8554975E+002, 1.1580687E-002, 1.4357161E-002, 2.5937849E-002, 2.5937849E-002, 6.9484686E+000
 2.9700019E+003,-4.5454545E-004, 2.9224630E+002, 2.9218321E+002, 2.9218321E+002, 2.9218321E+002, 2.9218321E+002, 2.9218321E+002, 2.9218321E+002, 2.9218321E+002, 2.9218321E+002, 2.9218321E+002, 1.1405339E-002, 1.4180978E-002, 2.5586317E-002, 2.5586317E-002, 6.8974537E+000
 2.9800029E+003,-4.5454545E-004, 2.9884440E+002, 2.9878023E+002, 2.9878023E+002, 2.9878023E+002, 2.9878023E+002, 2.9878023E+002, 2.9878023E+002, 2.9878023E+002, 2.9878023E+002, 2.9878023E+002, 1.1472684E-002, 1.4422375E-002, 2.5895059E-002, 2.5895059E-002, 6.9451739E+000
 2.9900019E+003,-4.5454545E-004, 3.0591353E+002, 3.0585015E+002, 3.0585015E+002, 3.0585015E+002, 3.0585015E+002, 3.0585015E+002, 3.0585015E+002, 3.0585015E+002, 3.0585015E+002, 3.0585015E+002, 1.1527626E-002, 1.4505169E-002, 2.6032795E-002, 2.6032795E-002, 7.0524360E+000
 3.0000000E+003,-4.5454545E-004, 3.1226564E+002, 3.1220384E+002, 3.1220384E+002, 3.1220384E+002, 3.1220384E+002, 3.1220384E+002, 3.1220384E+002, 3.1220384E+002, 3.1220384E+002, 3.1220384E+002, 1.1440045E-002, 1.4504884E-002, 2.5944929E-002, 2.5944929E-002, 7.0087417E+000
