s,kW,kW,kW,kW,kW,kW,kW,kW,kW,kg/s,kg/s,kg/s,Pa
Time,HRR,Q_RADI,Q_CONV,Q_COND,Q_DIFF,Q_PRES,Q_PART,Q_ENTH,Q_TOTAL,MLR_AIR,MLR_METHANE,MLR_PRODUCTS,ZONE_1
-6.000E+01, 0.000E+00,-7.159E-04,-4.914E-07, 0.000E+00, 0.000E+00, 0.000E+00, 0.000E+00, 0.000E+00,-7.164E-04, 0.000E+00, 0.000E+00, 0.000E+00,-8.342E-01
-4.998E+01, 0.000E+00, 5.931E-03,-6.992E-01, 1.223E-03, 0.000E+00,-2.775E-01, 0.000E+00,-7.071E-01,-9.695E-01, 0.000E+00, 0.000E+00, 0.000E+00,-1.966E+01
-3.996E+01, 0.000E+00, 5.399E-03,-5.680E-03, 1.421E-03, 0.000E+00,-2.029E-05, 0.000E+00,-7.963E-05, 1.121E-03, 0.000E+00, 0.000E+00, 0.000E+00,-1.966E+01
-2.994E+01, 0.000E+00, 5.263E-03,-5.782E-03, 1.359E-03, 0.000E+00,-1.934E-05, 0.000E+00,-6.607E-05, 8.202E-04, 0.000E+00, 0.000E+00, 0.000E+00,-1.967E+01
-1.992E+01, 0.000E+00, 5.126E-03,-5.689E-03, 1.150E-03, 0.000E+00, 4.788E-07, 0.000E+00, 4.654E-06, 5.877E-04, 0.000E+00, 0.000E+00, 0.000E+00,-1.967E+01
-9.896E+00, 0.000E+00, 4.988E-03,-5.920E-03, 9.608E-04, 0.000E+00,-9.344E-06, 0.000E+00,-3.352E-05, 1.935E-05, 0.000E+00, 0.000E+00, 0.000E+00,-1.967E+01
 1.301E-02, 8.826E-05, 4.857E-03,-5.757E-03, 8.899E-04, 1.817E-06,-2.710E-06, 0.000E+00,-7.600E-05, 7.786E-05, 0.000E+00, 7.489E-09, 0.000E+00,-1.967E+01
 1.002E+01, 1.634E+01,-2.435E+00,-1.283E+01,-5.712E-01, 7.849E-02, 1.963E-01, 0.000E+00, 6.842E-01, 7.739E-01, 0.000E+00, 3.365E-04, 0.000E+00,-1.473E+00
 2.001E+01, 4.959E+01,-7.813E+00,-3.737E+01,-4.072E+00, 2.273E-01, 7.698E-02, 0.000E+00, 2.764E-01, 6.388E-01, 0.000E+00, 1.002E-03, 0.000E+00, 5.862E+00
 3.000E+01, 8.275E+01,-1.405E+01,-5.916E+01,-8.519E+00, 3.686E-01, 1.316E-01, 0.000E+00, 4.651E-01, 1.513E+00, 0.000E+00, 1.668E-03, 0.000E+00, 1.821E+01
 4.002E+01, 9.996E+01,-1.889E+01,-6.609E+01,-1.368E+01, 4.357E-01,-1.205E-02, 0.000E+00,-3.744E-02, 1.721E+00, 0.000E+00, 2.000E-03, 0.000E+00, 1.722E+01
 5.002E+01, 1.000E+02,-2.170E+01,-5.958E+01,-1.733E+01, 4.356E-01,-9.734E-02, 0.000E+00,-3.489E-01, 1.757E+00, 0.000E+00, 2.000E-03, 0.000E+00, 7.946E+00
 6.000E+01, 1.006E+02,-2.468E+01,-5.284E+01,-2.093E+01, 4.358E-01, 8.538E-02, 0.000E+00, 2.871E-01, 2.661E+00, 0.000E+00, 2.000E-03, 0.000E+00, 1.556E+01
 7.002E+01, 9.980E+01,-2.741E+01,-4.676E+01,-2.392E+01, 4.356E-01,-1.850E-01, 0.000E+00,-6.456E-01, 1.957E+00, 0.000E+00, 2.000E-03, 0.000E+00,-1.630E+00
 8.002E+01, 1.002E+02,-3.024E+01,-4.118E+01,-2.670E+01, 4.374E-01, 7.334E-02, 0.000E+00, 2.469E-01, 2.635E+00, 0.000E+00, 2.000E-03, 0.000E+00, 4.927E+00
 9.001E+01, 9.979E+01,-3.286E+01,-3.564E+01,-2.938E+01, 4.331E-01,-8.777E-02, 0.000E+00,-3.010E-01, 2.255E+00, 0.000E+00, 2.000E-03, 0.000E+00,-3.066E+00
 1.000E+02, 1.002E+02,-3.544E+01,-3.125E+01,-3.151E+01, 4.328E-01, 2.893E-03, 0.000E+00, 7.085E-02, 2.405E+00, 0.000E+00, 2.000E-03, 0.000E+00,-1.182E+00
 1.100E+02, 1.001E+02,-3.800E+01,-2.725E+01,-3.362E+01, 4.301E-01,-7.460E-02, 0.000E+00,-3.168E-01, 1.543E+00, 0.000E+00, 2.000E-03, 0.000E+00,-9.601E+00
 1.200E+02, 1.001E+02,-3.998E+01,-2.305E+01,-3.529E+01, 4.266E-01,-1.719E-02, 0.000E+00,-6.877E-02, 2.184E+00, 0.000E+00, 2.000E-03, 0.000E+00,-1.143E+01
 1.300E+02, 1.001E+02,-4.191E+01,-1.883E+01,-3.693E+01, 4.261E-01, 8.773E-02, 0.000E+00, 2.963E-01, 2.981E+00, 0.000E+00, 2.000E-03, 0.000E+00,-3.564E+00
 1.400E+02, 1.002E+02,-4.332E+01,-1.681E+01,-3.815E+01, 4.231E-01,-1.229E-01, 0.000E+00,-4.310E-01, 2.205E+00, 0.000E+00, 2.000E-03, 0.000E+00,-1.502E+01
 1.500E+02, 1.003E+02,-4.479E+01,-1.401E+01,-3.944E+01, 4.216E-01, 5.196E-02, 0.000E+00, 1.751E-01, 2.557E+00, 0.000E+00, 2.000E-03, 0.000E+00,-1.037E+01
 1.600E+02, 1.001E+02,-4.593E+01,-1.114E+01,-4.031E+01, 4.183E-01,-9.497E-02, 0.000E+00,-3.266E-01, 3.040E+00, 0.000E+00, 2.000E-03, 0.000E+00,-1.904E+01
 1.700E+02, 1.001E+02,-4.680E+01,-1.013E+01,-4.125E+01, 4.166E-01, 1.048E-01, 0.000E+00, 3.727E-01, 2.450E+00, 0.000E+00, 2.000E-03, 0.000E+00,-9.129E+00
 1.800E+02, 1.001E+02,-4.766E+01,-8.182E+00,-4.155E+01, 4.138E-01,-8.422E-02, 0.000E+00,-3.149E-01, 2.995E+00, 0.000E+00, 2.000E-03, 0.000E+00,-1.751E+01
 1.900E+02, 1.000E+02,-4.841E+01,-6.424E+00,-4.213E+01, 4.115E-01,-3.753E-02, 0.000E+00,-1.842E-01, 3.448E+00, 0.000E+00, 2.000E-03, 0.000E+00,-2.239E+01
 2.000E+02, 1.003E+02,-4.888E+01,-5.702E+00,-4.222E+01, 4.103E-01, 4.086E-02, 0.000E+00, 1.679E-01, 3.924E+00, 0.000E+00, 2.000E-03, 0.000E+00,-1.793E+01
 2.100E+02, 1.004E+02,-4.951E+01,-5.257E+00,-4.233E+01, 4.100E-01,-2.845E-02, 0.000E+00,-8.604E-02, 3.674E+00, 0.000E+00, 2.000E-03, 0.000E+00,-2.022E+01
 2.200E+02, 1.002E+02,-4.999E+01,-5.133E+00,-4.243E+01, 4.063E-01, 9.868E-02, 0.000E+00, 3.324E-01, 3.138E+00, 0.000E+00, 2.000E-03, 0.000E+00,-1.138E+01
 2.300E+02, 9.986E+01,-5.034E+01,-3.727E+00,-4.262E+01, 4.053E-01,-4.960E-02, 0.000E+00,-1.589E-01, 3.529E+00, 0.000E+00, 2.000E-03, 0.000E+00,-1.560E+01
 2.400E+02, 1.003E+02,-5.082E+01,-3.985E+00,-4.256E+01, 4.065E-01, 1.002E-02, 0.000E+00, 2.794E-02, 3.368E+00, 0.000E+00, 2.000E-03, 0.000E+00,-1.486E+01
 2.500E+02, 1.002E+02,-5.109E+01,-3.278E+00,-4.280E+01, 4.026E-01,-3.264E-02, 0.000E+00,-1.088E-01, 3.429E+00, 0.000E+00, 2.000E-03, 0.000E+00,-1.775E+01
 2.600E+02, 1.001E+02,-5.130E+01,-2.755E+00,-4.279E+01, 4.009E-01,-4.470E-02, 0.000E+00,-1.713E-01, 3.635E+00, 0.000E+00, 2.000E-03, 0.000E+00,-2.230E+01
 2.700E+02, 1.000E+02,-5.154E+01,-2.919E+00,-4.231E+01, 3.993E-01, 4.290E-02, 0.000E+00, 1.553E-01, 3.698E+00, 0.000E+00, 2.000E-03, 0.000E+00,-1.818E+01
 2.800E+02, 1.000E+02,-5.183E+01,-2.394E+00,-4.232E+01, 3.961E-01, 6.360E-02, 0.000E+00, 2.030E-01, 3.936E+00, 0.000E+00, 2.000E-03, 0.000E+00,-1.279E+01
 2.900E+02, 1.002E+02,-5.203E+01,-2.683E+00,-4.236E+01, 4.008E-01,-4.722E-02, 0.000E+00,-1.434E-01, 3.497E+00, 0.000E+00, 2.000E-03, 0.000E+00,-1.659E+01
 3.000E+02, 9.963E+01,-5.214E+01,-2.907E+00,-4.194E+01, 3.942E-01,-6.295E-02, 0.000E+00,-2.484E-01, 2.978E+00, 0.000E+00, 2.000E-03, 0.000E+00,-2.320E+01
 3.100E+02, 1.004E+02,-5.252E+01,-2.885E+00,-4.158E+01, 3.936E-01, 1.361E-02, 0.000E+00, 3.100E-02, 3.813E+00, 0.000E+00, 2.000E-03, 0.000E+00,-2.237E+01
 3.200E+02, 1.006E+02,-5.267E+01,-2.102E+00,-4.187E+01, 3.928E-01, 1.248E-01, 0.000E+00, 4.628E-01, 4.467E+00, 0.000E+00, 2.000E-03, 0.000E+00,-1.007E+01
 3.300E+02, 9.981E+01,-5.290E+01,-2.139E+00,-4.199E+01, 3.898E-01,-1.840E-01, 0.000E+00,-6.407E-01, 2.993E+00, 0.000E+00, 2.000E-03, 0.000E+00,-2.710E+01
 3.400E+02, 1.005E+02,-5.315E+01,-1.343E+00,-4.207E+01, 3.884E-01, 1.731E-01, 0.000E+00, 5.880E-01, 4.529E+00, 0.000E+00, 2.000E-03, 0.000E+00,-1.146E+01
 3.500E+02, 9.992E+01,-5.313E+01,-1.640E+00,-4.204E+01, 3.910E-01,-3.962E-02, 0.000E+00,-1.279E-01, 3.464E+00, 0.000E+00, 2.000E-03, 0.000E+00,-1.486E+01
 3.600E+02, 1.002E+02,-5.329E+01,-3.080E+00,-4.152E+01, 3.881E-01,-8.090E-02, 0.000E+00,-2.823E-01, 2.613E+00, 0.000E+00, 2.000E-03, 0.000E+00,-2.235E+01
 3.700E+02, 1.000E+02,-5.352E+01,-1.896E+00,-4.128E+01, 3.844E-01,-1.981E-02, 0.000E+00,-7.633E-02, 3.661E+00, 0.000E+00, 2.000E-03, 0.000E+00,-2.438E+01
 3.800E+02, 1.003E+02,-5.375E+01,-2.271E+00,-4.123E+01, 3.860E-01,-2.567E-02, 0.000E+00,-1.059E-01, 3.459E+00, 0.000E+00, 2.000E-03, 0.000E+00,-2.719E+01
 3.900E+02, 1.002E+02,-5.396E+01,-2.360E+00,-4.084E+01, 3.837E-01,-3.579E-03, 0.000E+00,-1.605E-02, 3.411E+00, 0.000E+00, 2.000E-03, 0.000E+00,-2.762E+01
 4.000E+02, 9.982E+01,-5.403E+01,-4.965E-01,-4.119E+01, 3.817E-01, 1.455E-01, 0.000E+00, 4.909E-01, 4.626E+00, 0.000E+00, 2.000E-03, 0.000E+00,-1.455E+01
 4.100E+02, 1.002E+02,-5.411E+01,-2.757E+00,-4.091E+01, 3.840E-01,-2.397E-02, 0.000E+00,-1.038E-01, 2.756E+00, 0.000E+00, 2.000E-03, 0.000E+00,-1.730E+01
 4.200E+02, 9.979E+01,-5.432E+01,-1.798E+00,-4.086E+01, 3.833E-01,-2.346E-02, 0.000E+00,-6.849E-02, 3.173E+00, 0.000E+00, 2.000E-03, 0.000E+00,-1.912E+01
 4.300E+02, 1.004E+02,-5.431E+01,-1.006E+00,-4.111E+01, 3.770E-01, 1.202E-02, 0.000E+00, 4.652E-02, 4.379E+00, 0.000E+00, 2.000E-03, 0.000E+00,-1.789E+01
 4.400E+02, 1.001E+02,-5.456E+01,-2.061E+00,-4.101E+01, 3.780E-01,-8.566E-03, 0.000E+00,-5.317E-02, 2.843E+00, 0.000E+00, 2.000E-03, 0.000E+00,-1.930E+01
 4.500E+02, 1.001E+02,-5.466E+01,-2.494E+00,-4.053E+01, 3.783E-01, 2.102E-02, 0.000E+00, 6.142E-02, 2.842E+00, 0.000E+00, 2.000E-03, 0.000E+00,-1.767E+01
 4.600E+02, 1.001E+02,-5.469E+01,-7.799E-01,-4.084E+01, 3.733E-01,-4.520E-02, 0.000E+00,-1.493E-01, 4.164E+00, 0.000E+00, 2.000E-03, 0.000E+00,-2.163E+01
 4.700E+02, 1.003E+02,-5.466E+01,-1.435E+00,-4.041E+01, 3.753E-01, 1.069E-02, 0.000E+00, 1.755E-02, 4.136E+00, 0.000E+00, 2.000E-03, 0.000E+00,-2.117E+01
 4.800E+02, 1.003E+02,-5.485E+01,-1.624E+00,-4.029E+01, 3.743E-01, 1.504E-02, 0.000E+00, 5.474E-02, 3.952E+00, 0.000E+00, 2.000E-03, 0.000E+00,-1.971E+01
 4.900E+02, 1.002E+02,-5.479E+01,-1.087E+00,-4.024E+01, 3.713E-01, 2.830E-02, 0.000E+00, 9.458E-02, 4.497E+00, 0.000E+00, 2.000E-03, 0.000E+00,-1.720E+01
 5.000E+02, 9.971E+01,-5.477E+01,-1.122E+00,-4.015E+01, 3.684E-01,-1.181E-01, 0.000E+00,-4.028E-01, 3.918E+00, 0.000E+00, 2.000E-03, 0.000E+00,-2.791E+01
 5.100E+02, 1.007E+02,-5.499E+01,-2.075E+00,-3.961E+01, 3.739E-01, 1.124E-01, 0.000E+00, 4.025E-01, 4.525E+00, 0.000E+00, 2.000E-03, 0.000E+00,-1.722E+01
 5.200E+02, 1.000E+02,-5.516E+01,-2.942E+00,-3.899E+01, 3.724E-01,-7.094E-02, 0.000E+00,-2.820E-01, 3.212E+00, 0.000E+00, 2.000E-03, 0.000E+00,-2.472E+01
 5.300E+02, 9.977E+01,-5.523E+01,-8.812E-01,-3.954E+01, 3.643E-01, 4.101E-02, 0.000E+00, 1.388E-01, 4.528E+00, 0.000E+00, 2.000E-03, 0.000E+00,-2.103E+01
 5.400E+02, 1.006E+02,-5.538E+01,-9.620E-01,-3.993E+01, 3.636E-01, 1.165E-01, 0.000E+00, 4.201E-01, 4.792E+00, 0.000E+00, 2.000E-03, 0.000E+00,-9.860E+00
 5.500E+02, 1.002E+02,-5.550E+01,-2.141E+00,-3.962E+01, 3.676E-01,-1.002E-01, 0.000E+00,-3.716E-01, 3.231E+00, 0.000E+00, 2.000E-03, 0.000E+00,-1.973E+01
 5.600E+02, 9.995E+01,-5.561E+01,-1.558E+00,-3.928E+01, 3.612E-01,-9.014E-02, 0.000E+00,-3.621E-01, 3.768E+00, 0.000E+00, 2.000E-03, 0.000E+00,-2.934E+01
 5.700E+02, 1.001E+02,-5.571E+01,-1.326E+00,-3.931E+01, 3.604E-01, 8.935E-02, 0.000E+00, 3.416E-01, 4.252E+00, 0.000E+00, 2.000E-03, 0.000E+00,-2.026E+01
 5.800E+02, 1.003E+02,-5.578E+01,-1.676E+00,-3.932E+01, 3.624E-01, 1.019E-01, 0.000E+00, 3.902E-01, 4.003E+00, 0.000E+00, 2.000E-03, 0.000E+00,-9.897E+00
 5.900E+02, 1.001E+02,-5.588E+01,-1.432E+00,-3.929E+01, 3.593E-01,-8.285E-02, 0.000E+00,-3.575E-01, 3.767E+00, 0.000E+00, 2.000E-03, 0.000E+00,-1.940E+01
 6.000E+02, 1.004E+02,-5.592E+01,-2.175E+00,-3.951E+01, 3.610E-01,-7.064E-02, 0.000E+00,-2.008E-01, 3.056E+00, 0.000E+00, 2.000E-03, 0.000E+00,-2.473E+01
 6.100E+02, 9.956E+01,-5.592E+01,-2.941E-01,-3.932E+01, 3.556E-01, 4.144E-02, 0.000E+00, 1.111E-01, 4.417E+00, 0.000E+00, 2.000E-03, 0.000E+00,-2.178E+01
 6.200E+02, 1.006E+02,-5.593E+01,-1.023E+00,-3.928E+01, 3.541E-01, 1.078E-01, 0.000E+00, 3.726E-01, 4.842E+00, 0.000E+00, 2.000E-03, 0.000E+00,-1.189E+01
 6.300E+02, 9.982E+01,-5.583E+01,-2.082E+00,-3.890E+01, 3.578E-01,-1.067E-01, 0.000E+00,-3.873E-01, 3.248E+00, 0.000E+00, 2.000E-03, 0.000E+00,-2.220E+01
 6.400E+02, 1.003E+02,-5.600E+01,-1.076E+00,-3.890E+01, 3.543E-01, 4.414E-02, 0.000E+00, 1.299E-01, 4.704E+00, 0.000E+00, 2.000E-03, 0.000E+00,-1.875E+01
 6.500E+02, 1.000E+02,-5.580E+01,-1.147E+00,-3.898E+01, 3.551E-01,-2.229E-02, 0.000E+00,-1.838E-02, 4.446E+00, 0.000E+00, 2.000E-03, 0.000E+00,-1.924E+01
 6.600E+02, 1.002E+02,-5.589E+01,-1.651E+00,-3.824E+01, 3.534E-01, 7.481E-02, 0.000E+00, 2.434E-01, 4.811E+00, 0.000E+00, 2.000E-03, 0.000E+00,-1.277E+01
 6.700E+02, 1.003E+02,-5.599E+01,-1.663E+00,-3.839E+01, 3.540E-01, 4.861E-02, 0.000E+00, 1.264E-01, 4.610E+00, 0.000E+00, 2.000E-03, 0.000E+00,-9.416E+00
 6.800E+02, 9.938E+01,-5.604E+01,-1.547E+00,-3.809E+01, 3.515E-01,-1.657E-01, 0.000E+00,-5.770E-01, 3.883E+00, 0.000E+00, 2.000E-03, 0.000E+00,-2.474E+01
 6.900E+02, 1.008E+02,-5.632E+01,-1.497E+00,-3.873E+01, 3.500E-01, 1.058E-01, 0.000E+00, 3.688E-01, 4.703E+00, 0.000E+00, 2.000E-03, 0.000E+00,-1.494E+01
 7.000E+02, 1.000E+02,-5.633E+01,-1.373E+00,-3.842E+01, 3.486E-01,-2.614E-02, 0.000E+00,-8.309E-02, 4.240E+00, 0.000E+00, 2.000E-03, 0.000E+00,-1.715E+01
 7.100E+02, 1.000E+02,-5.647E+01,-2.068E+00,-3.815E+01, 3.501E-01,-6.701E-02, 0.000E+00,-2.344E-01, 3.642E+00, 0.000E+00, 2.000E-03, 0.000E+00,-2.338E+01
 7.200E+02, 1.002E+02,-5.684E+01,-3.713E-01,-3.864E+01, 3.483E-01, 1.071E-01, 0.000E+00, 2.927E-01, 4.792E+00, 0.000E+00, 2.000E-03, 0.000E+00,-1.561E+01
 7.300E+02, 9.981E+01,-5.646E+01,-1.504E+00,-3.787E+01, 3.435E-01,-1.233E-01, 0.000E+00,-3.894E-01, 4.192E+00, 0.000E+00, 2.000E-03, 0.000E+00,-2.596E+01
 7.400E+02, 1.004E+02,-5.683E+01,-1.597E+00,-3.809E+01, 3.476E-01, 1.686E-02, 0.000E+00, 6.230E-02, 4.234E+00, 0.000E+00, 2.000E-03, 0.000E+00,-2.430E+01
 7.500E+02, 1.005E+02,-5.682E+01,-8.905E-01,-3.816E+01, 3.448E-01, 5.733E-02, 0.000E+00, 1.946E-01, 5.040E+00, 0.000E+00, 2.000E-03, 0.000E+00,-1.913E+01
 7.600E+02, 1.002E+02,-5.679E+01,-1.618E+00,-3.802E+01, 3.446E-01, 2.923E-02, 0.000E+00, 1.255E-01, 4.157E+00, 0.000E+00, 2.000E-03, 0.000E+00,-1.580E+01
 7.700E+02, 9.997E+01,-5.676E+01,-7.290E-01,-3.798E+01, 3.405E-01, 1.545E-03, 0.000E+00, 2.781E-02, 4.839E+00, 0.000E+00, 2.000E-03, 0.000E+00,-1.506E+01
 7.800E+02, 1.002E+02,-5.680E+01,-1.719E+00,-3.805E+01, 3.375E-01,-3.050E-02, 0.000E+00,-1.309E-01, 3.960E+00, 0.000E+00, 2.000E-03, 0.000E+00,-1.854E+01
 7.900E+02, 9.988E+01,-5.694E+01,-1.042E+00,-3.807E+01, 3.450E-01, 2.527E-02, 0.000E+00, 1.011E-01, 4.198E+00, 0.000E+00, 2.000E-03, 0.000E+00,-1.586E+01
 8.000E+02, 1.002E+02,-5.689E+01,-1.211E+00,-3.790E+01, 3.383E-01,-6.685E-02, 0.000E+00,-2.793E-01, 4.482E+00, 0.000E+00, 2.000E-03, 0.000E+00,-2.328E+01
 8.100E+02, 9.998E+01,-5.681E+01,-1.020E+00,-3.762E+01, 3.407E-01, 2.420E-02, 0.000E+00, 7.775E-02, 4.896E+00, 0.000E+00, 2.000E-03, 0.000E+00,-2.121E+01
 8.200E+02, 9.973E+01,-5.668E+01,-1.229E+00,-3.759E+01, 3.368E-01,-9.577E-02, 0.000E+00,-3.224E-01, 4.475E+00, 0.000E+00, 2.000E-03, 0.000E+00,-2.978E+01
 8.300E+02, 1.008E+02,-5.691E+01,-1.424E+00,-3.789E+01, 3.374E-01, 1.224E-01, 0.000E+00, 4.236E-01, 5.067E+00, 0.000E+00, 2.000E-03, 0.000E+00,-1.851E+01
 8.400E+02, 1.003E+02,-5.684E+01,-1.677E+00,-3.742E+01, 3.352E-01,-3.136E-03, 0.000E+00,-2.414E-03, 4.687E+00, 0.000E+00, 2.000E-03, 0.000E+00,-1.857E+01
 8.500E+02, 1.001E+02,-5.718E+01,-2.771E+00,-3.719E+01, 3.391E-01,-7.328E-03, 0.000E+00,-3.550E-02, 3.269E+00, 0.000E+00, 2.000E-03, 0.000E+00,-1.952E+01
 8.600E+02, 1.005E+02,-5.738E+01,-1.351E+00,-3.738E+01, 3.391E-01, 2.012E-02, 0.000E+00, 9.652E-02, 4.727E+00, 0.000E+00, 2.000E-03, 0.000E+00,-1.695E+01
 8.700E+02, 9.980E+01,-5.740E+01,-4.536E-01,-3.763E+01, 3.288E-01,-6.308E-02, 0.000E+00,-2.528E-01, 4.586E+00, 0.000E+00, 2.000E-03, 0.000E+00,-2.367E+01
 8.800E+02, 9.996E+01,-5.716E+01,-9.004E-01,-3.750E+01, 3.365E-01,-3.325E-02, 0.000E+00,-1.300E-01, 4.702E+00, 0.000E+00, 2.000E-03, 0.000E+00,-2.712E+01
 8.900E+02, 1.003E+02,-5.732E+01,-9.123E-01,-3.733E+01, 3.312E-01, 2.134E-01, 0.000E+00, 7.061E-01, 5.247E+00, 0.000E+00, 2.000E-03, 0.000E+00,-8.368E+00
 9.000E+02, 1.002E+02,-5.732E+01,-2.111E+00,-3.703E+01, 3.364E-01,-1.074E-01, 0.000E+00,-3.834E-01, 3.953E+00, 0.000E+00, 2.000E-03, 0.000E+00,-1.855E+01
 9.100E+02, 9.989E+01,-5.733E+01,-1.348E+00,-3.771E+01, 3.332E-01,-2.116E-02, 0.000E+00,-7.372E-02, 3.817E+00, 0.000E+00, 2.000E-03, 0.000E+00,-2.051E+01
 9.200E+02, 1.003E+02,-5.750E+01,-1.119E+00,-3.722E+01, 3.333E-01,-4.339E-04, 0.000E+00, 1.664E-03, 4.836E+00, 0.000E+00, 2.000E-03, 0.000E+00,-2.047E+01
 9.300E+02, 1.001E+02,-5.751E+01,-1.973E+00,-3.726E+01, 3.306E-01,-4.250E-02, 0.000E+00,-1.411E-01, 3.629E+00, 0.000E+00, 2.000E-03, 0.000E+00,-2.422E+01
 9.400E+02, 9.997E+01,-5.774E+01,-5.758E-01,-3.742E+01, 3.300E-01, 4.683E-02, 0.000E+00, 1.550E-01, 4.612E+00, 0.000E+00, 2.000E-03, 0.000E+00,-2.010E+01
 9.500E+02, 9.985E+01,-5.742E+01,-1.265E+00,-3.724E+01, 3.335E-01,-5.968E-02, 0.000E+00,-2.186E-01, 4.197E+00, 0.000E+00, 2.000E-03, 0.000E+00,-2.592E+01
 9.600E+02, 1.007E+02,-5.779E+01,-1.412E+00,-3.717E+01, 3.289E-01, 1.749E-01, 0.000E+00, 5.442E-01, 4.828E+00, 0.000E+00, 2.000E-03, 0.000E+00,-1.148E+01
 9.700E+02, 9.974E+01,-5.757E+01,-1.308E+00,-3.711E+01, 3.309E-01,-9.510E-02, 0.000E+00,-3.068E-01, 3.992E+00, 0.000E+00, 2.000E-03, 0.000E+00,-1.964E+01
 9.800E+02, 1.001E+02,-5.769E+01,-1.206E+00,-3.697E+01, 3.234E-01,-4.937E-02, 0.000E+00,-1.929E-01, 4.547E+00, 0.000E+00, 2.000E-03, 0.000E+00,-2.476E+01
 9.900E+02, 9.927E+01,-5.751E+01,-8.054E-01,-3.721E+01, 3.275E-01, 4.784E-02, 0.000E+00, 1.961E-01, 4.114E+00, 0.000E+00, 2.000E-03, 0.000E+00,-1.954E+01
 1.000E+03, 1.012E+02,-5.774E+01,-2.298E+00,-3.692E+01, 3.246E-01,-6.868E-02, 0.000E+00,-2.665E-01, 4.501E+00, 0.000E+00, 2.000E-03, 0.000E+00,-2.663E+01
 1.010E+03, 1.001E+02,-5.795E+01,-9.277E-01,-3.685E+01, 3.265E-01, 6.282E-02, 0.000E+00, 2.055E-01, 4.801E+00, 0.000E+00, 2.000E-03, 0.000E+00,-2.118E+01
 1.020E+03, 1.001E+02,-5.795E+01,-5.166E-01,-3.649E+01, 3.145E-01, 2.136E-01, 0.000E+00, 6.985E-01, 5.680E+00, 0.000E+00, 2.000E-03, 0.000E+00,-2.596E+00
 1.030E+03, 1.002E+02,-5.783E+01,-1.173E+00,-3.667E+01, 3.241E-01,-5.534E-02, 0.000E+00,-1.902E-01, 4.769E+00, 0.000E+00, 2.000E-03, 0.000E+00,-7.646E+00
 1.040E+03, 9.988E+01,-5.789E+01,-7.991E-01,-3.683E+01, 3.228E-01,-1.506E-01, 0.000E+00,-5.172E-01, 4.534E+00, 0.000E+00, 2.000E-03, 0.000E+00,-2.141E+01
 1.050E+03, 1.001E+02,-5.784E+01,-6.110E-01,-3.673E+01, 3.185E-01, 5.392E-02, 0.000E+00, 1.792E-01, 5.312E+00, 0.000E+00, 2.000E-03, 0.000E+00,-1.665E+01
 1.060E+03, 1.003E+02,-5.797E+01,-1.236E+00,-3.658E+01, 3.221E-01, 5.656E-02, 0.000E+00, 1.812E-01, 4.894E+00, 0.000E+00, 2.000E-03, 0.000E+00,-1.183E+01
 1.070E+03, 9.806E+01,-5.794E+01,-2.785E-01,-3.671E+01, 3.216E-01,-2.697E-01, 0.000E+00,-9.763E-01, 3.193E+00, 0.000E+00, 2.000E-03, 0.000E+00,-3.776E+01
 1.080E+03, 9.863E+01,-5.698E+01,-1.644E+00,-3.528E+01, 3.178E-01,-1.353E-01, 0.000E+00,-5.027E-01, 4.897E+00, 0.000E+00, 2.000E-03, 0.000E+00,-5.113E+01
 1.090E+03, 9.906E+01,-5.710E+01,-1.354E+00,-3.531E+01, 3.093E-01, 1.324E-01, 0.000E+00, 4.317E-01, 5.737E+00, 0.000E+00, 2.000E-03, 0.000E+00,-3.968E+01
 1.100E+03, 9.764E+01,-5.663E+01,-1.453E+00,-3.473E+01, 3.005E-01, 1.498E-01, 0.000E+00, 5.112E-01, 5.285E+00, 0.000E+00, 2.000E-03, 0.000E+00,-2.606E+01
 1.110E+03, 1.030E+02,-5.876E+01,-2.794E+00,-3.685E+01, 3.106E-01, 2.125E-01, 0.000E+00, 6.875E-01, 5.160E+00, 0.000E+00, 2.000E-03, 0.000E+00,-7.821E+00
 1.120E+03, 9.465E+01,-5.730E+01, 1.759E+00,-3.555E+01, 2.993E-01,-5.388E-02, 0.000E+00,-1.312E-01, 3.808E+00, 0.000E+00, 2.000E-03, 0.000E+00,-1.131E+01
 1.130E+03, 1.012E+02,-5.764E+01,-4.371E+00,-3.515E+01, 2.478E-01, 8.056E-02, 0.000E+00, 3.334E-01, 4.339E+00, 0.000E+00, 2.000E-03, 0.000E+00,-2.435E+00
 1.140E+03, 1.003E+02,-5.864E+01,-1.001E+00,-3.650E+01, 2.853E-01,-4.115E-02, 0.000E+00,-2.465E-01, 4.434E+00, 0.000E+00, 2.000E-03, 0.000E+00,-8.977E+00
 1.150E+03, 9.614E+01,-5.741E+01,-1.926E-01,-3.547E+01, 2.754E-01,-1.854E-01, 0.000E+00,-6.453E-01, 3.162E+00, 0.000E+00, 2.000E-03, 0.000E+00,-2.612E+01
 1.160E+03, 1.044E+02,-5.830E+01,-4.772E+00,-3.594E+01, 2.895E-01, 1.388E-01, 0.000E+00, 4.252E-01, 5.780E+00, 0.000E+00, 2.000E-03, 0.000E+00,-1.480E+01
 1.170E+03, 9.901E+01,-5.854E+01,-5.772E-01,-3.591E+01, 2.911E-01, 9.690E-02, 0.000E+00, 3.238E-01, 4.369E+00, 0.000E+00, 2.000E-03, 0.000E+00,-6.197E+00
 1.180E+03, 9.726E+01,-5.753E+01,-3.368E-01,-3.500E+01, 2.283E-01, 1.195E-01, 0.000E+00, 3.117E-01, 4.737E+00, 0.000E+00, 2.000E-03, 0.000E+00, 2.093E+00
 1.190E+03, 9.825E+01,-5.833E+01,-1.549E+00,-3.583E+01, 2.669E-01,-6.111E-01, 0.000E+00,-2.192E+00, 2.200E+00, 0.000E+00, 2.000E-03, 0.000E+00,-5.618E+01
 1.200E+03, 1.033E+02,-5.884E+01,-2.781E+00,-3.577E+01, 2.781E-01, 3.643E-01, 0.000E+00, 1.261E+00, 6.505E+00, 0.000E+00, 2.000E-03, 0.000E+00,-2.271E+01
 1.210E+03, 9.428E+01,-5.776E+01, 3.376E+00,-3.511E+01, 2.692E-01, 1.262E-01, 0.000E+00, 4.321E-01, 5.176E+00, 0.000E+00, 2.000E-03, 0.000E+00,-1.123E+01
 1.220E+03, 1.017E+02,-5.797E+01,-4.253E+00,-3.538E+01, 2.512E-01,-3.281E-01, 0.000E+00,-1.218E+00, 4.054E+00, 0.000E+00, 2.000E-03, 0.000E+00,-4.357E+01
 1.230E+03, 9.970E+01,-5.764E+01,-1.451E+00,-3.511E+01, 2.245E-01, 3.976E-01, 0.000E+00, 1.384E+00, 6.119E+00, 0.000E+00, 2.000E-03, 0.000E+00,-6.762E+00
 1.240E+03, 9.907E+01,-5.846E+01, 2.553E-01,-3.530E+01, 2.140E-01, 1.514E-01, 0.000E+00, 6.050E-01, 5.931E+00, 0.000E+00, 2.000E-03, 0.000E+00, 9.283E+00
 1.250E+03, 1.030E+02,-5.946E+01,-6.503E+00,-3.537E+01, 2.707E-01,-7.773E-01, 0.000E+00,-2.807E+00, 1.117E+00, 0.000E+00, 2.000E-03, 0.000E+00,-6.551E+01
 1.260E+03, 1.003E+02,-5.914E+01, 5.463E-01,-3.508E+01, 2.735E-01, 8.260E-01, 0.000E+00, 2.866E+00, 7.730E+00, 0.000E+00, 2.000E-03, 0.000E+00, 1.058E+01
 1.270E+03, 8.560E+01,-5.570E+01, 7.200E+00,-3.335E+01, 2.382E-01, 9.049E-02, 0.000E+00, 2.366E-01, 4.081E+00, 0.000E+00, 2.000E-03, 0.000E+00, 1.686E+01
 1.280E+03, 1.099E+02,-5.928E+01,-1.057E+01,-3.560E+01, 2.601E-01,-3.216E-01, 0.000E+00,-1.108E+00, 4.410E+00, 0.000E+00, 2.000E-03, 0.000E+00,-1.257E+01
 1.290E+03, 1.032E+02,-5.994E+01,-2.919E+00,-3.542E+01, 2.718E-01,-1.261E-02, 0.000E+00,-2.119E-02, 5.231E+00, 0.000E+00, 2.000E-03, 0.000E+00,-1.314E+01
 1.300E+03, 8.700E+01,-5.718E+01, 7.741E+00,-3.472E+01, 2.222E-01,-4.499E-01, 0.000E+00,-1.620E+00, 2.604E+00, 0.000E+00, 2.000E-03, 0.000E+00,-5.617E+01
 1.310E+03, 9.124E+01,-5.498E+01, 2.099E+00,-3.241E+01, 1.815E-01, 6.550E-01, 0.000E+00, 2.291E+00, 6.781E+00, 0.000E+00, 2.000E-03, 0.000E+00, 4.728E+00
 1.320E+03, 7.753E+01,-5.436E+01, 1.067E+01,-3.264E+01, 1.177E-01,-9.195E-01, 0.000E+00,-3.275E+00, 3.985E-01, 0.000E+00, 2.000E-03, 0.000E+00,-8.263E+01
 1.330E+03, 1.215E+02,-5.759E+01,-2.400E+01,-3.392E+01, 1.787E-01, 5.312E-01, 0.000E+00, 1.845E+00, 6.756E+00, 0.000E+00, 2.000E-03, 0.000E+00,-3.377E+01
 1.340E+03, 9.420E+01,-5.787E+01, 3.017E+00,-3.340E+01, 2.557E-01, 1.137E-01, 0.000E+00, 3.776E-01, 6.316E+00, 0.000E+00, 2.000E-03, 0.000E+00,-2.372E+01
 1.350E+03, 9.837E+01,-5.790E+01,-1.920E+00,-3.392E+01, 2.405E-01, 1.996E-01, 0.000E+00, 7.105E-01, 5.068E+00, 0.000E+00, 2.000E-03, 0.000E+00,-4.884E+00
 1.360E+03, 6.928E+01,-5.229E+01, 1.979E+01,-3.148E+01, 8.735E-02, 1.481E-01, 0.000E+00, 4.376E-01, 5.543E+00, 0.000E+00, 2.000E-03, 0.000E+00, 6.771E+00
 1.370E+03, 1.406E+02,-6.284E+01,-3.675E+01,-3.770E+01, 1.929E-01,-6.218E-01, 0.000E+00,-2.155E+00, 2.906E+00, 0.000E+00, 2.000E-03, 0.000E+00,-5.039E+01
 1.380E+03, 7.937E+01,-5.477E+01, 1.127E+01,-3.213E+01, 1.026E-01, 2.538E-01, 0.000E+00, 8.657E-01, 4.100E+00, 0.000E+00, 2.000E-03, 0.000E+00,-2.735E+01
 1.390E+03, 1.043E+02,-5.787E+01,-7.949E+00,-3.477E+01, 1.561E-01,-6.134E-01, 0.000E+00,-2.215E+00, 3.241E+00, 0.000E+00, 2.000E-03, 0.000E+00,-8.613E+01
 1.400E+03, 8.263E+01,-5.460E+01, 9.810E+00,-3.051E+01, 8.573E-02, 1.226E+00, 0.000E+00, 4.275E+00, 8.640E+00, 0.000E+00, 2.000E-03, 0.000E+00, 2.747E+01
 1.410E+03, 1.363E+02,-6.401E+01,-3.230E+01,-3.723E+01, 2.687E-01,-1.094E+00, 0.000E+00,-3.845E+00, 1.887E+00, 0.000E+00, 2.000E-03, 0.000E+00,-7.471E+01
 1.420E+03, 1.118E+02,-6.042E+01,-1.005E+01,-3.538E+01, 1.792E-01, 3.441E-01, 0.000E+00, 1.084E+00, 6.448E+00, 0.000E+00, 2.000E-03, 0.000E+00,-4.591E+01
 1.430E+03, 8.467E+01,-6.062E+01, 1.530E+01,-3.614E+01, 1.928E-01,-4.862E-01, 0.000E+00,-1.731E+00, 2.926E+00, 0.000E+00, 2.000E-03, 0.000E+00,-9.190E+01
 1.440E+03, 9.642E+01,-5.672E+01,-2.037E-01,-3.299E+01, 1.602E-01, 1.042E+00, 0.000E+00, 3.587E+00, 7.708E+00, 0.000E+00, 2.000E-03, 0.000E+00, 3.639E+00
 1.450E+03, 8.132E+01,-5.581E+01, 9.587E+00,-3.256E+01, 1.481E-01,-7.050E-01, 0.000E+00,-2.396E+00, 1.980E+00, 0.000E+00, 2.000E-03, 0.000E+00,-6.001E+01
 1.460E+03, 1.291E+02,-5.920E+01,-3.116E+01,-3.388E+01, 1.736E-01, 1.440E-01, 0.000E+00, 5.502E-01, 5.213E+00, 0.000E+00, 2.000E-03, 0.000E+00,-4.541E+01
 1.470E+03, 9.640E+01,-5.998E+01, 6.126E+00,-3.440E+01, 9.084E-02, 1.394E+00, 0.000E+00, 4.825E+00, 9.638E+00, 0.000E+00, 2.000E-03, 0.000E+00, 8.284E+01
 1.480E+03, 1.154E+02,-6.433E+01,-1.031E+01,-3.842E+01, 2.531E-01,-8.914E-01, 0.000E+00,-3.158E+00, 1.706E+00, 0.000E+00, 2.000E-03, 0.000E+00,-1.078E+00
 1.490E+03, 9.322E+01,-5.961E+01, 4.749E+00,-3.499E+01, 1.966E-01,-6.797E-01, 0.000E+00,-2.430E+00, 2.882E+00, 0.000E+00, 2.000E-03, 0.000E+00,-6.555E+01
 1.500E+03, 9.931E+01,-5.885E+01,-1.381E+00,-3.336E+01, 1.806E-01, 5.302E-01, 0.000E+00, 1.863E+00, 6.432E+00, 0.000E+00, 2.000E-03, 0.000E+00,-1.608E+01
 1.510E+03, 6.465E+01,-5.431E+01, 2.391E+01,-3.130E+01, 7.461E-02,-5.954E-01, 0.000E+00,-2.156E+00, 2.433E+00, 0.000E+00, 2.000E-03, 0.000E+00,-7.344E+01
 1.520E+03, 1.244E+02,-5.790E+01,-2.658E+01,-3.305E+01, 3.077E-01, 8.154E-01, 0.000E+00, 2.919E+00, 7.946E+00, 0.000E+00, 2.000E-03, 0.000E+00, 4.085E+00
 1.530E+03, 8.165E+01,-5.769E+01, 1.181E+01,-3.381E+01, 2.405E-01,-9.545E-01, 0.000E+00,-3.374E+00, 1.250E+00, 0.000E+00, 2.000E-03, 0.000E+00,-8.593E+01
 1.540E+03, 1.270E+02,-6.179E+01,-2.399E+01,-3.468E+01, 2.901E-01, 3.605E-01, 0.000E+00, 1.239E+00, 7.139E+00, 0.000E+00, 2.000E-03, 0.000E+00,-5.309E+01
 1.550E+03, 1.034E+02,-5.975E+01,-2.903E+00,-3.407E+01, 2.071E-01, 6.950E-01, 0.000E+00, 2.475E+00, 7.585E+00, 0.000E+00, 2.000E-03, 0.000E+00, 1.262E+01
 1.560E+03, 9.639E+01,-6.107E+01, 4.037E+00,-3.499E+01, 2.019E-01,-3.115E-01, 0.000E+00,-1.195E+00, 4.259E+00, 0.000E+00, 2.000E-03, 0.000E+00,-1.921E+01
 1.570E+03, 7.793E+01,-5.758E+01, 1.470E+01,-3.401E+01, 1.751E-01,-9.444E-01, 0.000E+00,-3.275E+00, 2.724E-01, 0.000E+00, 2.000E-03, 0.000E+00,-1.063E+02
 1.580E+03, 1.343E+02,-6.205E+01,-2.891E+01,-3.531E+01, 1.808E-01, 1.208E+00, 0.000E+00, 4.145E+00, 9.421E+00, 0.000E+00, 2.000E-03, 0.000E+00, 3.469E+00
 1.590E+03, 9.605E+01,-6.099E+01, 4.316E+00,-3.499E+01, 2.255E-01,-3.626E-01, 0.000E+00,-1.306E+00, 4.249E+00, 0.000E+00, 2.000E-03, 0.000E+00,-3.127E+01
 1.600E+03, 9.544E+01,-5.899E+01, 2.867E+00,-3.387E+01, 2.123E-01, 5.869E-01, 0.000E+00, 2.067E+00, 6.248E+00, 0.000E+00, 2.000E-03, 0.000E+00, 2.372E+01
 1.610E+03, 8.948E+01,-5.713E+01, 5.071E+00,-3.358E+01, 1.505E-01, 5.821E-02, 0.000E+00, 6.997E-02, 4.055E+00, 0.000E+00, 2.000E-03, 0.000E+00, 2.557E+01
 1.620E+03, 9.155E+01,-5.830E+01, 1.999E+00,-3.328E+01, 1.411E-01,-9.130E-01, 0.000E+00,-3.124E+00, 1.198E+00, 0.000E+00, 2.000E-03, 0.000E+00,-5.756E+01
 1.630E+03, 9.644E+01,-5.525E+01,-4.989E+00,-3.159E+01, 8.281E-02,-5.160E-02, 0.000E+00,-1.829E-01, 4.647E+00, 0.000E+00, 2.000E-03, 0.000E+00,-6.241E+01
 1.640E+03, 9.453E+01,-5.724E+01,-8.142E-01,-3.256E+01, 6.689E-02,-7.226E-01, 0.000E+00,-2.656E+00, 3.257E+00, 0.000E+00, 2.000E-03, 0.000E+00,-1.331E+02
 1.650E+03, 1.218E+02,-5.806E+01,-2.436E+01,-3.061E+01, 1.629E-01, 1.378E+00, 0.000E+00, 4.596E+00, 1.036E+01, 0.000E+00, 2.000E-03, 0.000E+00,-1.118E+01
 1.660E+03, 1.025E+02,-6.250E+01, 5.001E-01,-3.588E+01, 2.772E-01,-2.906E-01, 0.000E+00,-1.011E+00, 4.568E+00, 0.000E+00, 2.000E-03, 0.000E+00,-3.803E+01
 1.670E+03, 1.097E+02,-6.071E+01,-1.111E+01,-3.446E+01, 2.530E-01,-2.412E-01, 0.000E+00,-9.089E-01, 3.470E+00, 0.000E+00, 2.000E-03, 0.000E+00,-6.225E+01
 1.680E+03, 9.271E+01,-6.014E+01, 6.824E+00,-3.421E+01, 2.193E-01, 3.437E-01, 0.000E+00, 1.132E+00, 5.747E+00, 0.000E+00, 2.000E-03, 0.000E+00,-3.219E+01
 1.690E+03, 1.057E+02,-5.938E+01,-7.150E+00,-3.397E+01, 1.522E-01, 3.976E-01, 0.000E+00, 1.278E+00, 5.733E+00, 0.000E+00, 2.000E-03, 0.000E+00, 1.717E+00
 1.700E+03, 9.986E+01,-6.005E+01,-1.918E+00,-3.469E+01, 2.112E-01,-6.926E-01, 0.000E+00,-2.402E+00, 2.726E+00, 0.000E+00, 2.000E-03, 0.000E+00,-6.207E+01
 1.710E+03, 1.030E+02,-6.118E+01,-2.954E+00,-3.423E+01, 1.974E-01, 9.956E-02, 0.000E+00, 3.623E-01, 4.888E+00, 0.000E+00, 2.000E-03, 0.000E+00,-5.246E+01
 1.720E+03, 7.517E+01,-5.336E+01, 1.690E+01,-2.930E+01, 4.577E-02, 1.890E+00, 0.000E+00, 6.488E+00, 1.135E+01, 0.000E+00, 2.000E-03, 0.000E+00, 1.204E+02
 1.730E+03, 1.397E+02,-6.722E+01,-3.342E+01,-3.798E+01, 2.700E-01,-1.747E+00, 0.000E+00,-6.266E+00,-4.305E-01, 0.000E+00, 2.000E-03, 0.000E+00,-4.560E+01
 1.740E+03, 1.048E+02,-6.348E+01, 1.338E+00,-3.590E+01, 2.741E-01, 5.526E-01, 0.000E+00, 1.851E+00, 7.603E+00, 0.000E+00, 2.000E-03, 0.000E+00, 3.645E+00
 1.750E+03, 9.305E+01,-6.066E+01, 5.176E+00,-3.414E+01, 2.565E-01,-5.072E-01, 0.000E+00,-1.744E+00, 3.180E+00, 0.000E+00, 2.000E-03, 0.000E+00,-4.262E+01
 1.760E+03, 9.278E+01,-5.881E+01, 4.344E+00,-3.306E+01, 1.985E-01, 4.471E-01, 0.000E+00, 1.558E+00, 5.899E+00, 0.000E+00, 2.000E-03, 0.000E+00,-1.105E+00
 1.770E+03, 8.048E+01,-5.673E+01, 1.323E+01,-3.236E+01, 1.496E-01,-1.859E-01, 0.000E+00,-7.478E-01, 4.582E+00, 0.000E+00, 2.000E-03, 0.000E+00,-2.092E+01
 1.780E+03, 1.274E+02,-6.047E+01,-2.688E+01,-3.478E+01, 1.975E-01,-1.295E-02, 0.000E+00,-1.896E-02, 5.430E+00, 0.000E+00, 2.000E-03, 0.000E+00,-2.142E+01
 1.790E+03, 9.393E+01,-6.122E+01, 6.365E+00,-3.476E+01, 1.821E-01,-3.696E-01, 0.000E+00,-1.312E+00, 4.133E+00, 0.000E+00, 2.000E-03, 0.000E+00,-5.634E+01
 1.800E+03, 1.066E+02,-6.088E+01,-6.400E+00,-3.348E+01, 2.210E-01, 3.230E-01, 0.000E+00, 1.094E+00, 6.402E+00, 0.000E+00, 2.000E-03, 0.000E+00,-2.727E+01
 1.810E+03, 7.440E+01,-5.751E+01, 1.809E+01,-3.216E+01, 1.351E-01,-3.079E-01, 0.000E+00,-1.167E+00, 2.643E+00, 0.000E+00, 2.000E-03, 0.000E+00,-5.829E+01
 1.820E+03, 1.114E+02,-5.800E+01,-1.470E+01,-3.265E+01, 1.553E-01, 6.471E-01, 0.000E+00, 2.261E+00, 6.834E+00, 0.000E+00, 2.000E-03, 0.000E+00, 1.726E+00
 1.830E+03, 8.848E+01,-5.906E+01, 6.295E+00,-3.241E+01, 1.398E-01,-4.016E-01, 0.000E+00,-1.451E+00, 3.054E+00, 0.000E+00, 2.000E-03, 0.000E+00,-3.686E+01
 1.840E+03, 8.661E+01,-5.367E+01, 1.164E+01,-2.788E+01, 9.958E-02, 4.684E+00, 0.000E+00, 1.626E+01, 2.148E+01, 0.000E+00, 2.000E-03, 0.000E+00, 3.950E+02
 1.850E+03, 1.225E+02,-6.155E+01,-3.064E+01,-3.605E+01, 3.040E-01,-4.266E+00, 0.000E+00,-1.503E+01,-9.715E+00, 0.000E+00, 2.000E-03, 0.000E+00,-4.922E+00
 1.860E+03, 1.046E+02,-6.172E+01,-4.877E+00,-3.398E+01, 2.951E-01,-2.366E-01, 0.000E+00,-7.864E-01, 4.078E+00, 0.000E+00, 2.000E-03, 0.000E+00,-2.579E+01
 1.870E+03, 1.009E+02,-6.269E+01, 1.260E+00,-3.519E+01, 2.743E-01,-8.655E-02, 0.000E+00,-3.362E-01, 4.499E+00, 0.000E+00, 2.000E-03, 0.000E+00,-3.473E+01
 1.880E+03, 9.731E+01,-5.939E+01, 6.950E-01,-3.309E+01, 1.997E-01, 9.956E-02, 0.000E+00, 3.416E-01, 5.816E+00, 0.000E+00, 2.000E-03, 0.000E+00,-2.567E+01
 1.890E+03, 1.081E+02,-6.200E+01,-6.488E+00,-3.433E+01, 2.403E-01,-7.695E-02, 0.000E+00,-2.642E-01, 5.477E+00, 0.000E+00, 2.000E-03, 0.000E+00,-3.269E+01
 1.900E+03, 1.033E+02,-6.157E+01,-2.211E+00,-3.448E+01, 2.154E-01, 2.436E-01, 0.000E+00, 7.495E-01, 5.501E+00, 0.000E+00, 2.000E-03, 0.000E+00,-1.276E+01
 1.910E+03, 9.758E+01,-6.111E+01, 1.900E+00,-3.319E+01, 2.314E-01, 2.089E-02, 0.000E+00, 6.274E-02, 5.432E+00, 0.000E+00, 2.000E-03, 0.000E+00,-1.110E+01
 1.920E+03, 8.947E+01,-6.059E+01, 8.282E+00,-3.369E+01, 1.953E-01,-8.731E-01, 0.000E+00,-3.039E+00, 2.795E+00, 0.000E+00, 2.000E-03, 0.000E+00,-9.199E+01
 1.930E+03, 9.788E+01,-5.772E+01,-2.146E+00,-3.206E+01, 1.591E-01, 2.788E-01, 0.000E+00, 9.323E-01, 6.400E+00, 0.000E+00, 2.000E-03, 0.000E+00,-6.720E+01
 1.940E+03, 9.775E+01,-5.741E+01,-3.903E+00,-3.068E+01, 1.591E-01, 4.120E-01, 0.000E+00, 1.380E+00, 6.326E+00, 0.000E+00, 2.000E-03, 0.000E+00,-3.061E+01
 1.950E+03, 8.333E+01,-5.715E+01, 1.135E+01,-3.154E+01, 1.073E-01, 2.567E-01, 0.000E+00, 8.572E-01, 6.354E+00, 0.000E+00, 2.000E-03, 0.000E+00,-7.839E+00
 1.960E+03, 1.117E+02,-6.009E+01,-1.200E+01,-3.317E+01, 1.643E-01, 3.396E-01, 0.000E+00, 1.205E+00, 7.002E+00, 0.000E+00, 2.000E-03, 0.000E+00, 2.425E+01
 1.970E+03, 1.119E+02,-6.124E+01,-1.257E+01,-3.404E+01, 2.110E-01,-4.045E-01, 0.000E+00,-1.451E+00, 3.886E+00, 0.000E+00, 2.000E-03, 0.000E+00,-1.422E+01
 1.980E+03, 1.071E+02,-6.467E+01,-3.143E+00,-3.489E+01, 2.322E-01,-2.864E-01, 0.000E+00,-1.044E+00, 4.338E+00, 0.000E+00, 2.000E-03, 0.000E+00,-4.203E+01
 1.990E+03, 9.962E+01,-6.120E+01,-4.717E-01,-3.306E+01, 2.155E-01, 2.370E-01, 0.000E+00, 8.066E-01, 5.343E+00, 0.000E+00, 2.000E-03, 0.000E+00,-2.062E+01
 2.000E+03, 8.114E+01,-5.963E+01, 1.647E+01,-3.356E+01, 1.580E-01,-4.334E-01, 0.000E+00,-1.564E+00, 4.146E+00, 0.000E+00, 2.000E-03, 0.000E+00,-6.221E+01
 2.010E+03, 1.280E+02,-6.260E+01,-2.470E+01,-3.337E+01, 2.275E-01, 5.989E-01, 0.000E+00, 2.012E+00, 8.161E+00, 0.000E+00, 2.000E-03, 0.000E+00,-8.855E+00
 2.020E+03, 7.078E+01,-5.808E+01, 2.416E+01,-3.243E+01, 1.535E-01,-3.877E-01, 0.000E+00,-1.472E+00, 4.201E+00, 0.000E+00, 2.000E-03, 0.000E+00,-4.803E+01
 2.030E+03, 1.188E+02,-6.013E+01,-2.252E+01,-3.256E+01, 2.346E-01,-1.650E-01, 0.000E+00,-5.650E-01, 3.627E+00, 0.000E+00, 2.000E-03, 0.000E+00,-6.304E+01
 2.040E+03, 7.740E+01,-5.649E+01, 1.438E+01,-3.019E+01, 1.022E-01, 4.016E-01, 0.000E+00, 1.357E+00, 5.613E+00, 0.000E+00, 2.000E-03, 0.000E+00,-2.692E+01
 2.050E+03, 1.248E+02,-6.388E+01,-2.173E+01,-3.400E+01, 3.078E-01,-1.915E-02, 0.000E+00,-2.101E-02, 5.474E+00, 0.000E+00, 2.000E-03, 0.000E+00,-2.747E+01
 2.060E+03, 8.433E+01,-5.961E+01, 1.291E+01,-3.210E+01, 2.027E-01,-8.588E-02, 0.000E+00,-2.483E-01, 5.647E+00, 0.000E+00, 2.000E-03, 0.000E+00,-3.408E+01
 2.070E+03, 1.091E+02,-5.823E+01,-1.361E+01,-3.113E+01, 1.722E-01, 5.017E-01, 0.000E+00, 1.572E+00, 6.788E+00, 0.000E+00, 2.000E-03, 0.000E+00, 7.613E+00
 2.080E+03, 9.443E+01,-6.138E+01, 4.621E+00,-3.395E+01, 2.290E-01,-2.378E-01, 0.000E+00,-8.575E-01, 3.708E+00, 0.000E+00, 2.000E-03, 0.000E+00,-1.521E+01
 2.090E+03, 9.687E+01,-6.016E+01,-1.561E+00,-3.296E+01, 2.435E-01,-4.304E-01, 0.000E+00,-1.484E+00, 2.000E+00, 0.000E+00, 2.000E-03, 0.000E+00,-5.468E+01
 2.100E+03, 1.053E+02,-5.869E+01,-9.182E+00,-3.185E+01, 1.356E-01, 2.346E-01, 0.000E+00, 7.100E-01, 5.906E+00, 0.000E+00, 2.000E-03, 0.000E+00,-3.582E+01
 2.110E+03, 9.498E+01,-6.210E+01, 6.387E+00,-3.451E+01, 1.750E-01,-2.581E-01, 0.000E+00,-9.151E-01, 4.674E+00, 0.000E+00, 2.000E-03, 0.000E+00,-6.009E+01
 2.120E+03, 1.007E+02,-5.991E+01,-2.157E+00,-3.220E+01, 1.684E-01, 7.855E-01, 0.000E+00, 2.732E+00, 7.344E+00, 0.000E+00, 2.000E-03, 0.000E+00, 1.259E+01
 2.130E+03, 7.188E+01,-5.639E+01, 1.855E+01,-3.086E+01, 8.769E-02,-5.750E-01, 0.000E+00,-2.122E+00, 2.699E+00, 0.000E+00, 2.000E-03, 0.000E+00,-4.375E+01
 2.140E+03, 1.363E+02,-6.333E+01,-3.227E+01,-3.456E+01, 2.187E-01, 2.909E-01, 0.000E+00, 1.046E+00, 6.609E+00, 0.000E+00, 2.000E-03, 0.000E+00,-1.589E+01
 2.150E+03, 9.082E+01,-6.181E+01, 7.808E+00,-3.251E+01, 1.733E-01,-1.898E-02, 0.000E+00,-7.798E-02, 4.463E+00, 0.000E+00, 2.000E-03, 0.000E+00,-1.796E+01
 2.160E+03, 6.687E+01,-5.592E+01, 2.119E+01,-3.012E+01, 2.025E-01,-7.047E-01, 0.000E+00,-2.479E+00, 1.521E+00, 0.000E+00, 2.000E-03, 0.000E+00,-8.385E+01
 2.170E+03, 1.198E+02,-5.787E+01,-2.733E+01,-2.945E+01, 2.310E-01, 4.033E-01, 0.000E+00, 1.403E+00, 5.755E+00, 0.000E+00, 2.000E-03, 0.000E+00,-4.655E+01
 2.180E+03, 8.222E+01,-5.562E+01, 1.059E+01,-2.895E+01, 1.059E-01, 1.120E+00, 0.000E+00, 3.897E+00, 9.469E+00, 0.000E+00, 2.000E-03, 0.000E+00, 5.698E+01
 2.190E+03, 1.288E+02,-6.433E+01,-2.549E+01,-3.543E+01, 3.150E-01,-9.604E-01, 0.000E+00,-3.370E+00, 2.882E+00, 0.000E+00, 2.000E-03, 0.000E+00,-3.267E+01
 2.200E+03, 9.092E+01,-6.027E+01, 8.001E+00,-3.288E+01, 1.605E-01, 1.889E-01, 0.000E+00, 6.196E-01, 6.116E+00, 0.000E+00, 2.000E-03, 0.000E+00,-1.622E+01
 2.210E+03, 1.076E+02,-6.511E+01,-4.294E+00,-3.564E+01, 2.277E-01,-1.153E+00, 0.000E+00,-4.043E+00, 1.591E+00, 0.000E+00, 2.000E-03, 0.000E+00,-1.238E+02
 2.220E+03, 1.086E+02,-6.107E+01,-6.948E+00,-3.229E+01, 1.554E-01, 1.488E+00, 0.000E+00, 5.091E+00, 9.963E+00, 0.000E+00, 2.000E-03, 0.000E+00, 1.134E+01
 2.230E+03, 9.206E+01,-5.986E+01, 4.160E+00,-3.209E+01, 1.942E-01,-2.290E-01, 0.000E+00,-8.565E-01, 4.239E+00, 0.000E+00, 2.000E-03, 0.000E+00,-1.138E+01
 2.240E+03, 1.124E+02,-6.259E+01,-1.307E+01,-3.408E+01, 1.955E-01,-7.291E-01, 0.000E+00,-2.592E+00, 2.094E+00, 0.000E+00, 2.000E-03, 0.000E+00,-8.039E+01
 2.250E+03, 8.954E+01,-6.162E+01, 1.255E+01,-3.305E+01, 1.411E-01, 7.535E-01, 0.000E+00, 2.593E+00, 8.315E+00, 0.000E+00, 2.000E-03, 0.000E+00,-1.145E+01
 2.260E+03, 1.170E+02,-6.382E+01,-1.450E+01,-3.411E+01, 2.230E-01,-2.847E-02, 0.000E+00,-6.887E-02, 4.751E+00, 0.000E+00, 2.000E-03, 0.000E+00,-1.328E+01
 2.270E+03, 9.619E+01,-6.285E+01, 5.124E+00,-3.386E+01, 1.909E-01,-4.412E-01, 0.000E+00,-1.587E+00, 4.355E+00, 0.000E+00, 2.000E-03, 0.000E+00,-5.549E+01
 2.280E+03, 1.004E+02,-6.227E+01, 1.110E+00,-3.351E+01, 2.012E-01, 2.345E-01, 0.000E+00, 8.968E-01, 6.118E+00, 0.000E+00, 2.000E-03, 0.000E+00,-3.170E+01
 2.290E+03, 1.056E+02,-6.176E+01,-5.767E+00,-3.292E+01, 1.955E-01, 2.145E-01, 0.000E+00, 7.417E-01, 5.528E+00, 0.000E+00, 2.000E-03, 0.000E+00,-1.199E+01
 2.300E+03, 8.945E+01,-6.061E+01, 8.410E+00,-3.267E+01, 1.536E-01,-2.577E-02, 0.000E+00,-1.637E-01, 4.715E+00, 0.000E+00, 2.000E-03, 0.000E+00,-1.634E+01
 2.310E+03, 8.403E+01,-5.834E+01, 9.619E+00,-3.126E+01, 1.001E-01,-2.495E-02, 0.000E+00,-9.699E-02, 4.127E+00, 0.000E+00, 2.000E-03, 0.000E+00,-1.892E+01
 2.320E+03, 1.298E+02,-6.473E+01,-2.628E+01,-3.387E+01, 2.928E-01,-3.319E-01, 0.000E+00,-1.084E+00, 4.897E+00, 0.000E+00, 2.000E-03, 0.000E+00,-4.766E+01
 2.330E+03, 8.186E+01,-5.803E+01, 1.232E+01,-2.976E+01, 1.684E-01, 3.870E-01, 0.000E+00, 1.146E+00, 6.947E+00, 0.000E+00, 2.000E-03, 0.000E+00,-1.717E+01
 2.340E+03, 1.115E+02,-6.326E+01,-7.899E+00,-3.492E+01, 3.104E-01,-2.147E-01, 0.000E+00,-7.573E-01, 5.474E+00, 0.000E+00, 2.000E-03, 0.000E+00,-3.727E+01
 2.350E+03, 9.950E+01,-6.152E+01, 1.270E+00,-3.352E+01, 2.243E-01, 2.497E-01, 0.000E+00, 8.090E-01, 6.203E+00, 0.000E+00, 2.000E-03, 0.000E+00,-1.576E+01
 2.360E+03, 1.057E+02,-6.212E+01,-5.114E+00,-3.278E+01, 2.335E-01,-1.100E-01, 0.000E+00,-4.235E-01, 5.846E+00, 0.000E+00, 2.000E-03, 0.000E+00,-2.702E+01
 2.370E+03, 9.840E+01,-6.270E+01, 4.047E+00,-3.344E+01, 2.232E-01, 1.959E-01, 0.000E+00, 7.794E-01, 6.719E+00, 0.000E+00, 2.000E-03, 0.000E+00,-6.291E+00
 2.380E+03, 1.019E+02,-6.064E+01,-2.292E+00,-3.282E+01, 1.566E-01, 1.442E-01, 0.000E+00, 3.380E-01, 6.476E+00, 0.000E+00, 2.000E-03, 0.000E+00, 2.698E+00
 2.390E+03, 8.278E+01,-5.892E+01, 1.107E+01,-3.127E+01, 1.195E-01,-6.627E-01, 0.000E+00,-2.246E+00, 3.121E+00, 0.000E+00, 2.000E-03, 0.000E+00,-5.695E+01
 2.400E+03, 1.215E+02,-6.003E+01,-2.361E+01,-3.136E+01, 1.741E-01, 4.212E-01, 0.000E+00, 1.347E+00, 7.092E+00, 0.000E+00, 2.000E-03, 0.000E+00,-2.120E+01
 2.410E+03, 7.754E+01,-5.977E+01, 1.889E+01,-3.269E+01, 2.090E-01,-7.588E-01, 0.000E+00,-2.652E+00, 3.426E+00, 0.000E+00, 2.000E-03, 0.000E+00,-9.183E+01
 2.420E+03, 1.267E+02,-6.207E+01,-2.607E+01,-3.013E+01, 1.935E-01, 1.083E+00, 0.000E+00, 3.575E+00, 9.753E+00, 0.000E+00, 2.000E-03, 0.000E+00, 3.020E+00
 2.430E+03, 9.746E+01,-6.337E+01, 4.639E+00,-3.376E+01, 2.258E-01,-4.385E-01, 0.000E+00,-1.639E+00, 4.755E+00, 0.000E+00, 2.000E-03, 0.000E+00,-4.059E+01
 2.440E+03, 1.065E+02,-6.335E+01,-2.426E+00,-3.436E+01, 2.531E-01,-3.583E-02, 0.000E+00,-1.288E-01, 6.613E+00, 0.000E+00, 2.000E-03, 0.000E+00,-4.400E+01
 2.450E+03, 1.019E+02,-6.240E+01, 1.271E-01,-3.348E+01, 2.643E-01, 2.921E-01, 0.000E+00, 1.003E+00, 6.657E+00, 0.000E+00, 2.000E-03, 0.000E+00,-1.735E+01
 2.460E+03, 8.756E+01,-5.886E+01, 8.289E+00,-3.187E+01, 1.867E-01,-4.260E-02, 0.000E+00,-1.556E-01, 5.265E+00, 0.000E+00, 2.000E-03, 0.000E+00,-2.148E+01
 2.470E+03, 1.042E+02,-6.186E+01,-3.391E+00,-3.317E+01, 2.047E-01,-2.246E-01, 0.000E+00,-8.385E-01, 5.800E+00, 0.000E+00, 2.000E-03, 0.000E+00,-4.377E+01
 2.480E+03, 1.023E+02,-5.941E+01,-6.613E+00,-3.122E+01, 2.071E-01,-6.000E-02, 0.000E+00,-1.886E-01, 5.241E+00, 0.000E+00, 2.000E-03, 0.000E+00,-4.879E+01
 2.490E+03, 8.668E+01,-5.808E+01, 8.359E+00,-3.026E+01, 1.244E-01, 3.902E-01, 0.000E+00, 1.335E+00, 7.220E+00, 0.000E+00, 2.000E-03, 0.000E+00,-1.340E+01
 2.500E+03, 1.014E+02,-6.197E+01,-1.827E+00,-3.316E+01, 1.958E-01,-5.415E-01, 0.000E+00,-1.933E+00, 4.103E+00, 0.000E+00, 2.000E-03, 0.000E+00,-6.477E+01
 2.510E+03, 1.112E+02,-6.097E+01,-1.069E+01,-3.240E+01, 2.019E-01, 4.936E-01, 0.000E+00, 1.716E+00, 7.799E+00, 0.000E+00, 2.000E-03, 0.000E+00,-1.916E+01
 2.520E+03, 9.544E+01,-6.175E+01, 4.083E+00,-3.215E+01, 2.333E-01,-3.595E-02, 0.000E+00,-1.498E-01, 5.815E+00, 0.000E+00, 2.000E-03, 0.000E+00,-2.314E+01
 2.530E+03, 1.059E+02,-6.194E+01,-5.695E+00,-3.237E+01, 2.243E-01,-1.036E-01, 0.000E+00,-3.718E-01, 5.974E+00, 0.000E+00, 2.000E-03, 0.000E+00,-3.305E+01
 2.540E+03, 1.010E+02,-6.306E+01, 1.473E+00,-3.339E+01, 2.534E-01, 3.654E-02, 0.000E+00, 1.329E-01, 6.298E+00, 0.000E+00, 2.000E-03, 0.000E+00,-2.952E+01
 2.550E+03, 9.694E+01,-6.105E+01, 1.584E+00,-3.221E+01, 2.095E-01, 1.170E-01, 0.000E+00, 3.384E-01, 5.590E+00, 0.000E+00, 2.000E-03, 0.000E+00,-2.054E+01
 2.560E+03, 8.979E+01,-5.997E+01, 8.393E+00,-3.186E+01, 1.663E-01,-4.670E-02, 0.000E+00,-1.611E-01, 6.481E+00, 0.000E+00, 2.000E-03, 0.000E+00,-2.483E+01
 2.570E+03, 1.134E+02,-6.184E+01,-1.464E+01,-3.280E+01, 2.397E-01,-5.806E-01, 0.000E+00,-2.124E+00, 3.747E+00, 0.000E+00, 2.000E-03, 0.000E+00,-8.133E+01
 2.580E+03, 8.591E+01,-5.846E+01, 8.673E+00,-3.069E+01, 1.539E-01, 3.302E-01, 0.000E+00, 1.159E+00, 5.923E+00, 0.000E+00, 2.000E-03, 0.000E+00,-5.054E+01
 2.590E+03, 9.587E+01,-6.031E+01, 2.117E+00,-3.175E+01, 1.708E-01,-1.493E-01, 0.000E+00,-5.467E-01, 5.952E+00, 0.000E+00, 2.000E-03, 0.000E+00,-6.506E+01
 2.600E+03, 1.215E+02,-6.282E+01,-1.918E+01,-3.269E+01, 2.541E-01, 5.403E-01, 0.000E+00, 1.851E+00, 7.560E+00, 0.000E+00, 2.000E-03, 0.000E+00,-1.583E+01
 2.610E+03, 1.029E+02,-6.442E+01, 3.765E-01,-3.284E+01, 2.866E-01, 3.165E-03, 0.000E+00, 3.357E-02, 6.299E+00, 0.000E+00, 2.000E-03, 0.000E+00,-1.494E+01
 2.620E+03, 1.003E+02,-6.210E+01,-7.342E-01,-3.178E+01, 2.788E-01,-8.358E-03, 0.000E+00,-7.088E-02, 5.911E+00, 0.000E+00, 2.000E-03, 0.000E+00,-1.682E+01
 2.630E+03, 9.557E+01,-6.231E+01, 3.548E+00,-3.232E+01, 2.701E-01,-3.271E-01, 0.000E+00,-1.178E+00, 4.428E+00, 0.000E+00, 2.000E-03, 0.000E+00,-4.812E+01
 2.640E+03, 9.535E+01,-6.066E+01, 3.034E+00,-3.157E+01, 2.563E-01,-1.407E-02, 0.000E+00,-1.276E-02, 6.397E+00, 0.000E+00, 2.000E-03, 0.000E+00,-4.846E+01
 2.650E+03, 1.057E+02,-6.183E+01,-4.618E+00,-3.262E+01, 2.240E-01, 3.588E-01, 0.000E+00, 1.174E+00, 7.241E+00, 0.000E+00, 2.000E-03, 0.000E+00,-1.725E+01
 2.660E+03, 9.674E+01,-6.178E+01, 2.605E+00,-3.230E+01, 1.856E-01, 6.326E-03, 0.000E+00, 3.450E-02, 5.459E+00, 0.000E+00, 2.000E-03, 0.000E+00,-1.634E+01
 2.670E+03, 8.728E+01,-5.877E+01, 7.031E+00,-3.110E+01, 1.714E-01, 1.463E-01, 0.000E+00, 4.462E-01, 4.752E+00, 0.000E+00, 2.000E-03, 0.000E+00,-4.476E+00
 2.680E+03, 1.121E+02,-6.289E+01,-1.253E+01,-3.268E+01, 2.353E-01,-1.575E-01, 0.000E+00,-5.581E-01, 4.081E+00, 0.000E+00, 2.000E-03, 0.000E+00,-1.934E+01
 2.690E+03, 9.676E+01,-6.210E+01, 3.213E+00,-3.201E+01, 1.802E-01, 3.983E-01, 0.000E+00, 1.358E+00, 6.433E+00, 0.000E+00, 2.000E-03, 0.000E+00, 1.671E+01
 2.700E+03, 9.387E+01,-6.144E+01, 4.115E+00,-3.212E+01, 1.407E-01,-3.185E-01, 0.000E+00,-1.129E+00, 4.243E+00, 0.000E+00, 2.000E-03, 0.000E+00,-1.325E+01
 2.710E+03, 1.115E+02,-6.287E+01,-1.283E+01,-3.160E+01, 2.234E-01, 4.604E-02, 0.000E+00, 1.625E-01, 4.486E+00, 0.000E+00, 2.000E-03, 0.000E+00,-8.924E+00
 2.720E+03, 8.629E+01,-6.089E+01, 1.058E+01,-3.134E+01, 1.769E-01,-1.458E-02, 0.000E+00,-6.665E-02, 4.800E+00, 0.000E+00, 2.000E-03, 0.000E+00,-1.069E+01
 2.730E+03, 1.107E+02,-6.274E+01,-9.418E+00,-3.198E+01, 2.166E-01, 1.242E-01, 0.000E+00, 3.627E-01, 6.918E+00, 0.000E+00, 2.000E-03, 0.000E+00,-1.040E+00
 2.740E+03, 9.469E+01,-6.220E+01, 3.940E+00,-3.213E+01, 1.944E-01,-6.139E-01, 0.000E+00,-2.164E+00, 3.882E+00, 0.000E+00, 2.000E-03, 0.000E+00,-5.854E+01
 2.750E+03, 9.343E+01,-5.743E+01, 3.190E-01,-2.926E+01, 1.110E-01, 5.580E-01, 0.000E+00, 1.955E+00, 7.730E+00, 0.000E+00, 2.000E-03, 0.000E+00,-6.622E+00
 2.760E+03, 1.076E+02,-6.327E+01,-7.851E+00,-3.227E+01, 2.134E-01,-4.695E-01, 0.000E+00,-1.662E+00, 3.954E+00, 0.000E+00, 2.000E-03, 0.000E+00,-5.085E+01
 2.770E+03, 1.026E+02,-5.889E+01,-7.176E+00,-2.966E+01, 9.167E-02, 2.157E-01, 0.000E+00, 6.245E-01, 7.206E+00, 0.000E+00, 2.000E-03, 0.000E+00,-3.429E+01
 2.780E+03, 9.462E+01,-6.254E+01, 6.976E+00,-3.244E+01, 2.217E-01, 1.760E-01, 0.000E+00, 4.735E-01, 7.010E+00, 0.000E+00, 2.000E-03, 0.000E+00,-2.171E+01
 2.790E+03, 1.061E+02,-6.148E+01,-6.838E+00,-3.161E+01, 2.135E-01,-8.375E-02, 0.000E+00,-3.970E-01, 6.264E+00, 0.000E+00, 2.000E-03, 0.000E+00,-3.227E+01
 2.800E+03, 9.523E+01,-6.135E+01, 4.055E+00,-3.129E+01, 1.926E-01, 3.938E-01, 0.000E+00, 1.317E+00, 7.228E+00, 0.000E+00, 2.000E-03, 0.000E+00, 2.703E+00
 2.810E+03, 1.090E+02,-6.393E+01,-7.895E+00,-3.288E+01, 2.208E-01,-3.747E-01, 0.000E+00,-1.196E+00, 4.182E+00, 0.000E+00, 2.000E-03, 0.000E+00,-2.910E+01
 2.820E+03, 9.271E+01,-6.195E+01, 7.511E+00,-3.170E+01, 1.709E-01, 3.891E-01, 0.000E+00, 1.353E+00, 7.130E+00, 0.000E+00, 2.000E-03, 0.000E+00, 6.836E+00
 2.830E+03, 9.225E+01,-5.943E+01, 2.340E+00,-2.995E+01, 1.632E-01,-1.244E-01, 0.000E+00,-4.064E-01, 5.248E+00, 0.000E+00, 2.000E-03, 0.000E+00,-3.982E+00
 2.840E+03, 1.089E+02,-6.149E+01,-8.856E+00,-3.166E+01, 1.613E-01, 1.338E-01, 0.000E+00, 3.678E-01, 7.180E+00, 0.000E+00, 2.000E-03, 0.000E+00, 5.780E+00
 2.850E+03, 9.623E+01,-6.267E+01, 3.000E+00,-3.286E+01, 1.730E-01,-7.285E-01, 0.000E+00,-2.556E+00, 3.152E+00, 0.000E+00, 2.000E-03, 0.000E+00,-6.215E+01
 2.860E+03, 1.134E+02,-6.155E+01,-1.183E+01,-3.198E+01, 1.535E-01, 6.244E-01, 0.000E+00, 2.159E+00, 8.819E+00, 0.000E+00, 2.000E-03, 0.000E+00,-4.788E+00
 2.870E+03, 9.225E+01,-6.371E+01, 7.737E+00,-3.284E+01, 1.966E-01,-4.722E-01, 0.000E+00,-1.636E+00, 3.164E+00, 0.000E+00, 2.000E-03, 0.000E+00,-4.827E+01
 2.880E+03, 1.111E+02,-6.286E+01,-8.355E+00,-3.237E+01, 2.248E-01, 5.899E-01, 0.000E+00, 2.057E+00, 8.306E+00, 0.000E+00, 2.000E-03, 0.000E+00, 6.321E+00
 2.890E+03, 9.363E+01,-6.326E+01, 7.325E+00,-3.278E+01, 2.099E-01,-1.262E-01, 0.000E+00,-4.692E-01, 4.996E+00, 0.000E+00, 2.000E-03, 0.000E+00,-6.169E+00
 2.900E+03, 9.987E+01,-6.205E+01,-1.705E+00,-3.168E+01, 1.950E-01,-4.428E-01, 0.000E+00,-1.537E+00, 4.176E+00, 0.000E+00, 2.000E-03, 0.000E+00,-4.695E+01
 2.910E+03, 9.818E+01,-6.070E+01, 3.978E-01,-3.119E+01, 1.710E-01, 2.989E-01, 0.000E+00, 1.058E+00, 7.150E+00, 0.000E+00, 2.000E-03, 0.000E+00,-1.884E+01
 2.920E+03, 1.021E+02,-6.188E+01,-2.594E+00,-3.166E+01, 1.772E-01,-2.061E-01, 0.000E+00,-7.216E-01, 5.940E+00, 0.000E+00, 2.000E-03, 0.000E+00,-3.805E+01
 2.930E+03, 1.070E+02,-6.354E+01,-4.268E+00,-3.198E+01, 2.540E-01, 4.141E-01, 0.000E+00, 1.447E+00, 7.861E+00, 0.000E+00, 2.000E-03, 0.000E+00, 3.871E-01
 2.940E+03, 8.532E+01,-6.116E+01, 1.276E+01,-3.124E+01, 2.211E-01, 3.275E-01, 0.000E+00, 9.957E-01, 6.215E+00, 0.000E+00, 2.000E-03, 0.000E+00, 2.686E+01
 2.950E+03, 1.100E+02,-6.335E+01,-9.646E+00,-3.275E+01, 2.526E-01,-6.310E-01, 0.000E+00,-2.269E+00, 3.830E+00, 0.000E+00, 2.000E-03, 0.000E+00,-3.338E+01
 2.960E+03, 9.886E+01,-6.139E+01,-8.667E-01,-3.115E+01, 1.998E-01, 3.691E-02, 0.000E+00, 1.335E-01, 5.693E+00, 0.000E+00, 2.000E-03, 0.000E+00,-2.983E+01
 2.970E+03, 9.550E+01,-6.130E+01, 3.289E+00,-3.189E+01, 1.978E-01,-1.074E-01, 0.000E+00,-3.887E-01, 5.689E+00, 0.000E+00, 2.000E-03, 0.000E+00,-4.014E+01
 2.980E+03, 1.044E+02,-6.287E+01,-2.970E+00,-3.218E+01, 2.365E-01, 2.553E-01, 0.000E+00, 8.010E-01, 6.897E+00, 0.000E+00, 2.000E-03, 0.000E+00,-1.885E+01
 2.990E+03, 9.453E+01,-6.067E+01, 4.135E+00,-3.043E+01, 1.955E-01, 4.637E-01, 0.000E+00, 1.576E+00, 8.228E+00, 0.000E+00, 2.000E-03, 0.000E+00, 2.301E+01
 3.000E+03, 1.080E+02,-6.343E+01,-7.613E+00,-3.250E+01, 2.339E-01,-3.982E-01, 0.000E+00,-1.376E+00, 4.242E+00, 0.000E+00, 2.000E-03, 0.000E+00,-1.352E+01
 3.010E+03, 9.217E+01,-6.066E+01, 4.941E+00,-3.108E+01, 1.736E-01,-1.726E-02, 0.000E+00,-7.666E-02, 5.520E+00, 0.000E+00, 2.000E-03, 0.000E+00,-1.556E+01
 3.020E+03, 1.034E+02,-6.313E+01,-2.547E+00,-3.251E+01, 2.225E-01,-5.206E-01, 0.000E+00,-1.804E+00, 4.940E+00, 0.000E+00, 2.000E-03, 0.000E+00,-6.347E+01
 3.030E+03, 9.654E+01,-6.120E+01, 2.595E+00,-3.090E+01, 2.058E-01, 6.927E-02, 0.000E+00, 1.770E-01, 7.306E+00, 0.000E+00, 2.000E-03, 0.000E+00,-5.878E+01
 3.040E+03, 1.047E+02,-6.176E+01,-5.127E+00,-3.106E+01, 2.318E-01, 4.344E-01, 0.000E+00, 1.541E+00, 7.411E+00, 0.000E+00, 2.000E-03, 0.000E+00,-1.780E+01
 3.050E+03, 9.921E+01,-6.286E+01, 1.574E+00,-3.198E+01, 2.340E-01,-9.396E-02, 0.000E+00,-3.324E-01, 6.082E+00, 0.000E+00, 2.000E-03, 0.000E+00,-2.663E+01
 3.060E+03, 9.869E+01,-6.214E+01, 1.752E+00,-3.161E+01, 2.318E-01, 2.800E-01, 0.000E+00, 8.900E-01, 7.212E+00, 0.000E+00, 2.000E-03, 0.000E+00,-2.937E+00
 3.070E+03, 1.061E+02,-6.294E+01,-6.310E+00,-3.175E+01, 2.253E-01,-3.560E-01, 0.000E+00,-1.121E+00, 4.937E+00, 0.000E+00, 2.000E-03, 0.000E+00,-3.267E+01
 3.080E+03, 9.483E+01,-6.186E+01, 5.597E+00,-3.172E+01, 1.906E-01,-3.310E-02, 0.000E+00,-1.648E-01, 7.005E+00, 0.000E+00, 2.000E-03, 0.000E+00,-3.705E+01
 3.090E+03, 1.012E+02,-6.225E+01,-1.080E+00,-3.189E+01, 2.095E-01, 2.737E-01, 0.000E+00, 9.373E-01, 6.508E+00, 0.000E+00, 2.000E-03, 0.000E+00,-1.210E+01
 3.100E+03, 9.647E+01,-6.130E+01, 1.962E+00,-3.117E+01, 1.837E-01,-3.688E-02, 0.000E+00,-9.344E-02, 6.102E+00, 0.000E+00, 2.000E-03, 0.000E+00,-1.458E+01
 3.110E+03, 1.089E+02,-6.364E+01,-7.045E+00,-3.231E+01, 2.529E-01,-2.748E-01, 0.000E+00,-9.850E-01, 5.858E+00, 0.000E+00, 2.000E-03, 0.000E+00,-4.072E+01
 3.120E+03, 9.935E+01,-6.302E+01, 2.644E+00,-3.203E+01, 2.485E-01, 1.618E-01, 0.000E+00, 4.817E-01, 7.356E+00, 0.000E+00, 2.000E-03, 0.000E+00,-2.792E+01
 3.130E+03, 1.007E+02,-6.109E+01,-3.224E+00,-3.098E+01, 2.491E-01, 1.797E-01, 0.000E+00, 5.703E-01, 5.807E+00, 0.000E+00, 2.000E-03, 0.000E+00,-1.278E+01
 3.140E+03, 9.690E+01,-6.190E+01, 9.798E-01,-3.096E+01, 2.313E-01,-3.132E-01, 0.000E+00,-1.020E+00, 4.939E+00, 0.000E+00, 2.000E-03, 0.000E+00,-3.992E+01
 3.150E+03, 1.038E+02,-6.133E+01,-4.686E+00,-2.967E+01, 2.265E-01, 4.491E-01, 0.000E+00, 1.552E+00, 8.781E+00, 0.000E+00, 2.000E-03, 0.000E+00, 1.245E+00
 3.160E+03, 9.947E+01,-6.277E+01, 9.818E-01,-3.127E+01, 2.465E-01,-1.882E-02, 0.000E+00,-9.458E-02, 6.641E+00, 0.000E+00, 2.000E-03, 0.000E+00,-1.267E+00
 3.170E+03, 8.386E+01,-5.946E+01, 1.255E+01,-3.032E+01, 1.409E-01, 3.953E-01, 0.000E+00, 1.340E+00, 7.166E+00, 0.000E+00, 2.000E-03, 0.000E+00, 3.440E+01
 3.180E+03, 1.205E+02,-6.549E+01,-1.666E+01,-3.378E+01, 2.752E-01,-7.428E-01, 0.000E+00,-2.563E+00, 4.061E+00, 0.000E+00, 2.000E-03, 0.000E+00,-3.370E+01
 3.190E+03, 8.802E+01,-6.130E+01, 1.062E+01,-3.073E+01, 1.812E-01, 3.626E-01, 0.000E+00, 1.194E+00, 7.155E+00, 0.000E+00, 2.000E-03, 0.000E+00,-1.979E+00
 3.200E+03, 1.081E+02,-6.375E+01,-6.931E+00,-3.199E+01, 2.417E-01,-1.430E-01, 0.000E+00,-5.044E-01, 5.557E+00, 0.000E+00, 2.000E-03, 0.000E+00,-1.536E+01
 3.210E+03, 9.064E+01,-6.034E+01, 5.417E+00,-3.080E+01, 2.022E-01,-1.676E-01, 0.000E+00,-6.068E-01, 4.954E+00, 0.000E+00, 2.000E-03, 0.000E+00,-3.153E+01
 3.220E+03, 1.045E+02,-6.355E+01,-2.911E+00,-3.253E+01, 2.496E-01,-6.903E-02, 0.000E+00,-2.374E-01, 5.696E+00, 0.000E+00, 2.000E-03, 0.000E+00,-3.784E+01
 3.230E+03, 9.744E+01,-6.074E+01,-7.798E-01,-3.024E+01, 1.855E-01, 1.359E-01, 0.000E+00, 4.867E-01, 6.004E+00, 0.000E+00, 2.000E-03, 0.000E+00,-2.494E+01
 3.240E+03, 9.214E+01,-6.147E+01, 6.127E+00,-3.086E+01, 1.698E-01,-6.714E-03, 0.000E+00,-2.571E-02, 6.098E+00, 0.000E+00, 2.000E-03, 0.000E+00,-2.562E+01
 3.250E+03, 1.062E+02,-6.221E+01,-7.853E+00,-3.088E+01, 1.930E-01,-1.947E-01, 0.000E+00,-6.673E-01, 5.245E+00, 0.000E+00, 2.000E-03, 0.000E+00,-4.332E+01
 3.260E+03, 9.920E+01,-6.009E+01,-2.189E+00,-2.896E+01, 1.516E-01, 2.549E-01, 0.000E+00, 9.254E-01, 8.361E+00, 0.000E+00, 2.000E-03, 0.000E+00,-1.875E+01
 3.270E+03, 1.035E+02,-6.383E+01,-1.969E+00,-3.207E+01, 2.410E-01,-3.422E-01, 0.000E+00,-1.307E+00, 5.544E+00, 0.000E+00, 2.000E-03, 0.000E+00,-5.356E+01
 3.280E+03, 1.028E+02,-6.349E+01, 8.350E-01,-3.152E+01, 2.395E-01, 6.638E-01, 0.000E+00, 2.314E+00, 9.585E+00, 0.000E+00, 2.000E-03, 0.000E+00, 7.814E+00
 3.290E+03, 1.008E+02,-6.389E+01, 7.247E-01,-3.254E+01, 2.607E-01,-4.273E-01, 0.000E+00,-1.486E+00, 4.891E+00, 0.000E+00, 2.000E-03, 0.000E+00,-3.167E+01
 3.300E+03, 9.528E+01,-6.191E+01, 5.166E+00,-3.123E+01, 1.993E-01, 2.502E-01, 0.000E+00, 7.984E-01, 7.753E+00, 0.000E+00, 2.000E-03, 0.000E+00,-1.046E+01
 3.310E+03, 1.023E+02,-6.228E+01,-3.682E+00,-3.097E+01, 2.111E-01,-2.823E-01, 0.000E+00,-1.086E+00, 5.289E+00, 0.000E+00, 2.000E-03, 0.000E+00,-3.931E+01
 3.320E+03, 9.807E+01,-6.187E+01, 1.009E-01,-3.080E+01, 1.869E-01, 8.518E-02, 0.000E+00, 3.517E-01, 5.773E+00, 0.000E+00, 2.000E-03, 0.000E+00,-2.997E+01
 3.330E+03, 8.438E+01,-5.921E+01, 1.106E+01,-2.938E+01, 1.327E-01, 1.914E-01, 0.000E+00, 6.500E-01, 7.183E+00, 0.000E+00, 2.000E-03, 0.000E+00,-1.268E+01
 3.340E+03, 1.131E+02,-6.301E+01,-1.358E+01,-3.105E+01, 1.739E-01,-1.279E-01, 0.000E+00,-4.400E-01, 5.492E+00, 0.000E+00, 2.000E-03, 0.000E+00,-2.436E+01
 3.350E+03, 8.642E+01,-5.652E+01, 5.165E+00,-2.655E+01, 6.961E-02, 5.071E-01, 0.000E+00, 1.689E+00, 9.088E+00, 0.000E+00, 2.000E-03, 0.000E+00, 2.056E+01
 3.360E+03, 1.111E+02,-6.041E+01,-1.463E+01,-2.961E+01, 2.017E-01,-4.924E-03, 0.000E+00, 5.658E-02, 6.645E+00, 0.000E+00, 2.000E-03, 0.000E+00, 2.207E+01
 3.370E+03, 1.058E+02,-6.434E+01,-3.930E+00,-3.206E+01, 1.862E-01,-3.478E-01, 0.000E+00,-1.354E+00, 5.329E+00, 0.000E+00, 2.000E-03, 0.000E+00,-1.390E+01
 3.380E+03, 1.073E+02,-6.494E+01,-3.770E+00,-3.222E+01, 2.117E-01,-4.650E-02, 0.000E+00,-2.124E-01, 6.484E+00, 0.000E+00, 2.000E-03, 0.000E+00,-1.954E+01
 3.390E+03, 9.303E+01,-6.345E+01, 7.600E+00,-3.162E+01, 1.874E-01,-3.024E-02, 0.000E+00,-1.278E-01, 5.706E+00, 0.000E+00, 2.000E-03, 0.000E+00,-2.294E+01
 3.400E+03, 1.028E+02,-6.260E+01,-3.190E+00,-3.145E+01, 1.951E-01,-1.446E-01, 0.000E+00,-5.860E-01, 5.602E+00, 0.000E+00, 2.000E-03, 0.000E+00,-3.851E+01
 3.410E+03, 9.980E+01,-6.311E+01, 1.602E+00,-3.115E+01, 1.908E-01, 2.826E-01, 0.000E+00, 9.861E-01, 7.610E+00, 0.000E+00, 2.000E-03, 0.000E+00,-1.231E+01
 3.420E+03, 9.888E+01,-6.163E+01,-1.002E+00,-3.070E+01, 1.673E-01,-1.729E-01, 0.000E+00,-6.416E-01, 5.545E+00, 0.000E+00, 2.000E-03, 0.000E+00,-2.935E+01
 3.430E+03, 1.046E+02,-6.318E+01,-3.400E+00,-3.132E+01, 2.007E-01, 3.348E-01, 0.000E+00, 1.165E+00, 7.214E+00, 0.000E+00, 2.000E-03, 0.000E+00, 1.616E+00
 3.440E+03, 9.735E+01,-6.284E+01, 1.717E+00,-3.169E+01, 2.037E-01,-2.844E-01, 0.000E+00,-1.008E+00, 4.454E+00, 0.000E+00, 2.000E-03, 0.000E+00,-2.519E+01
 3.450E+03, 9.957E+01,-6.298E+01, 1.135E+00,-3.129E+01, 1.881E-01,-8.740E-02, 0.000E+00,-3.099E-01, 6.535E+00, 0.000E+00, 2.000E-03, 0.000E+00,-3.342E+01
 3.460E+03, 9.984E+01,-6.268E+01, 2.183E-01,-3.099E+01, 1.898E-01,-2.632E-02, 0.000E+00,-1.381E-01, 6.543E+00, 0.000E+00, 2.000E-03, 0.000E+00,-3.708E+01
 3.470E+03, 1.053E+02,-6.384E+01,-3.559E+00,-3.164E+01, 2.303E-01, 8.483E-02, 0.000E+00, 3.133E-01, 6.586E+00, 0.000E+00, 2.000E-03, 0.000E+00,-2.875E+01
 3.480E+03, 9.267E+01,-6.254E+01, 4.961E+00,-3.075E+01, 2.321E-01,-6.656E-02, 0.000E+00,-3.353E-01, 4.506E+00, 0.000E+00, 2.000E-03, 0.000E+00,-3.766E+01
 3.490E+03, 1.006E+02,-6.275E+01,-1.346E+00,-3.019E+01, 2.274E-01, 3.753E-02, 0.000E+00, 1.690E-01, 6.592E+00, 0.000E+00, 2.000E-03, 0.000E+00,-3.317E+01
 3.500E+03, 1.039E+02,-5.969E+01,-7.012E+00,-2.934E+01, 1.618E-01, 3.384E-01, 0.000E+00, 1.151E+00, 8.324E+00, 0.000E+00, 2.000E-03, 0.000E+00,-2.560E+00
 3.510E+03, 8.307E+01,-6.113E+01, 1.524E+01,-3.136E+01, 1.686E-01,-5.716E-02, 0.000E+00,-2.431E-01, 5.929E+00, 0.000E+00, 2.000E-03, 0.000E+00,-9.012E+00
 3.520E+03, 1.202E+02,-6.504E+01,-1.726E+01,-3.119E+01, 2.583E-01, 1.481E-01, 0.000E+00, 5.040E-01, 7.093E+00, 0.000E+00, 2.000E-03, 0.000E+00, 4.385E+00
 3.530E+03, 1.026E+02,-6.371E+01,-2.209E+00,-3.127E+01, 2.725E-01,-2.621E-01, 0.000E+00,-9.109E-01, 5.415E+00, 0.000E+00, 2.000E-03, 0.000E+00,-1.979E+01
 3.540E+03, 9.595E+01,-6.213E+01, 4.312E+00,-3.101E+01, 2.295E-01,-2.174E-02, 0.000E+00,-5.875E-02, 7.326E+00, 0.000E+00, 2.000E-03, 0.000E+00,-2.135E+01
 3.550E+03, 1.063E+02,-6.363E+01,-3.633E+00,-3.168E+01, 2.687E-01, 1.258E-01, 0.000E+00, 3.912E-01, 7.785E+00, 0.000E+00, 2.000E-03, 0.000E+00,-1.096E+01
 3.560E+03, 9.414E+01,-6.318E+01, 5.203E+00,-3.123E+01, 2.547E-01,-3.753E-01, 0.000E+00,-1.324E+00, 4.809E+00, 0.000E+00, 2.000E-03, 0.000E+00,-4.620E+01
 3.570E+03, 1.024E+02,-6.261E+01,-2.179E+00,-3.038E+01, 2.661E-01, 4.987E-01, 0.000E+00, 1.719E+00, 8.024E+00, 0.000E+00, 2.000E-03, 0.000E+00,-5.863E-01
 3.580E+03, 1.035E+02,-6.373E+01,-3.278E+00,-3.099E+01, 2.910E-01,-2.260E-01, 0.000E+00,-7.459E-01, 5.558E+00, 0.000E+00, 2.000E-03, 0.000E+00,-2.040E+01
 3.590E+03, 9.587E+01,-6.340E+01, 5.147E+00,-3.092E+01, 2.692E-01,-1.282E-01, 0.000E+00,-4.621E-01, 6.838E+00, 0.000E+00, 2.000E-03, 0.000E+00,-3.268E+01
 3.600E+03, 1.010E+02,-6.249E+01,-2.751E+00,-2.961E+01, 2.695E-01, 2.853E-01, 0.000E+00, 1.014E+00, 6.697E+00, 0.000E+00, 2.000E-03, 0.000E+00,-5.689E+00
 3.610E+03, 9.790E+01,-6.291E+01, 9.437E-01,-3.090E+01, 2.610E-01,-3.516E-01, 0.000E+00,-1.304E+00, 4.937E+00, 0.000E+00, 2.000E-03, 0.000E+00,-4.032E+01
 3.620E+03, 9.663E+01,-6.152E+01, 1.685E+00,-3.028E+01, 2.464E-01, 2.553E-01, 0.000E+00, 8.850E-01, 7.011E+00, 0.000E+00, 2.000E-03, 0.000E+00,-1.680E+01
 3.630E+03, 1.023E+02,-6.348E+01,-9.088E-01,-3.165E+01, 2.680E-01,-2.891E-01, 0.000E+00,-1.031E+00, 6.230E+00, 0.000E+00, 2.000E-03, 0.000E+00,-4.416E+01
 3.640E+03, 9.989E+01,-6.215E+01,-8.464E-01,-3.054E+01, 2.293E-01, 1.292E-01, 0.000E+00, 4.276E-01, 6.709E+00, 0.000E+00, 2.000E-03, 0.000E+00,-3.279E+01
 3.650E+03, 9.565E+01,-6.170E+01, 3.519E+00,-3.095E+01, 2.168E-01,-2.298E-01, 0.000E+00,-8.565E-01, 6.513E+00, 0.000E+00, 2.000E-03, 0.000E+00,-5.557E+01
 3.660E+03, 1.025E+02,-6.298E+01,-7.009E-01,-3.131E+01, 2.145E-01, 4.041E-01, 0.000E+00, 1.297E+00, 8.104E+00, 0.000E+00, 2.000E-03, 0.000E+00,-2.110E+01
 3.670E+03, 9.961E+01,-6.250E+01, 6.721E-01,-3.027E+01, 2.250E-01, 3.773E-01, 0.000E+00, 1.334E+00, 8.110E+00, 0.000E+00, 2.000E-03, 0.000E+00, 1.433E+01
 3.680E+03, 1.031E+02,-6.291E+01,-4.046E+00,-3.112E+01, 2.587E-01,-2.796E-01, 0.000E+00,-9.507E-01, 5.018E+00, 0.000E+00, 2.000E-03, 0.000E+00,-1.095E+01
 3.690E+03, 1.022E+02,-6.427E+01,-1.920E+00,-3.128E+01, 2.713E-01,-5.447E-02, 0.000E+00,-2.410E-01, 4.966E+00, 0.000E+00, 2.000E-03, 0.000E+00,-1.736E+01
 3.700E+03, 9.693E+01,-6.325E+01, 3.912E+00,-3.121E+01, 2.560E-01, 1.102E-03, 0.000E+00,-1.817E-02, 6.642E+00, 0.000E+00, 2.000E-03, 0.000E+00,-1.784E+01
 3.710E+03, 9.790E+01,-6.275E+01, 2.244E+00,-3.105E+01, 2.581E-01,-1.367E-01, 0.000E+00,-4.825E-01, 6.471E+00, 0.000E+00, 2.000E-03, 0.000E+00,-3.066E+01
 3.720E+03, 1.009E+02,-6.188E+01,-1.067E+00,-3.048E+01, 2.393E-01, 1.690E-01, 0.000E+00, 6.018E-01, 7.905E+00, 0.000E+00, 2.000E-03, 0.000E+00,-1.468E+01
 3.730E+03, 1.006E+02,-6.233E+01,-1.052E+00,-3.041E+01, 2.277E-01, 1.447E-01, 0.000E+00, 4.698E-01, 7.219E+00, 0.000E+00, 2.000E-03, 0.000E+00,-2.191E+00
 3.740E+03, 1.025E+02,-6.358E+01,-1.558E+00,-3.115E+01, 2.599E-01, 2.111E-02, 0.000E+00, 7.920E-02, 6.466E+00, 0.000E+00, 2.000E-03, 0.000E+00,-8.935E-02
 3.750E+03, 1.030E+02,-6.375E+01,-1.715E+00,-3.126E+01, 2.786E-01,-1.559E-01, 0.000E+00,-5.657E-01, 6.390E+00, 0.000E+00, 2.000E-03, 0.000E+00,-1.513E+01
 3.760E+03, 9.969E+01,-6.323E+01, 1.516E-01,-3.060E+01, 2.916E-01,-1.172E-01, 0.000E+00,-4.165E-01, 6.179E+00, 0.000E+00, 2.000E-03, 0.000E+00,-2.621E+01
 3.770E+03, 9.140E+01,-6.229E+01, 7.269E+00,-2.951E+01, 2.432E-01, 2.560E-01, 0.000E+00, 8.283E-01, 7.382E+00, 0.000E+00, 2.000E-03, 0.000E+00,-4.228E+00
 3.780E+03, 1.037E+02,-6.144E+01,-5.711E+00,-3.008E+01, 2.200E-01,-2.677E-01, 0.000E+00,-8.701E-01, 6.442E+00, 0.000E+00, 2.000E-03, 0.000E+00,-2.737E+01
 3.790E+03, 9.747E+01,-6.305E+01, 2.836E+00,-3.118E+01, 2.500E-01, 1.102E-01, 0.000E+00, 2.266E-01, 6.430E+00, 0.000E+00, 2.000E-03, 0.000E+00,-2.135E+01
 3.800E+03, 1.014E+02,-6.284E+01,-2.547E+00,-3.026E+01, 2.285E-01,-1.334E-01, 0.000E+00,-3.946E-01, 5.886E+00, 0.000E+00, 2.000E-03, 0.000E+00,-3.182E+01
 3.810E+03, 9.635E+01,-6.166E+01, 2.568E+00,-3.016E+01, 1.910E-01, 3.581E-01, 0.000E+00, 1.232E+00, 7.657E+00, 0.000E+00, 2.000E-03, 0.000E+00, 9.661E-01
 3.820E+03, 1.009E+02,-6.278E+01,-1.430E+00,-3.093E+01, 2.121E-01,-3.893E-01, 0.000E+00,-1.396E+00, 5.586E+00, 0.000E+00, 2.000E-03, 0.000E+00,-3.613E+01
 3.830E+03, 9.685E+01,-6.232E+01, 3.464E+00,-3.068E+01, 1.924E-01, 4.757E-01, 0.000E+00, 1.654E+00, 7.990E+00, 0.000E+00, 2.000E-03, 0.000E+00, 7.809E+00
 3.840E+03, 1.126E+02,-6.512E+01,-9.331E+00,-3.198E+01, 2.901E-01,-2.547E-01, 0.000E+00,-9.508E-01, 6.167E+00, 0.000E+00, 2.000E-03, 0.000E+00,-1.744E+01
 3.850E+03, 9.514E+01,-6.334E+01, 6.503E+00,-3.110E+01, 2.555E-01, 2.999E-02, 0.000E+00, 1.255E-01, 7.489E+00, 0.000E+00, 2.000E-03, 0.000E+00,-1.410E+01
 3.860E+03, 1.049E+02,-6.335E+01,-5.296E+00,-3.055E+01, 3.045E-01,-3.419E-01, 0.000E+00,-1.228E+00, 5.665E+00, 0.000E+00, 2.000E-03, 0.000E+00,-4.670E+01
 3.870E+03, 9.552E+01,-6.289E+01, 4.123E+00,-3.005E+01, 2.751E-01, 1.851E-02, 0.000E+00, 5.925E-02, 6.988E+00, 0.000E+00, 2.000E-03, 0.000E+00,-4.512E+01
 3.880E+03, 9.803E+01,-6.198E+01, 1.932E+00,-2.992E+01, 2.404E-01, 3.693E-01, 0.000E+00, 1.270E+00, 8.662E+00, 0.000E+00, 2.000E-03, 0.000E+00,-1.138E+01
 3.890E+03, 1.026E+02,-6.320E+01,-2.181E+00,-3.056E+01, 2.640E-01,-4.237E-02, 0.000E+00,-1.500E-01, 6.839E+00, 0.000E+00, 2.000E-03, 0.000E+00,-1.537E+01
 3.900E+03, 9.797E+01,-6.240E+01, 9.258E-01,-2.998E+01, 2.632E-01, 6.869E-02, 0.000E+00, 2.489E-01, 6.853E+00, 0.000E+00, 2.000E-03, 0.000E+00,-8.755E+00
 3.910E+03, 1.014E+02,-6.307E+01,-3.965E+00,-3.008E+01, 2.733E-01,-1.970E-01, 0.000E+00,-7.276E-01, 4.357E+00, 0.000E+00, 2.000E-03, 0.000E+00,-2.806E+01
 3.920E+03, 9.758E+01,-6.320E+01, 2.714E+00,-3.045E+01, 2.376E-01, 1.860E-01, 0.000E+00, 6.470E-01, 7.072E+00, 0.000E+00, 2.000E-03, 0.000E+00,-1.084E+01
 3.930E+03, 1.005E+02,-6.289E+01,-2.564E-01,-3.083E+01, 2.465E-01,-2.844E-01, 0.000E+00,-1.059E+00, 6.436E+00, 0.000E+00, 2.000E-03, 0.000E+00,-3.899E+01
 3.940E+03, 1.004E+02,-6.324E+01, 3.931E-01,-3.066E+01, 2.699E-01, 4.596E-01, 0.000E+00, 1.584E+00, 7.659E+00, 0.000E+00, 2.000E-03, 0.000E+00, 3.022E+00
 3.950E+03, 9.405E+01,-6.138E+01, 1.090E+00,-2.937E+01, 2.272E-01,-4.718E-01, 0.000E+00,-1.684E+00, 4.143E+00, 0.000E+00, 2.000E-03, 0.000E+00,-4.172E+01
 3.960E+03, 1.047E+02,-6.231E+01,-3.938E+00,-3.004E+01, 2.254E-01, 4.292E-01, 0.000E+00, 1.491E+00, 9.056E+00, 0.000E+00, 2.000E-03, 0.000E+00,-2.096E+00
 3.970E+03, 1.014E+02,-6.413E+01,-8.085E-01,-3.034E+01, 2.221E-01,-2.175E-01, 0.000E+00,-7.512E-01, 6.154E+00, 0.000E+00, 2.000E-03, 0.000E+00,-2.208E+01
 3.980E+03, 9.069E+01,-6.178E+01, 7.753E+00,-3.008E+01, 1.933E-01, 4.070E-02, 0.000E+00, 9.769E-02, 6.813E+00, 0.000E+00, 2.000E-03, 0.000E+00,-1.948E+01
 3.990E+03, 1.131E+02,-6.503E+01,-1.120E+01,-3.158E+01, 2.720E-01,-2.807E-01, 0.000E+00,-9.373E-01, 5.289E+00, 0.000E+00, 2.000E-03, 0.000E+00,-4.437E+01
 4.000E+03, 9.787E+01,-6.372E+01, 1.584E+00,-3.021E+01, 2.510E-01, 5.561E-02, 0.000E+00, 1.731E-01, 5.829E+00, 0.000E+00, 2.000E-03, 0.000E+00,-3.976E+01
 4.010E+03, 9.994E+01,-6.443E+01, 1.690E+00,-3.114E+01, 2.714E-01, 1.420E-01, 0.000E+00, 4.989E-01, 6.475E+00, 0.000E+00, 2.000E-03, 0.000E+00,-2.652E+01
 4.020E+03, 9.798E+01,-6.293E+01, 1.994E+00,-3.057E+01, 2.571E-01, 2.478E-02, 0.000E+00, 2.021E-02, 6.747E+00, 0.000E+00, 2.000E-03, 0.000E+00,-2.598E+01
 4.030E+03, 9.932E+01,-6.272E+01, 1.335E+00,-3.019E+01, 2.314E-01, 1.695E-01, 0.000E+00, 6.661E-01, 8.150E+00, 0.000E+00, 2.000E-03, 0.000E+00,-8.288E+00
 4.040E+03, 9.753E+01,-6.243E+01, 1.111E+00,-3.007E+01, 2.023E-01,-4.005E-01, 0.000E+00,-1.570E+00, 5.940E+00, 0.000E+00, 2.000E-03, 0.000E+00,-4.996E+01
 4.050E+03, 1.001E+02,-6.223E+01,-1.220E-01,-3.007E+01, 2.043E-01, 3.392E-01, 0.000E+00, 1.173E+00, 8.248E+00, 0.000E+00, 2.000E-03, 0.000E+00,-1.873E+01
 4.060E+03, 1.026E+02,-6.415E+01,-1.181E+00,-3.092E+01, 2.738E-01,-2.333E-02, 0.000E+00,-1.119E-01, 6.557E+00, 0.000E+00, 2.000E-03, 0.000E+00,-2.170E+01
 4.070E+03, 9.959E+01,-6.340E+01,-1.008E+00,-3.035E+01, 2.681E-01,-3.019E-01, 0.000E+00,-1.098E+00, 4.804E+00, 0.000E+00, 2.000E-03, 0.000E+00,-5.090E+01
 4.080E+03, 9.547E+01,-6.227E+01, 4.305E+00,-2.932E+01, 1.908E-01, 2.407E-01, 0.000E+00, 8.711E-01, 8.614E+00, 0.000E+00, 2.000E-03, 0.000E+00,-2.773E+01
 4.090E+03, 9.537E+01,-6.004E+01, 5.929E-01,-2.917E+01, 1.850E-01, 1.907E-01, 0.000E+00, 6.779E-01, 7.129E+00, 0.000E+00, 2.000E-03, 0.000E+00,-9.736E+00
 4.100E+03, 1.047E+02,-6.377E+01,-4.255E+00,-3.089E+01, 2.060E-01,-2.836E-01, 0.000E+00,-1.026E+00, 5.700E+00, 0.000E+00, 2.000E-03, 0.000E+00,-3.697E+01
 4.110E+03, 1.013E+02,-6.373E+01,-1.628E+00,-3.006E+01, 2.169E-01, 1.759E-01, 0.000E+00, 6.109E-01, 6.312E+00, 0.000E+00, 2.000E-03, 0.000E+00,-2.071E+01
 4.120E+03, 9.698E+01,-6.214E+01, 9.971E-01,-2.981E+01, 1.924E-01, 6.648E-02, 0.000E+00, 1.806E-01, 6.288E+00, 0.000E+00, 2.000E-03, 0.000E+00,-1.591E+01
 4.130E+03, 1.050E+02,-6.518E+01,-1.945E+00,-3.127E+01, 2.319E-01,-1.858E-01, 0.000E+00,-6.464E-01, 6.603E+00, 0.000E+00, 2.000E-03, 0.000E+00,-3.307E+01
 4.140E+03, 1.031E+02,-6.563E+01, 1.238E+00,-3.155E+01, 2.684E-01, 2.528E-02, 0.000E+00, 4.003E-02, 7.414E+00, 0.000E+00, 2.000E-03, 0.000E+00,-3.201E+01
 4.150E+03, 1.021E+02,-6.429E+01,-4.724E-02,-3.092E+01, 2.747E-01, 1.031E-01, 0.000E+00, 4.315E-01, 7.255E+00, 0.000E+00, 2.000E-03, 0.000E+00,-2.053E+01
 4.160E+03, 9.899E+01,-6.379E+01, 1.757E+00,-3.051E+01, 2.673E-01, 1.014E-01, 0.000E+00, 2.930E-01, 6.810E+00, 0.000E+00, 2.000E-03, 0.000E+00,-1.275E+01
 4.170E+03, 9.569E+01,-6.304E+01, 2.969E+00,-3.057E+01, 2.672E-01,-1.725E-01, 0.000E+00,-5.817E-01, 5.143E+00, 0.000E+00, 2.000E-03, 0.000E+00,-2.820E+01
 4.180E+03, 1.014E+02,-6.347E+01,-1.519E+00,-3.013E+01, 2.531E-01,-2.227E-02, 0.000E+00,-1.423E-01, 6.524E+00, 0.000E+00, 2.000E-03, 0.000E+00,-3.198E+01
 4.190E+03, 1.006E+02,-6.344E+01, 3.358E-01,-3.032E+01, 2.471E-01, 6.965E-02, 0.000E+00, 1.997E-01, 7.500E+00, 0.000E+00, 2.000E-03, 0.000E+00,-2.667E+01
 4.200E+03, 9.439E+01,-6.099E+01, 2.266E+00,-2.951E+01, 2.379E-01,-2.223E-03, 0.000E+00, 1.043E-02, 6.392E+00, 0.000E+00, 2.000E-03, 0.000E+00,-2.639E+01
 4.210E+03, 1.014E+02,-6.392E+01,-1.057E+00,-3.062E+01, 2.354E-01,-3.780E-02, 0.000E+00,-1.313E-01, 6.002E+00, 0.000E+00, 2.000E-03, 0.000E+00,-2.988E+01
 4.220E+03, 9.644E+01,-6.226E+01, 1.366E+00,-2.948E+01, 1.946E-01, 2.445E-01, 0.000E+00, 8.353E-01, 6.505E+00, 0.000E+00, 2.000E-03, 0.000E+00,-7.682E+00
 4.230E+03, 1.001E+02,-6.264E+01,-1.226E+00,-2.998E+01, 1.918E-01,-1.705E-01, 0.000E+00,-6.045E-01, 6.271E+00, 0.000E+00, 2.000E-03, 0.000E+00,-2.376E+01
 4.240E+03, 1.035E+02,-6.295E+01,-4.644E+00,-2.999E+01, 2.215E-01,-1.583E-01, 0.000E+00,-5.562E-01, 5.977E+00, 0.000E+00, 2.000E-03, 0.000E+00,-3.853E+01
 4.250E+03, 9.646E+01,-6.336E+01, 4.056E+00,-3.049E+01, 1.903E-01,-4.112E-02, 0.000E+00,-1.673E-01, 6.812E+00, 0.000E+00, 2.000E-03, 0.000E+00,-4.297E+01
 4.260E+03, 9.905E+01,-6.329E+01, 1.571E+00,-2.952E+01, 1.959E-01, 3.752E-01, 0.000E+00, 1.245E+00, 8.381E+00, 0.000E+00, 2.000E-03, 0.000E+00,-9.914E+00
 4.270E+03, 1.011E+02,-6.356E+01,-1.962E+00,-3.000E+01, 2.040E-01,-3.139E-01, 0.000E+00,-1.111E+00, 5.512E+00, 0.000E+00, 2.000E-03, 0.000E+00,-3.941E+01
 4.280E+03, 9.819E+01,-6.259E+01,-3.262E-01,-2.986E+01, 1.934E-01,-3.202E-01, 0.000E+00,-1.130E+00, 5.295E+00, 0.000E+00, 2.000E-03, 0.000E+00,-6.946E+01
 4.290E+03, 1.003E+02,-6.138E+01,-7.079E-01,-2.888E+01, 1.342E-01, 6.558E-01, 0.000E+00, 2.205E+00, 1.014E+01, 0.000E+00, 2.000E-03, 0.000E+00,-1.095E+01
 4.300E+03, 1.061E+02,-6.512E+01,-4.390E+00,-3.048E+01, 2.312E-01, 2.848E-02, 0.000E+00, 4.421E-02, 6.415E+00, 0.000E+00, 2.000E-03, 0.000E+00,-9.771E+00
 4.310E+03, 1.050E+02,-6.591E+01,-1.764E+00,-3.158E+01, 2.688E-01,-1.377E-01, 0.000E+00,-4.465E-01, 5.926E+00, 0.000E+00, 2.000E-03, 0.000E+00,-2.163E+01
 4.320E+03, 9.766E+01,-6.534E+01, 4.963E+00,-3.136E+01, 2.591E-01,-1.041E-01, 0.000E+00,-3.820E-01, 6.085E+00, 0.000E+00, 2.000E-03, 0.000E+00,-3.177E+01
 4.330E+03, 9.840E+01,-6.384E+01, 2.556E+00,-3.054E+01, 2.603E-01,-4.478E-02, 0.000E+00,-1.623E-01, 6.790E+00, 0.000E+00, 2.000E-03, 0.000E+00,-3.609E+01
 4.340E+03, 1.026E+02,-6.435E+01, 1.326E-01,-3.085E+01, 2.755E-01, 1.718E-01, 0.000E+00, 5.844E-01, 7.993E+00, 0.000E+00, 2.000E-03, 0.000E+00,-2.054E+01
 4.350E+03, 1.016E+02,-6.416E+01,-1.955E+00,-3.024E+01, 2.888E-01,-7.278E-02, 0.000E+00,-2.132E-01, 5.463E+00, 0.000E+00, 2.000E-03, 0.000E+00,-2.620E+01
 4.360E+03, 9.453E+01,-6.331E+01, 4.776E+00,-3.006E+01, 2.731E-01,-1.766E-01, 0.000E+00,-6.592E-01, 6.036E+00, 0.000E+00, 2.000E-03, 0.000E+00,-4.374E+01
 4.370E+03, 1.040E+02,-6.378E+01,-4.618E+00,-2.980E+01, 3.016E-01,-1.362E-01, 0.000E+00,-4.421E-01, 5.980E+00, 0.000E+00, 2.000E-03, 0.000E+00,-5.547E+01
 4.380E+03, 9.676E+01,-6.270E+01, 3.328E+00,-2.929E+01, 2.497E-01, 4.038E-01, 0.000E+00, 1.346E+00, 8.746E+00, 0.000E+00, 2.000E-03, 0.000E+00,-1.966E+01
 4.390E+03, 9.825E+01,-6.291E+01, 2.350E+00,-3.003E+01, 2.526E-01, 4.700E-02, 0.000E+00, 1.326E-01, 7.959E+00, 0.000E+00, 2.000E-03, 0.000E+00,-1.613E+01
 4.400E+03, 1.011E+02,-6.252E+01,-2.433E+00,-2.974E+01, 2.345E-01,-2.459E-01, 0.000E+00,-8.832E-01, 6.396E+00, 0.000E+00, 2.000E-03, 0.000E+00,-3.956E+01
 4.410E+03, 1.023E+02,-6.405E+01,-1.534E+00,-3.039E+01, 2.475E-01, 3.794E-01, 0.000E+00, 1.249E+00, 7.005E+00, 0.000E+00, 2.000E-03, 0.000E+00,-6.357E+00
 4.420E+03, 9.371E+01,-6.277E+01, 5.285E+00,-2.977E+01, 2.470E-01,-3.559E-01, 0.000E+00,-1.194E+00, 6.347E+00, 0.000E+00, 2.000E-03, 0.000E+00,-3.803E+01
 4.430E+03, 1.026E+02,-6.256E+01,-2.157E+00,-2.963E+01, 2.181E-01, 3.265E-01, 0.000E+00, 1.177E+00, 8.783E+00, 0.000E+00, 2.000E-03, 0.000E+00,-6.754E+00
 4.440E+03, 9.654E+01,-6.252E+01,-2.832E-02,-2.920E+01, 2.205E-01,-5.131E-01, 0.000E+00,-1.789E+00, 4.498E+00, 0.000E+00, 2.000E-03, 0.000E+00,-5.435E+01
 4.450E+03, 1.036E+02,-6.364E+01,-4.279E+00,-2.931E+01, 2.212E-01, 4.874E-01, 0.000E+00, 1.603E+00, 7.040E+00, 0.000E+00, 2.000E-03, 0.000E+00,-1.176E+01
 4.460E+03, 9.874E+01,-6.333E+01, 3.153E-01,-2.977E+01, 2.221E-01, 6.364E-02, 0.000E+00, 2.547E-01, 6.243E+00, 0.000E+00, 2.000E-03, 0.000E+00,-4.994E+00
 4.470E+03, 1.073E+02,-6.573E+01,-4.887E+00,-3.079E+01, 2.651E-01,-5.191E-02, 0.000E+00,-2.555E-01, 6.089E+00, 0.000E+00, 2.000E-03, 0.000E+00,-1.178E+01
 4.480E+03, 9.399E+01,-6.399E+01, 7.387E+00,-3.024E+01, 2.378E-01, 4.359E-02, 0.000E+00, 1.994E-01, 7.437E+00, 0.000E+00, 2.000E-03, 0.000E+00,-6.481E+00
 4.490E+03, 1.006E+02,-6.370E+01, 7.405E-01,-3.056E+01, 2.531E-01,-2.719E-02, 0.000E+00,-1.067E-01, 7.326E+00, 0.000E+00, 2.000E-03, 0.000E+00,-9.317E+00
 4.500E+03, 1.014E+02,-6.406E+01,-1.679E+00,-3.048E+01, 2.677E-01,-7.619E-01, 0.000E+00,-2.648E+00, 4.649E+00, 0.000E+00, 2.000E-03, 0.000E+00,-7.976E+01
 4.510E+03, 9.479E+01,-6.184E+01, 3.020E+00,-2.877E+01, 2.397E-01, 6.290E-01, 0.000E+00, 2.147E+00, 8.074E+00, 0.000E+00, 2.000E-03, 0.000E+00,-2.269E+01
 4.520E+03, 1.013E+02,-6.351E+01,-1.231E+00,-2.930E+01, 2.366E-01, 3.161E-01, 0.000E+00, 1.097E+00, 7.799E+00, 0.000E+00, 2.000E-03, 0.000E+00, 6.455E+00
 4.530E+03, 1.011E+02,-6.366E+01,-2.515E+00,-2.969E+01, 2.293E-01,-2.563E-01, 0.000E+00,-8.449E-01, 5.213E+00, 0.000E+00, 2.000E-03, 0.000E+00,-1.597E+01
 4.540E+03, 9.973E+01,-6.343E+01, 1.067E+00,-3.003E+01, 2.052E-01, 2.107E-01, 0.000E+00, 6.588E-01, 7.750E+00, 0.000E+00, 2.000E-03, 0.000E+00, 1.561E+00
 4.550E+03, 1.012E+02,-6.417E+01,-1.335E+00,-3.063E+01, 2.131E-01,-6.491E-01, 0.000E+00,-2.283E+00, 4.673E+00, 0.000E+00, 2.000E-03, 0.000E+00,-5.916E+01
 4.560E+03, 9.266E+01,-6.317E+01, 7.569E+00,-2.953E+01, 1.913E-01, 1.675E-01, 0.000E+00, 4.931E-01, 7.894E+00, 0.000E+00, 2.000E-03, 0.000E+00,-4.608E+01
 4.570E+03, 1.079E+02,-6.435E+01,-6.479E+00,-2.986E+01, 2.189E-01, 1.490E-01, 0.000E+00, 5.043E-01, 7.579E+00, 0.000E+00, 2.000E-03, 0.000E+00,-3.269E+01
 4.580E+03, 9.721E+01,-6.341E+01, 3.231E+00,-2.976E+01, 1.907E-01, 5.540E-02, 0.000E+00, 2.118E-01, 7.521E+00, 0.000E+00, 2.000E-03, 0.000E+00,-2.706E+01
 4.590E+03, 1.015E+02,-6.358E+01,-6.857E-01,-2.984E+01, 2.107E-01, 1.826E-02, 0.000E+00, 1.113E-01, 7.628E+00, 0.000E+00, 2.000E-03, 0.000E+00,-2.411E+01
 4.600E+03, 9.359E+01,-6.226E+01, 4.400E+00,-2.922E+01, 1.875E-01,-1.878E-01, 0.000E+00,-7.599E-01, 6.508E+00, 0.000E+00, 2.000E-03, 0.000E+00,-4.430E+01
 4.610E+03, 1.024E+02,-6.291E+01,-3.306E+00,-2.973E+01, 2.150E-01, 1.304E-01, 0.000E+00, 4.983E-01, 6.825E+00, 0.000E+00, 2.000E-03, 0.000E+00,-3.105E+01
 4.620E+03, 9.975E+01,-6.319E+01, 1.183E-01,-2.915E+01, 2.124E-01, 1.663E-01, 0.000E+00, 5.166E-01, 7.901E+00, 0.000E+00, 2.000E-03, 0.000E+00,-1.731E+01
 4.630E+03, 9.833E+01,-6.328E+01, 9.070E-02,-2.963E+01, 2.069E-01,-1.420E-01, 0.000E+00,-5.136E-01, 5.572E+00, 0.000E+00, 2.000E-03, 0.000E+00,-3.096E+01
 4.640E+03, 1.067E+02,-6.557E+01,-4.149E+00,-3.055E+01, 2.527E-01,-1.035E-01, 0.000E+00,-3.555E-01, 6.551E+00, 0.000E+00, 2.000E-03, 0.000E+00,-4.040E+01
 4.650E+03, 1.001E+02,-6.433E+01, 1.453E+00,-3.010E+01, 2.207E-01, 1.762E-01, 0.000E+00, 5.583E-01, 7.502E+00, 0.000E+00, 2.000E-03, 0.000E+00,-2.557E+01
 4.660E+03, 1.033E+02,-6.486E+01,-7.943E-01,-3.008E+01, 2.701E-01, 1.663E-01, 0.000E+00, 6.619E-01, 7.948E+00, 0.000E+00, 2.000E-03, 0.000E+00,-7.971E+00
 4.670E+03, 9.920E+01,-6.464E+01, 1.054E+00,-3.011E+01, 2.691E-01,-1.605E-01, 0.000E+00,-5.893E-01, 5.617E+00, 0.000E+00, 2.000E-03, 0.000E+00,-2.360E+01
 4.680E+03, 1.006E+02,-6.478E+01, 6.867E-01,-3.026E+01, 2.646E-01,-1.477E-01, 0.000E+00,-5.428E-01, 6.395E+00, 0.000E+00, 2.000E-03, 0.000E+00,-3.806E+01
 4.690E+03, 9.901E+01,-6.356E+01, 6.993E-01,-2.904E+01, 2.587E-01, 1.213E-01, 0.000E+00, 3.866E-01, 7.488E+00, 0.000E+00, 2.000E-03, 0.000E+00,-2.782E+01
 4.700E+03, 9.736E+01,-6.392E+01, 2.818E+00,-2.952E+01, 2.370E-01,-4.656E-01, 0.000E+00,-1.674E+00, 6.505E+00, 0.000E+00, 2.000E-03, 0.000E+00,-7.238E+01
 4.710E+03, 1.008E+02,-6.321E+01, 5.502E-01,-2.975E+01, 2.342E-01, 4.394E-01, 0.000E+00, 1.527E+00, 9.093E+00, 0.000E+00, 2.000E-03, 0.000E+00,-3.189E+01
 4.720E+03, 1.020E+02,-6.366E+01,-5.640E-01,-2.979E+01, 2.587E-01, 5.417E-01, 0.000E+00, 1.944E+00, 8.741E+00, 0.000E+00, 2.000E-03, 0.000E+00, 1.982E+01
 4.730E+03, 9.446E+01,-6.170E+01, 1.266E+00,-2.895E+01, 2.073E-01,-5.576E-01, 0.000E+00,-1.981E+00, 4.716E+00, 0.000E+00, 2.000E-03, 0.000E+00,-3.274E+01
 4.740E+03, 1.018E+02,-6.359E+01, 8.825E-03,-2.963E+01, 2.038E-01, 3.011E-01, 0.000E+00, 9.410E-01, 9.082E+00, 0.000E+00, 2.000E-03, 0.000E+00,-7.670E+00
 4.750E+03, 9.956E+01,-6.224E+01,-5.637E-01,-2.881E+01, 2.017E-01, 1.052E-01, 0.000E+00, 3.656E-01, 8.262E+00, 0.000E+00, 2.000E-03, 0.000E+00, 2.018E+00
 4.760E+03, 1.024E+02,-6.468E+01,-1.935E+00,-2.989E+01, 2.270E-01,-2.077E-01, 0.000E+00,-7.404E-01, 5.931E+00, 0.000E+00, 2.000E-03, 0.000E+00,-1.768E+01
 4.770E+03, 1.053E+02,-6.546E+01,-3.303E+00,-3.002E+01, 2.807E-01, 7.936E-02, 0.000E+00, 3.218E-01, 6.908E+00, 0.000E+00, 2.000E-03, 0.000E+00,-9.117E+00
 4.780E+03, 9.953E+01,-6.520E+01, 2.756E+00,-3.072E+01, 2.680E-01, 1.920E-02, 0.000E+00,-1.634E-02, 6.657E+00, 0.000E+00, 2.000E-03, 0.000E+00,-9.551E+00
 4.790E+03, 9.311E+01,-6.316E+01, 7.053E+00,-2.960E+01, 2.463E-01, 5.047E-02, 0.000E+00, 1.305E-01, 7.709E+00, 0.000E+00, 2.000E-03, 0.000E+00,-6.087E+00
 4.800E+03, 1.035E+02,-6.392E+01,-3.039E+00,-2.967E+01, 2.817E-01, 1.018E-02, 0.000E+00, 6.583E-02, 7.181E+00, 0.000E+00, 2.000E-03, 0.000E+00,-4.336E+00
 4.810E+03, 1.007E+02,-6.351E+01,-2.198E+00,-2.951E+01, 2.788E-01,-1.123E-01, 0.000E+00,-4.076E-01, 5.657E+00, 0.000E+00, 2.000E-03, 0.000E+00,-1.516E+01
 4.820E+03, 9.764E+01,-6.296E+01, 1.824E+00,-2.936E+01, 2.594E-01,-1.382E-01, 0.000E+00,-4.686E-01, 7.252E+00, 0.000E+00, 2.000E-03, 0.000E+00,-2.763E+01
 4.830E+03, 9.849E+01,-6.267E+01,-3.152E-01,-2.853E+01, 2.178E-01, 6.355E-02, 0.000E+00, 1.663E-01, 7.249E+00, 0.000E+00, 2.000E-03, 0.000E+00,-2.321E+01
 4.840E+03, 9.681E+01,-6.285E+01, 2.143E+00,-2.906E+01, 1.848E-01, 1.022E-01, 0.000E+00, 3.787E-01, 7.330E+00, 0.000E+00, 2.000E-03, 0.000E+00,-1.316E+01
 4.850E+03, 1.010E+02,-6.299E+01,-2.320E+00,-2.953E+01, 1.964E-01,-4.233E-01, 0.000E+00,-1.579E+00, 5.972E+00, 0.000E+00, 2.000E-03, 0.000E+00,-5.508E+01
 4.860E+03, 1.013E+02,-6.431E+01, 3.311E-01,-2.961E+01, 2.389E-01, 2.998E-01, 0.000E+00, 1.033E+00, 8.246E+00, 0.000E+00, 2.000E-03, 0.000E+00,-2.756E+01
 4.870E+03, 1.046E+02,-6.522E+01,-2.192E+00,-3.042E+01, 2.699E-01,-5.894E-02, 0.000E+00,-1.634E-01, 7.008E+00, 0.000E+00, 2.000E-03, 0.000E+00,-3.190E+01
 4.880E+03, 9.420E+01,-6.300E+01, 3.623E+00,-2.924E+01, 2.336E-01,-3.751E-01, 0.000E+00,-1.342E+00, 5.436E+00, 0.000E+00, 2.000E-03, 0.000E+00,-6.755E+01
 4.890E+03, 1.002E+02,-6.354E+01, 3.042E-01,-2.929E+01, 2.448E-01, 3.115E-01, 0.000E+00, 1.120E+00, 8.246E+00, 0.000E+00, 2.000E-03, 0.000E+00,-3.782E+01
 4.900E+03, 1.014E+02,-6.399E+01,-1.577E+00,-2.913E+01, 2.366E-01, 2.480E-02, 0.000E+00, 4.797E-02, 6.975E+00, 0.000E+00, 2.000E-03, 0.000E+00,-3.654E+01
 4.910E+03, 1.068E+02,-6.565E+01,-2.847E+00,-3.045E+01, 2.742E-01, 1.310E-01, 0.000E+00, 4.025E-01, 8.224E+00, 0.000E+00, 2.000E-03, 0.000E+00,-2.583E+01
 4.920E+03, 9.972E+01,-6.561E+01, 2.352E+00,-3.011E+01, 2.872E-01, 4.016E-03, 0.000E+00, 5.414E-02, 6.645E+00, 0.000E+00, 2.000E-03, 0.000E+00,-2.439E+01
 4.930E+03, 9.913E+01,-6.478E+01, 2.877E+00,-2.952E+01, 2.802E-01, 2.306E-01, 0.000E+00, 7.775E-01, 8.214E+00, 0.000E+00, 2.000E-03, 0.000E+00,-3.726E+00
 4.940E+03, 9.842E+01,-6.340E+01, 2.591E+00,-2.982E+01, 2.658E-01,-9.942E-02, 0.000E+00,-3.527E-01, 7.961E+00, 0.000E+00, 2.000E-03, 0.000E+00,-1.309E+01
 4.950E+03, 9.480E+01,-6.201E+01, 4.304E+00,-2.902E+01, 2.516E-01, 1.570E-01, 0.000E+00, 4.865E-01, 8.482E+00, 0.000E+00, 2.000E-03, 0.000E+00,-1.401E-01
 4.960E+03, 9.926E+01,-6.259E+01,-1.099E+00,-2.909E+01, 2.604E-01,-2.716E-01, 0.000E+00,-9.416E-01, 6.469E+00, 0.000E+00, 2.000E-03, 0.000E+00,-2.514E+01
 4.970E+03, 1.002E+02,-6.265E+01,-1.819E+00,-2.881E+01, 2.199E-01, 6.012E-02, 0.000E+00, 2.094E-01, 7.186E+00, 0.000E+00, 2.000E-03, 0.000E+00,-1.958E+01
 4.980E+03, 1.020E+02,-6.269E+01,-3.103E+00,-2.851E+01, 2.204E-01, 2.416E-01, 0.000E+00, 8.077E-01, 8.152E+00, 0.000E+00, 2.000E-03, 0.000E+00, 1.890E+00
 4.990E+03, 1.056E+02,-6.617E+01,-1.287E+00,-3.103E+01, 2.633E-01,-3.215E-01, 0.000E+00,-1.096E+00, 7.081E+00, 0.000E+00, 2.000E-03, 0.000E+00,-2.727E+01
 5.000E+03, 1.004E+02,-6.505E+01, 1.518E+00,-3.002E+01, 2.857E-01,-9.185E-03, 0.000E+00,-1.569E-02, 7.107E+00, 0.000E+00, 2.000E-03, 0.000E+00,-2.769E+01
 5.010E+03, 9.893E+01,-6.416E+01, 1.801E+00,-2.908E+01, 2.806E-01, 5.737E-02, 0.000E+00, 1.756E-01, 7.821E+00, 0.000E+00, 2.000E-03, 0.000E+00,-2.302E+01
 5.020E+03, 9.944E+01,-6.355E+01, 7.104E-01,-2.954E+01, 2.762E-01, 3.271E-02, 0.000E+00, 1.015E-01, 7.364E+00, 0.000E+00, 2.000E-03, 0.000E+00,-2.033E+01
 5.030E+03, 1.011E+02,-6.443E+01, 1.741E-01,-2.964E+01, 2.747E-01, 1.892E-01, 0.000E+00, 7.009E-01, 7.677E+00, 0.000E+00, 2.000E-03, 0.000E+00,-1.704E+00
 5.040E+03, 1.001E+02,-6.472E+01, 3.207E-01,-2.999E+01, 2.806E-01,-2.335E-01, 0.000E+00,-8.397E-01, 5.752E+00, 0.000E+00, 2.000E-03, 0.000E+00,-2.403E+01
 5.050E+03, 9.458E+01,-6.255E+01, 2.991E+00,-2.889E+01, 2.640E-01,-5.747E-02, 0.000E+00,-2.418E-01, 6.333E+00, 0.000E+00, 2.000E-03, 0.000E+00,-3.046E+01
 5.060E+03, 1.027E+02,-6.365E+01,-3.171E+00,-2.903E+01, 2.783E-01,-2.838E-02, 0.000E+00,-3.040E-02, 7.097E+00, 0.000E+00, 2.000E-03, 0.000E+00,-3.127E+01
 5.070E+03, 9.867E+01,-6.282E+01,-7.208E-01,-2.889E+01, 2.620E-01,-1.774E-01, 0.000E+00,-7.257E-01, 6.320E+00, 0.000E+00, 2.000E-03, 0.000E+00,-5.052E+01
 5.080E+03, 1.007E+02,-6.468E+01, 4.867E-01,-3.029E+01, 2.714E-01, 1.515E-01, 0.000E+00, 5.227E-01, 6.692E+00, 0.000E+00, 2.000E-03, 0.000E+00,-3.663E+01
 5.090E+03, 9.271E+01,-6.260E+01, 4.659E+00,-2.887E+01, 2.363E-01,-2.340E-01, 0.000E+00,-8.236E-01, 5.899E+00, 0.000E+00, 2.000E-03, 0.000E+00,-5.849E+01
 5.100E+03, 1.034E+02,-6.327E+01,-2.627E+00,-2.873E+01, 1.998E-01, 4.141E-01, 0.000E+00, 1.399E+00, 9.405E+00, 0.000E+00, 2.000E-03, 0.000E+00,-2.129E+01
 5.110E+03, 9.773E+01,-6.244E+01, 1.623E+00,-2.918E+01, 1.844E-01, 2.251E-01, 0.000E+00, 6.926E-01, 8.138E+00, 0.000E+00, 2.000E-03, 0.000E+00,-2.871E+00
 5.120E+03, 1.020E+02,-6.444E+01,-1.289E+00,-2.958E+01, 2.481E-01,-6.436E-02, 0.000E+00,-2.217E-01, 6.880E+00, 0.000E+00, 2.000E-03, 0.000E+00,-8.752E+00
 5.130E+03, 1.075E+02,-6.497E+01,-7.252E+00,-3.000E+01, 2.689E-01,-3.719E-02, 0.000E+00,-1.110E-01, 5.460E+00, 0.000E+00, 2.000E-03, 0.000E+00,-1.171E+01
 5.140E+03, 9.986E+01,-6.611E+01, 2.944E+00,-3.035E+01, 2.746E-01,-6.678E-02, 0.000E+00,-2.417E-01, 6.559E+00, 0.000E+00, 2.000E-03, 0.000E+00,-1.813E+01
 5.150E+03, 9.862E+01,-6.523E+01, 3.748E+00,-3.047E+01, 2.794E-01,-1.512E-01, 0.000E+00,-5.499E-01, 6.790E+00, 0.000E+00, 2.000E-03, 0.000E+00,-3.271E+01
 5.160E+03, 9.929E+01,-6.429E+01, 1.639E+00,-2.983E+01, 2.756E-01,-6.978E-02, 0.000E+00,-2.131E-01, 7.007E+00, 0.000E+00, 2.000E-03, 0.000E+00,-3.839E+01
 5.170E+03, 9.519E+01,-6.220E+01, 3.429E+00,-2.852E+01, 2.180E-01, 2.499E-01, 0.000E+00, 8.288E-01, 8.363E+00, 0.000E+00, 2.000E-03, 0.000E+00,-1.638E+01
 5.180E+03, 1.035E+02,-6.351E+01,-4.167E+00,-2.944E+01, 2.563E-01,-1.248E-01, 0.000E+00,-4.321E-01, 6.490E+00, 0.000E+00, 2.000E-03, 0.000E+00,-2.784E+01
 5.190E+03, 9.834E+01,-6.362E+01, 2.134E+00,-2.934E+01, 2.491E-01, 4.815E-03, 0.000E+00, 1.179E-02, 7.767E+00, 0.000E+00, 2.000E-03, 0.000E+00,-2.753E+01
 5.200E+03, 1.044E+02,-6.528E+01,-1.182E+00,-3.012E+01, 2.882E-01,-1.562E-05, 0.000E+00,-2.536E-02, 8.116E+00, 0.000E+00, 2.000E-03, 0.000E+00,-2.820E+01
 5.210E+03, 9.911E+01,-6.454E+01, 4.841E-01,-2.995E+01, 2.861E-01,-1.291E-01, 0.000E+00,-4.360E-01, 5.259E+00, 0.000E+00, 2.000E-03, 0.000E+00,-3.980E+01
 5.220E+03, 9.988E+01,-6.367E+01,-1.167E-01,-2.939E+01, 2.660E-01, 2.741E-01, 0.000E+00, 9.054E-01, 7.242E+00, 0.000E+00, 2.000E-03, 0.000E+00,-1.577E+01
 5.230E+03, 9.948E+01,-6.403E+01, 1.028E+00,-2.948E+01, 2.745E-01,-2.461E-01, 0.000E+00,-8.569E-01, 7.024E+00, 0.000E+00, 2.000E-03, 0.000E+00,-3.857E+01
 5.240E+03, 1.019E+02,-6.430E+01,-6.409E-01,-2.957E+01, 2.842E-01, 2.455E-01, 0.000E+00, 8.547E-01, 7.957E+00, 0.000E+00, 2.000E-03, 0.000E+00,-1.584E+01
 5.250E+03, 9.938E+01,-6.468E+01, 2.418E+00,-3.007E+01, 2.779E-01,-8.616E-02, 0.000E+00,-3.178E-01, 7.242E+00, 0.000E+00, 2.000E-03, 0.000E+00,-2.428E+01
 5.260E+03, 9.942E+01,-6.401E+01, 1.366E+00,-2.936E+01, 2.858E-01,-1.552E-02, 0.000E+00,-6.886E-02, 7.684E+00, 0.000E+00, 2.000E-03, 0.000E+00,-2.611E+01
 5.270E+03, 9.117E+01,-6.147E+01, 5.778E+00,-2.828E+01, 2.366E-01, 3.191E-01, 0.000E+00, 1.053E+00, 7.750E+00, 0.000E+00, 2.000E-03, 0.000E+00, 1.863E+00
 5.280E+03, 9.920E+01,-6.224E+01,-1.883E+00,-2.832E+01, 2.392E-01,-1.821E-01, 0.000E+00,-5.620E-01, 6.817E+00, 0.000E+00, 2.000E-03, 0.000E+00,-1.306E+01
 5.290E+03, 1.040E+02,-6.329E+01,-4.629E+00,-2.891E+01, 2.475E-01,-3.728E-01, 0.000E+00,-1.382E+00, 7.050E+00, 0.000E+00, 2.000E-03, 0.000E+00,-4.984E+01
 5.300E+03, 9.992E+01,-6.351E+01,-2.925E-01,-2.881E+01, 2.636E-01, 1.416E-01, 0.000E+00, 5.079E-01, 7.710E+00, 0.000E+00, 2.000E-03, 0.000E+00,-3.635E+01
 5.310E+03, 9.861E+01,-6.358E+01, 6.846E-01,-2.890E+01, 2.418E-01, 2.358E-01, 0.000E+00, 8.359E-01, 7.291E+00, 0.000E+00, 2.000E-03, 0.000E+00,-1.417E+01
 5.320E+03, 1.058E+02,-6.562E+01,-4.265E+00,-3.067E+01, 2.674E-01,-1.546E-01, 0.000E+00,-5.583E-01, 5.354E+00, 0.000E+00, 2.000E-03, 0.000E+00,-2.901E+01
 5.330E+03, 1.016E+02,-6.624E+01, 1.571E+00,-3.002E+01, 2.845E-01, 1.477E-01, 0.000E+00, 4.866E-01, 7.337E+00, 0.000E+00, 2.000E-03, 0.000E+00,-1.608E+01
 5.340E+03, 9.888E+01,-6.513E+01, 3.088E+00,-2.991E+01, 2.842E-01,-7.681E-02, 0.000E+00,-2.527E-01, 7.138E+00, 0.000E+00, 2.000E-03, 0.000E+00,-2.280E+01
 5.350E+03, 1.003E+02,-6.467E+01, 8.398E-01,-2.999E+01, 2.813E-01,-9.338E-02, 0.000E+00,-3.290E-01, 6.625E+00, 0.000E+00, 2.000E-03, 0.000E+00,-3.154E+01
 5.360E+03, 1.004E+02,-6.431E+01, 1.366E+00,-2.969E+01, 2.806E-01, 2.081E-01, 0.000E+00, 7.366E-01, 8.215E+00, 0.000E+00, 2.000E-03, 0.000E+00,-1.194E+01
 5.370E+03, 9.798E+01,-6.363E+01, 2.355E+00,-2.899E+01, 2.737E-01, 1.285E-01, 0.000E+00, 4.346E-01, 8.117E+00, 0.000E+00, 2.000E-03, 0.000E+00,-4.222E-01
 5.380E+03, 1.013E+02,-6.391E+01,-2.759E+00,-2.880E+01, 2.942E-01,-3.297E-01, 0.000E+00,-1.205E+00, 5.796E+00, 0.000E+00, 2.000E-03, 0.000E+00,-3.251E+01
 5.390E+03, 9.369E+01,-6.304E+01, 3.162E+00,-2.820E+01, 2.707E-01,-2.008E-01, 0.000E+00,-7.365E-01, 5.683E+00, 0.000E+00, 2.000E-03, 0.000E+00,-5.205E+01
 5.400E+03, 9.846E+01,-6.273E+01, 1.350E+00,-2.879E+01, 2.546E-01, 8.440E-02, 0.000E+00, 2.917E-01, 8.638E+00, 0.000E+00, 2.000E-03, 0.000E+00,-4.429E+01
 5.410E+03, 9.826E+01,-6.216E+01,-6.179E-01,-2.826E+01, 2.338E-01,-5.203E-05, 0.000E+00, 4.857E-02, 7.448E+00, 0.000E+00, 2.000E-03, 0.000E+00,-4.300E+01
 5.420E+03, 1.037E+02,-6.378E+01,-2.603E+00,-2.883E+01, 2.449E-01, 4.599E-01, 0.000E+00, 1.533E+00, 9.171E+00, 0.000E+00, 2.000E-03, 0.000E+00,-2.284E+00
 5.430E+03, 1.020E+02,-6.434E+01,-1.159E+00,-2.951E+01, 2.685E-01,-2.487E-01, 0.000E+00,-8.966E-01, 7.066E+00, 0.000E+00, 2.000E-03, 0.000E+00,-2.609E+01
 5.440E+03, 1.012E+02,-6.423E+01, 2.446E-01,-2.923E+01, 2.656E-01, 1.294E-01, 0.000E+00, 4.382E-01, 8.396E+00, 0.000E+00, 2.000E-03, 0.000E+00,-1.443E+01
 5.450E+03, 9.782E+01,-6.367E+01, 1.242E+00,-2.927E+01, 2.647E-01,-1.124E-01, 0.000E+00,-3.883E-01, 6.270E+00, 0.000E+00, 2.000E-03, 0.000E+00,-2.475E+01
 5.460E+03, 1.036E+02,-6.505E+01,-2.690E+00,-2.959E+01, 2.786E-01, 8.149E-02, 0.000E+00, 2.576E-01, 6.668E+00, 0.000E+00, 2.000E-03, 0.000E+00,-1.792E+01
 5.470E+03, 1.007E+02,-6.554E+01, 1.115E-01,-2.980E+01, 2.859E-01,-1.604E-02, 0.000E+00,-6.181E-02, 5.763E+00, 0.000E+00, 2.000E-03, 0.000E+00,-1.956E+01
 5.480E+03, 9.908E+01,-6.418E+01, 1.228E+00,-2.944E+01, 2.711E-01,-3.649E-02, 0.000E+00,-1.627E-01, 6.925E+00, 0.000E+00, 2.000E-03, 0.000E+00,-2.388E+01
 5.490E+03, 1.005E+02,-6.502E+01, 2.362E+00,-3.012E+01, 2.806E-01, 2.498E-02, 0.000E+00, 9.715E-02, 8.030E+00, 0.000E+00, 2.000E-03, 0.000E+00,-2.130E+01
 5.500E+03, 9.405E+01,-6.337E+01, 4.799E+00,-2.915E+01, 2.588E-01,-3.349E-02, 0.000E+00,-1.783E-01, 6.558E+00, 0.000E+00, 2.000E-03, 0.000E+00,-2.604E+01
 5.510E+03, 1.049E+02,-6.434E+01,-5.193E+00,-2.934E+01, 2.879E-01, 2.102E-02, 0.000E+00, 1.120E-01, 6.362E+00, 0.000E+00, 2.000E-03, 0.000E+00,-2.306E+01
 5.520E+03, 9.620E+01,-6.360E+01, 2.701E+00,-2.889E+01, 2.663E-01,-8.130E-02, 0.000E+00,-3.148E-01, 6.603E+00, 0.000E+00, 2.000E-03, 0.000E+00,-3.141E+01
 5.530E+03, 1.020E+02,-6.465E+01,-1.269E+00,-2.958E+01, 2.778E-01, 3.667E-03, 0.000E+00,-1.165E-02, 6.741E+00, 0.000E+00, 2.000E-03, 0.000E+00,-3.172E+01
 5.540E+03, 1.009E+02,-6.456E+01,-2.524E-01,-2.924E+01, 2.806E-01, 4.976E-02, 0.000E+00, 1.383E-01, 7.155E+00, 0.000E+00, 2.000E-03, 0.000E+00,-2.806E+01
 5.550E+03, 9.241E+01,-6.369E+01, 8.034E+00,-2.908E+01, 2.486E-01, 1.398E-01, 0.000E+00, 5.348E-01, 8.067E+00, 0.000E+00, 2.000E-03, 0.000E+00,-1.383E+01
 5.560E+03, 1.028E+02,-6.330E+01,-5.086E+00,-2.862E+01, 2.575E-01,-2.992E-01, 0.000E+00,-1.113E+00, 5.776E+00, 0.000E+00, 2.000E-03, 0.000E+00,-4.341E+01
 5.570E+03, 9.986E+01,-6.388E+01, 1.436E+00,-2.895E+01, 2.500E-01, 3.638E-01, 0.000E+00, 1.320E+00, 9.071E+00, 0.000E+00, 2.000E-03, 0.000E+00,-8.381E+00
 5.580E+03, 1.012E+02,-6.386E+01,-1.629E+00,-2.921E+01, 2.621E-01,-3.265E-01, 0.000E+00,-1.184E+00, 6.425E+00, 0.000E+00, 2.000E-03, 0.000E+00,-3.991E+01
 5.590E+03, 9.763E+01,-6.407E+01, 2.346E+00,-2.904E+01, 2.593E-01, 4.694E-02, 0.000E+00, 1.416E-01, 7.171E+00, 0.000E+00, 2.000E-03, 0.000E+00,-3.616E+01
 5.600E+03, 1.050E+02,-6.525E+01,-3.241E+00,-2.969E+01, 2.714E-01, 1.167E-01, 0.000E+00, 4.233E-01, 7.239E+00, 0.000E+00, 2.000E-03, 0.000E+00,-2.491E+01
 5.610E+03, 9.450E+01,-6.281E+01, 4.370E+00,-2.832E+01, 2.252E-01, 4.298E-03, 0.000E+00,-1.237E-03, 7.966E+00, 0.000E+00, 2.000E-03, 0.000E+00,-2.494E+01
 5.620E+03, 1.038E+02,-6.480E+01,-2.398E+00,-2.944E+01, 2.684E-01, 3.118E-02, 0.000E+00, 4.707E-02, 7.464E+00, 0.000E+00, 2.000E-03, 0.000E+00,-2.369E+01
 5.630E+03, 9.860E+01,-6.395E+01, 7.497E-01,-2.863E+01, 2.653E-01,-2.129E-01, 0.000E+00,-6.917E-01, 6.813E+00, 0.000E+00, 2.000E-03, 0.000E+00,-4.209E+01
 5.640E+03, 9.870E+01,-6.314E+01, 5.387E-01,-2.825E+01, 2.394E-01, 1.378E-01, 0.000E+00, 3.898E-01, 8.229E+00, 0.000E+00, 2.000E-03, 0.000E+00,-3.171E+01
 5.650E+03, 1.010E+02,-6.408E+01,-3.936E-01,-2.866E+01, 2.483E-01, 1.496E-04, 0.000E+00,-2.474E-04, 8.144E+00, 0.000E+00, 2.000E-03, 0.000E+00,-3.172E+01
 5.660E+03, 9.851E+01,-6.421E+01, 2.127E+00,-2.878E+01, 2.314E-01, 9.477E-02, 0.000E+00, 3.361E-01, 7.981E+00, 0.000E+00, 2.000E-03, 0.000E+00,-2.279E+01
 5.670E+03, 9.816E+01,-6.341E+01, 1.178E+00,-2.870E+01, 2.318E-01,-1.978E-01, 0.000E+00,-7.592E-01, 7.257E+00, 0.000E+00, 2.000E-03, 0.000E+00,-4.298E+01
 5.680E+03, 1.060E+02,-6.499E+01,-5.113E+00,-2.945E+01, 2.745E-01, 2.046E-01, 0.000E+00, 7.091E-01, 6.945E+00, 0.000E+00, 2.000E-03, 0.000E+00,-2.415E+01
 5.690E+03, 1.015E+02,-6.615E+01, 8.043E-01,-2.982E+01, 2.894E-01,-1.363E-02, 0.000E+00,-2.686E-02, 6.593E+00, 0.000E+00, 2.000E-03, 0.000E+00,-2.486E+01
 5.700E+03, 1.000E+02,-6.518E+01, 3.024E+00,-2.935E+01, 2.851E-01, 1.682E-01, 0.000E+00, 5.916E-01, 8.943E+00, 0.000E+00, 2.000E-03, 0.000E+00,-9.149E+00
 5.710E+03, 1.001E+02,-6.469E+01, 1.517E+00,-2.956E+01, 2.788E-01,-1.544E-02, 0.000E+00,-7.363E-02, 7.639E+00, 0.000E+00, 2.000E-03, 0.000E+00,-1.110E+01
 5.720E+03, 9.876E+01,-6.421E+01, 2.364E+00,-2.959E+01, 2.798E-01,-8.410E-02, 0.000E+00,-3.020E-01, 7.513E+00, 0.000E+00, 2.000E-03, 0.000E+00,-1.913E+01
 5.730E+03, 1.010E+02,-6.422E+01,-1.755E+00,-2.873E+01, 2.896E-01,-2.032E-02, 0.000E+00,-1.015E-01, 6.538E+00, 0.000E+00, 2.000E-03, 0.000E+00,-2.183E+01
 5.740E+03, 9.946E+01,-6.447E+01, 5.602E-01,-2.929E+01, 2.835E-01, 5.510E-02, 0.000E+00, 2.106E-01, 6.599E+00, 0.000E+00, 2.000E-03, 0.000E+00,-1.622E+01
 5.750E+03, 9.659E+01,-6.294E+01, 7.070E-01,-2.818E+01, 2.704E-01,-2.751E-01, 0.000E+00,-9.539E-01, 6.175E+00, 0.000E+00, 2.000E-03, 0.000E+00,-4.155E+01
 5.760E+03, 9.527E+01,-6.205E+01, 3.035E+00,-2.794E+01, 2.316E-01, 1.713E-01, 0.000E+00, 5.573E-01, 8.711E+00, 0.000E+00, 2.000E-03, 0.000E+00,-2.671E+01
 5.770E+03, 1.016E+02,-6.369E+01,-9.783E-01,-2.879E+01, 2.470E-01, 7.516E-02, 0.000E+00, 2.832E-01, 8.451E+00, 0.000E+00, 2.000E-03, 0.000E+00,-1.919E+01
 5.780E+03, 9.884E+01,-6.206E+01,-9.799E-01,-2.761E+01, 2.070E-01, 5.032E-01, 0.000E+00, 1.761E+00, 8.899E+00, 0.000E+00, 2.000E-03, 0.000E+00, 2.750E+01
 5.790E+03, 1.007E+02,-6.433E+01,-1.661E+00,-2.902E+01, 2.504E-01,-4.099E-01, 0.000E+00,-1.528E+00, 5.578E+00, 0.000E+00, 2.000E-03, 0.000E+00,-1.319E+01
 5.800E+03, 9.969E+01,-6.375E+01,-1.324E+00,-2.830E+01, 2.087E-01,-3.295E-01, 0.000E+00,-1.161E+00, 6.194E+00, 0.000E+00, 2.000E-03, 0.000E+00,-4.400E+01
 5.810E+03, 9.956E+01,-6.510E+01, 1.783E+00,-2.908E+01, 2.377E-01,-6.822E-02, 0.000E+00,-2.417E-01, 7.342E+00, 0.000E+00, 2.000E-03, 0.000E+00,-5.043E+01
 5.820E+03, 9.790E+01,-6.380E+01, 2.887E+00,-2.865E+01, 1.969E-01, 2.310E-01, 0.000E+00, 7.739E-01, 8.767E+00, 0.000E+00, 2.000E-03, 0.000E+00,-2.988E+01
 5.830E+03, 1.046E+02,-6.411E+01,-3.637E+00,-2.830E+01, 2.377E-01, 2.225E-01, 0.000E+00, 7.718E-01, 9.007E+00, 0.000E+00, 2.000E-03, 0.000E+00,-9.381E+00
 5.840E+03, 1.041E+02,-6.666E+01,-1.522E-01,-3.006E+01, 2.825E-01,-5.063E-02, 0.000E+00,-1.996E-01, 7.506E+00, 0.000E+00, 2.000E-03, 0.000E+00,-1.469E+01
 5.850E+03, 9.977E+01,-6.572E+01, 7.912E-01,-2.944E+01, 2.934E-01,-5.155E-03, 0.000E+00, 1.402E-02, 5.683E+00, 0.000E+00, 2.000E-03, 0.000E+00,-1.432E+01
 5.860E+03, 9.905E+01,-6.426E+01,-1.144E+00,-2.842E+01, 2.831E-01,-1.000E-01, 0.000E+00,-4.127E-01, 5.415E+00, 0.000E+00, 2.000E-03, 0.000E+00,-2.527E+01
 5.870E+03, 9.936E+01,-6.526E+01, 3.175E+00,-2.942E+01, 2.729E-01,-8.949E-02, 0.000E+00,-2.669E-01, 8.043E+00, 0.000E+00, 2.000E-03, 0.000E+00,-3.237E+01
 5.880E+03, 9.941E+01,-6.434E+01, 2.023E+00,-2.894E+01, 2.709E-01, 1.028E-01, 0.000E+00, 3.449E-01, 8.528E+00, 0.000E+00, 2.000E-03, 0.000E+00,-2.318E+01
 5.890E+03, 1.002E+02,-6.394E+01,-8.140E-01,-2.912E+01, 2.693E-01, 1.135E-01, 0.000E+00, 4.155E-01, 6.712E+00, 0.000E+00, 2.000E-03, 0.000E+00,-1.216E+01
 5.900E+03, 9.863E+01,-6.473E+01, 1.329E+00,-2.913E+01, 2.682E-01,-5.840E-02, 0.000E+00,-2.668E-01, 6.310E+00, 0.000E+00, 2.000E-03, 0.000E+00,-1.926E+01
 5.910E+03, 1.017E+02,-6.478E+01,-8.416E-01,-2.909E+01, 2.748E-01, 1.203E-01, 0.000E+00, 4.216E-01, 7.359E+00, 0.000E+00, 2.000E-03, 0.000E+00,-8.067E+00
 5.920E+03, 1.004E+02,-6.514E+01, 9.838E-02,-2.976E+01, 2.895E-01,-2.121E-01, 0.000E+00,-7.538E-01, 5.692E+00, 0.000E+00, 2.000E-03, 0.000E+00,-2.809E+01
 5.930E+03, 1.005E+02,-6.498E+01, 1.890E+00,-2.970E+01, 2.776E-01, 8.331E-02, 0.000E+00, 2.874E-01, 8.028E+00, 0.000E+00, 2.000E-03, 0.000E+00,-2.045E+01
 5.940E+03, 1.001E+02,-6.467E+01, 1.608E+00,-2.967E+01, 2.754E-01,-6.630E-02, 0.000E+00,-2.270E-01, 7.592E+00, 0.000E+00, 2.000E-03, 0.000E+00,-2.647E+01
 5.950E+03, 1.006E+02,-6.449E+01, 1.658E-01,-2.915E+01, 2.855E-01, 1.120E-01, 0.000E+00, 3.932E-01, 7.545E+00, 0.000E+00, 2.000E-03, 0.000E+00,-1.602E+01
 5.960E+03, 9.993E+01,-6.460E+01, 4.828E-01,-2.889E+01, 2.938E-01, 6.248E-02, 0.000E+00, 1.943E-01, 7.283E+00, 0.000E+00, 2.000E-03, 0.000E+00,-1.085E+01
 5.970E+03, 9.898E+01,-6.410E+01,-3.824E-01,-2.750E+01, 2.920E-01,-1.305E-01, 0.000E+00,-4.249E-01, 7.159E+00, 0.000E+00, 2.000E-03, 0.000E+00,-2.216E+01
 5.980E+03, 9.883E+01,-6.380E+01, 2.188E+00,-2.892E+01, 2.681E-01, 1.272E-01, 0.000E+00, 4.332E-01, 8.699E+00, 0.000E+00, 2.000E-03, 0.000E+00,-1.064E+01
 5.990E+03, 1.022E+02,-6.488E+01,-7.855E-01,-2.903E+01, 2.930E-01,-9.729E-02, 0.000E+00,-3.486E-01, 7.678E+00, 0.000E+00, 2.000E-03, 0.000E+00,-1.988E+01
 6.000E+03, 9.864E+01,-6.447E+01, 2.794E+00,-2.940E+01, 2.759E-01,-8.926E-02, 0.000E+00,-3.233E-01, 7.756E+00, 0.000E+00, 2.000E-03, 0.000E+00,-2.847E+01
