s,mol/mol,mol/mol,mol/mol,mol/mol,C,mol/mol,mol/mol,mol/mol,mol/mol,C,C,C,kg/kg,kg/kg,kW/m2,kW/m2,kW/m2,kW/m2,kW/m2,kW/m2,C,C,C,C,C,C,C,C,C,C,C,C,C,C,C,C,C,C,C,C,C,C,C,C,C,C,C,C,C,C,C,C,C
Time,O2Rear,CO2Rear,CORear,UHRear,TRSampPtRh,O2Front,CO2Front,COFront,UHFront,TFSampPtRh,TRSampA,TFSampA,YsootR,YsootF,HFRFL,HFFFL,HFOFL,HFRCE,HFCCE,HFFCE,TSHFRFL,TSHFFFL,TSHFOFL,TSHFRCE,TSHFCCE,TSHFFCE,TSXHFRFL,TSXHFFFL,TSXHFRCE,TSXHFCCE,TSXHFFCE,TR3,TR30,TR60,TR90,TR105,TR120,TR135,TR150,TR180,TR210,TR237,TF3,TF30,TF60,TF90,TF105,TF120,TF135,TF150,TF180,TF210,TF237
 0.000E+00, 2.095E-01, 3.901E-04, 0.000E+00, 0.000E+00, 2.000E+01, 2.095E-01, 3.901E-04, 0.000E+00, 0.000E+00, 2.000E+01, 2.000E+01, 2.000E+01, 0.000E+00, 0.000E+00,-2.821E-06,-3.779E-06,-4.018E-06,-1.872E-06,-2.859E-06,-3.053E-06, 2.000E+01, 2.000E+01, 2.000E+01, 2.000E+01, 2.000E+01, 2.000E+01, 2.000E+01, 2.000E+01, 2.000E+01, 2.000E+01, 2.000E+01, 2.000E+01, 2.000E+01, 2.000E+01, 2.000E+01, 2.000E+01, 2.000E+01, 2.000E+01, 2.000E+01, 2.000E+01, 2.000E+01, 2.000E+01, 2.000E+01, 2.000E+01, 2.000E+01, 2.000E+01, 2.000E+01, 2.000E+01, 2.000E+01, 2.000E+01, 2.000E+01, 2.000E+01, 2.000E+01
 2.001E+01, 2.088E-01, 8.883E-04, 2.082E-06, 5.789E-12, 2.381E+01, 2.078E-01, 1.559E-03, 4.885E-06, 9.616E-12, 3.182E+01, 2.962E+01, 4.232E+01, 3.762E-06, 8.824E-06, 3.492E-01, 3.705E-01, 1.863E-03, 4.893E-01, 1.233E+00, 4.982E-01, 2.812E+01, 2.854E+01, 2.005E+01, 3.165E+01, 5.166E+01, 3.163E+01, 2.000E+01, 2.000E+01, 2.000E+01, 2.000E+01, 2.000E+01, 2.067E+01, 2.085E+01, 2.088E+01, 2.098E+01, 2.120E+01, 2.158E+01, 2.168E+01, 2.202E+01, 2.212E+01, 2.507E+01, 4.756E+01, 2.071E+01, 2.089E+01, 2.092E+01, 2.081E+01, 2.089E+01, 2.158E+01, 2.203E+01, 2.274E+01, 2.234E+01, 2.448E+01, 4.560E+01
 4.001E+01, 2.002E-01, 6.780E-03, 2.670E-05, 3.101E-12, 1.004E+02, 1.972E-01, 8.803E-03, 3.516E-05, 7.463E-11, 1.299E+02, 1.292E+02, 1.597E+02, 4.815E-05, 6.335E-05, 1.999E+00, 2.138E+00, 2.039E-02, 2.588E+00, 4.732E+00, 2.927E+00, 7.930E+01, 8.250E+01, 2.068E+01, 9.401E+01, 1.526E+02, 1.011E+02, 2.000E+01, 2.000E+01, 2.000E+01, 2.000E+01, 2.000E+01, 2.882E+01, 2.985E+01, 3.573E+01, 5.142E+01, 6.328E+01, 8.361E+01, 9.115E+01, 9.574E+01, 9.347E+01, 1.019E+02, 1.656E+02, 2.912E+01, 2.996E+01, 3.839E+01, 5.458E+01, 6.321E+01, 7.868E+01, 8.412E+01, 9.745E+01, 1.023E+02, 1.086E+02, 1.800E+02
 6.001E+01, 1.856E-01, 1.667E-02, 6.803E-05, 1.391E-11, 2.375E+02, 1.817E-01, 1.936E-02, 7.929E-05, 1.648E-10, 2.663E+02, 2.653E+02, 2.972E+02, 1.223E-04, 1.424E-04, 3.954E+00, 4.216E+00, 7.176E-02, 6.114E+00, 1.003E+01, 6.674E+00, 1.388E+02, 1.471E+02, 2.279E+01, 1.934E+02, 2.742E+02, 2.072E+02, 2.000E+01, 2.000E+01, 2.000E+01, 2.000E+01, 2.000E+01, 4.595E+01, 6.093E+01, 1.246E+02, 1.686E+02, 1.819E+02, 1.988E+02, 2.068E+02, 2.218E+02, 2.325E+02, 2.443E+02, 3.123E+02, 4.876E+01, 5.858E+01, 1.225E+02, 1.723E+02, 1.864E+02, 2.076E+02, 2.132E+02, 2.250E+02, 2.277E+02, 2.646E+02, 3.346E+02
 8.001E+01, 1.733E-01, 2.511E-02, 1.033E-04, 5.569E-11, 3.172E+02, 1.659E-01, 3.011E-02, 1.242E-04, 7.776E-11, 3.455E+02, 3.338E+02, 3.697E+02, 1.852E-04, 2.223E-04, 7.350E+00, 6.997E+00, 1.302E-01, 1.125E+01, 1.900E+01, 1.090E+01, 2.238E+02, 2.183E+02, 2.577E+01, 3.062E+02, 4.110E+02, 3.042E+02, 2.000E+01, 2.000E+01, 2.000E+01, 2.000E+01, 2.000E+01, 9.209E+01, 1.251E+02, 2.328E+02, 2.849E+02, 2.967E+02, 3.110E+02, 3.145E+02, 3.189E+02, 3.244E+02, 3.353E+02, 4.260E+02, 8.226E+01, 1.269E+02, 2.368E+02, 2.710E+02, 2.810E+02, 2.975E+02, 3.040E+02, 3.115E+02, 3.155E+02, 3.581E+02, 4.282E+02
 1.000E+02, 1.589E-01, 3.490E-02, 1.442E-04, 4.286E-11, 3.783E+02, 1.495E-01, 4.130E-02, 1.710E-04, 1.821E-10, 4.011E+02, 3.904E+02, 4.222E+02, 2.576E-04, 3.048E-04, 1.072E+01, 9.874E+00, 1.856E-01, 1.503E+01, 2.768E+01, 1.541E+01, 2.990E+02, 2.817E+02, 2.882E+01, 3.757E+02, 5.005E+02, 3.781E+02, 2.000E+01, 2.000E+01, 2.000E+01, 2.000E+01, 2.000E+01, 1.588E+02, 1.886E+02, 3.046E+02, 3.583E+02, 3.671E+02, 3.811E+02, 3.829E+02, 3.842E+02, 3.842E+02, 3.939E+02, 4.687E+02, 1.175E+02, 2.011E+02, 3.052E+02, 3.351E+02, 3.430E+02, 3.542E+02, 3.603E+02, 3.687E+02, 3.801E+02, 4.092E+02, 4.879E+02
 1.200E+02, 1.417E-01, 4.659E-02, 1.930E-04, 6.793E-11, 4.236E+02, 1.336E-01, 5.214E-02, 2.163E-04, 2.381E-10, 4.470E+02, 4.325E+02, 4.642E+02, 3.436E-04, 3.842E-04, 1.370E+01, 1.295E+01, 2.533E-01, 1.927E+01, 3.365E+01, 1.969E+01, 3.555E+02, 3.384E+02, 3.227E+01, 4.311E+02, 5.554E+02, 4.357E+02, 2.000E+01, 2.000E+01, 2.000E+01, 2.000E+01, 2.000E+01, 2.362E+02, 2.461E+02, 3.536E+02, 4.048E+02, 4.146E+02, 4.270E+02, 4.293E+02, 4.333E+02, 4.349E+02, 4.424E+02, 5.169E+02, 1.619E+02, 2.717E+02, 3.569E+02, 3.865E+02, 3.947E+02, 4.060E+02, 4.104E+02, 4.176E+02, 4.295E+02, 4.630E+02, 5.315E+02
 1.400E+02, 1.252E-01, 5.785E-02, 2.401E-04, 8.669E-11, 4.688E+02, 1.232E-01, 5.924E-02, 2.459E-04, 2.089E-10, 4.810E+02, 4.753E+02, 4.954E+02, 4.257E-04, 4.359E-04, 1.797E+01, 1.657E+01, 3.573E-01, 2.412E+01, 3.421E+01, 2.378E+01, 4.154E+02, 3.917E+02, 3.722E+01, 4.825E+02, 5.671E+02, 4.787E+02, 2.000E+01, 2.000E+01, 2.001E+01, 2.001E+01, 2.001E+01, 3.144E+02, 3.238E+02, 4.298E+02, 4.647E+02, 4.691E+02, 4.776E+02, 4.829E+02, 4.878E+02, 4.885E+02, 4.909E+02, 5.609E+02, 2.118E+02, 3.576E+02, 4.086E+02, 4.342E+02, 4.423E+02, 4.524E+02, 4.567E+02, 4.653E+02, 4.729E+02, 4.941E+02, 5.586E+02
 1.600E+02, 1.113E-01, 6.735E-02, 2.798E-04, 7.118E-11, 5.000E+02, 1.107E-01, 6.771E-02, 2.813E-04, 6.044E-10, 5.044E+02, 5.036E+02, 5.146E+02, 4.946E-04, 4.972E-04, 2.016E+01, 1.783E+01, 3.895E-01, 2.711E+01, 3.417E+01, 2.630E+01, 4.501E+02, 4.146E+02, 4.027E+01, 5.126E+02, 5.725E+02, 5.082E+02, 2.001E+01, 2.001E+01, 2.002E+01, 2.002E+01, 2.002E+01, 3.874E+02, 3.943E+02, 4.494E+02, 4.955E+02, 5.013E+02, 5.080E+02, 5.110E+02, 5.150E+02, 5.163E+02, 5.212E+02, 5.871E+02, 2.215E+02, 4.132E+02, 4.457E+02, 4.666E+02, 4.732E+02, 4.841E+02, 4.885E+02, 4.948E+02, 5.023E+02, 5.260E+02, 5.893E+02
 1.800E+02, 1.193E-01, 6.186E-02, 2.569E-04, 3.310E-10, 5.384E+02, 1.044E-01, 7.205E-02, 2.995E-04, 2.460E-10, 5.161E+02, 5.433E+02, 5.282E+02, 4.548E-04, 5.285E-04, 2.557E+01, 1.873E+01, 3.955E-01, 3.779E+01, 3.447E+01, 2.603E+01, 4.993E+02, 4.299E+02, 4.209E+01, 5.822E+02, 5.748E+02, 5.121E+02, 2.002E+01, 2.003E+01, 2.003E+01, 2.005E+01, 2.003E+01, 4.301E+02, 4.511E+02, 4.738E+02, 5.075E+02, 5.198E+02, 5.353E+02, 5.398E+02, 5.449E+02, 5.511E+02, 5.778E+02, 6.638E+02, 2.506E+02, 4.416E+02, 4.713E+02, 4.876E+02, 4.930E+02, 5.003E+02, 5.023E+02, 5.059E+02, 5.132E+02, 5.314E+02, 5.698E+02
 2.000E+02, 1.099E-01, 6.831E-02, 2.848E-04, 6.254E-08, 5.772E+02, 1.010E-01, 7.432E-02, 3.090E-04, 2.984E-09, 5.427E+02, 5.793E+02, 5.565E+02, 5.016E-04, 5.448E-04, 2.972E+01, 2.054E+01, 4.205E-01, 4.400E+01, 3.696E+01, 2.886E+01, 5.384E+02, 4.506E+02, 4.370E+01, 6.287E+02, 5.890E+02, 5.328E+02, 2.005E+01, 2.005E+01, 2.006E+01, 2.009E+01, 2.006E+01, 4.851E+02, 4.916E+02, 5.090E+02, 5.265E+02, 5.340E+02, 5.473E+02, 5.533E+02, 5.646E+02, 5.807E+02, 6.198E+02, 6.991E+02, 2.732E+02, 4.894E+02, 5.024E+02, 5.104E+02, 5.129E+02, 5.169E+02, 5.190E+02, 5.245E+02, 5.333E+02, 5.572E+02, 5.894E+02
 2.200E+02, 9.293E-02, 7.978E-02, 3.955E-04, 3.824E-06, 6.122E+02, 9.630E-02, 7.754E-02, 3.225E-04, 2.089E-09, 5.696E+02, 6.148E+02, 5.819E+02, 5.966E-04, 5.679E-04, 3.617E+01, 2.262E+01, 4.630E-01, 4.342E+01, 3.691E+01, 3.092E+01, 5.833E+02, 4.723E+02, 4.597E+01, 6.297E+02, 5.943E+02, 5.505E+02, 2.008E+01, 2.008E+01, 2.011E+01, 2.016E+01, 2.011E+01, 5.243E+02, 5.351E+02, 5.482E+02, 5.674E+02, 5.744E+02, 5.869E+02, 5.924E+02, 6.016E+02, 6.130E+02, 6.349E+02, 6.845E+02, 2.871E+02, 5.125E+02, 5.217E+02, 5.311E+02, 5.340E+02, 5.393E+02, 5.419E+02, 5.468E+02, 5.544E+02, 5.739E+02, 6.014E+02
 2.400E+02, 8.897E-02, 8.254E-02, 3.444E-04, 6.585E-08, 6.215E+02, 8.950E-02, 8.218E-02, 3.418E-04, 1.246E-09, 5.781E+02, 6.195E+02, 5.886E+02, 6.039E-04, 6.011E-04, 3.826E+01, 2.390E+01, 5.037E-01, 5.076E+01, 3.949E+01, 3.253E+01, 6.042E+02, 4.856E+02, 4.817E+01, 6.675E+02, 6.080E+02, 5.642E+02, 2.014E+01, 2.013E+01, 2.018E+01, 2.025E+01, 2.018E+01, 5.584E+02, 5.635E+02, 5.727E+02, 5.855E+02, 5.901E+02, 6.020E+02, 6.082E+02, 6.232E+02, 6.509E+02, 6.883E+02, 7.290E+02, 2.962E+02, 5.220E+02, 5.336E+02, 5.411E+02, 5.440E+02, 5.509E+02, 5.543E+02, 5.610E+02, 5.691E+02, 5.848E+02, 6.043E+02
 2.600E+02, 8.675E-02, 8.405E-02, 3.524E-04, 1.636E-07, 6.243E+02, 8.041E-02, 8.837E-02, 3.677E-04, 3.323E-09, 5.936E+02, 6.273E+02, 6.041E+02, 6.150E-04, 6.453E-04, 4.280E+01, 2.597E+01, 5.516E-01, 4.377E+01, 4.152E+01, 3.580E+01, 6.283E+02, 5.039E+02, 5.080E+01, 6.396E+02, 6.232E+02, 5.854E+02, 2.021E+01, 2.020E+01, 2.027E+01, 2.037E+01, 2.027E+01, 5.813E+02, 5.851E+02, 5.930E+02, 6.046E+02, 6.073E+02, 6.109E+02, 6.127E+02, 6.152E+02, 6.199E+02, 6.367E+02, 6.771E+02, 3.113E+02, 5.417E+02, 5.546E+02, 5.629E+02, 5.657E+02, 5.716E+02, 5.750E+02, 5.814E+02, 5.912E+02, 6.087E+02, 6.268E+02
 2.800E+02, 8.807E-02, 8.315E-02, 3.521E-04, 3.755E-07, 6.451E+02, 7.282E-02, 9.354E-02, 3.893E-04, 1.643E-09, 6.105E+02, 6.443E+02, 6.209E+02, 6.093E-04, 6.820E-04, 4.590E+01, 2.765E+01, 5.879E-01, 4.655E+01, 4.612E+01, 3.892E+01, 6.496E+02, 5.179E+02, 5.287E+01, 6.520E+02, 6.470E+02, 6.040E+02, 2.031E+01, 2.030E+01, 2.039E+01, 2.053E+01, 2.039E+01, 6.057E+02, 6.004E+02, 6.071E+02, 6.142E+02, 6.173E+02, 6.240E+02, 6.263E+02, 6.303E+02, 6.355E+02, 6.527E+02, 6.824E+02, 3.115E+02, 5.528E+02, 5.674E+02, 5.769E+02, 5.797E+02, 5.856E+02, 5.880E+02, 5.935E+02, 6.032E+02, 6.250E+02, 6.437E+02
 3.000E+02, 8.458E-02, 8.552E-02, 3.689E-04, 7.779E-07, 6.525E+02, 6.592E-02, 9.824E-02, 4.090E-04, 2.945E-09, 6.227E+02, 6.522E+02, 6.342E+02, 6.275E-04, 7.153E-04, 5.076E+01, 2.885E+01, 6.199E-01, 5.013E+01, 4.787E+01, 4.030E+01, 6.746E+02, 5.288E+02, 5.474E+01, 6.710E+02, 6.574E+02, 6.151E+02, 2.043E+01, 2.042E+01, 2.055E+01, 2.073E+01, 2.055E+01, 6.279E+02, 6.239E+02, 6.262E+02, 6.345E+02, 6.354E+02, 6.388E+02, 6.409E+02, 6.450E+02, 6.526E+02, 6.669E+02, 7.054E+02, 3.257E+02, 5.654E+02, 5.802E+02, 5.889E+02, 5.913E+02, 5.970E+02, 5.999E+02, 6.055E+02, 6.155E+02, 6.346E+02, 6.536E+02
 3.200E+02, 7.925E-02, 8.916E-02, 3.711E-04, 8.523E-09, 6.504E+02, 6.700E-02, 9.751E-02, 4.060E-04, 3.814E-09, 6.275E+02, 6.489E+02, 6.349E+02, 6.509E-04, 7.102E-04, 5.472E+01, 3.031E+01, 6.671E-01, 4.860E+01, 4.814E+01, 4.177E+01, 6.943E+02, 5.400E+02, 5.683E+01, 6.661E+02, 6.632E+02, 6.258E+02, 2.059E+01, 2.056E+01, 2.074E+01, 2.097E+01, 2.074E+01, 6.552E+02, 6.567E+02, 6.443E+02, 6.414E+02, 6.401E+02, 6.411E+02, 6.421E+02, 6.449E+02, 6.504E+02, 6.664E+02, 6.898E+02, 3.227E+02, 5.779E+02, 5.902E+02, 5.997E+02, 6.027E+02, 6.088E+02, 6.124E+02, 6.193E+02, 6.303E+02, 6.449E+02, 6.602E+02
 3.400E+02, 7.511E-02, 9.198E-02, 3.828E-04, 1.286E-09, 6.504E+02, 6.823E-02, 9.667E-02, 4.023E-04, 1.516E-09, 6.318E+02, 6.507E+02, 6.413E+02, 6.710E-04, 7.042E-04, 4.474E+01, 3.177E+01, 7.095E-01, 4.763E+01, 5.000E+01, 4.422E+01, 6.534E+02, 5.498E+02, 5.906E+01, 6.636E+02, 6.721E+02, 6.378E+02, 2.079E+01, 2.074E+01, 2.098E+01, 2.125E+01, 2.096E+01, 6.346E+02, 6.332E+02, 6.348E+02, 6.399E+02, 6.414E+02, 6.459E+02, 6.476E+02, 6.509E+02, 6.544E+02, 6.644E+02, 6.858E+02, 3.194E+02, 5.855E+02, 6.009E+02, 6.115E+02, 6.149E+02, 6.218E+02, 6.251E+02, 6.317E+02, 6.431E+02, 6.570E+02, 6.668E+02
 3.600E+02, 7.179E-02, 9.425E-02, 3.928E-04, 2.650E-08, 6.676E+02, 6.252E-02, 1.006E-01, 4.188E-04, 3.329E-09, 6.424E+02, 6.696E+02, 6.492E+02, 6.872E-04, 7.318E-04, 6.280E+01, 3.277E+01, 7.232E-01, 5.089E+01, 4.998E+01, 4.436E+01, 7.224E+02, 5.585E+02, 6.063E+01, 6.787E+02, 6.751E+02, 6.429E+02, 2.102E+01, 2.095E+01, 2.126E+01, 2.158E+01, 2.123E+01, 6.946E+02, 6.886E+02, 6.882E+02, 6.836E+02, 6.837E+02, 6.834E+02, 6.828E+02, 6.817E+02, 6.799E+02, 6.835E+02, 6.932E+02, 3.286E+02, 5.935E+02, 6.093E+02, 6.209E+02, 6.246E+02, 6.311E+02, 6.343E+02, 6.402E+02, 6.484E+02, 6.607E+02, 6.721E+02
 3.800E+02, 7.942E-02, 8.904E-02, 3.741E-04, 1.112E-07, 6.741E+02, 6.631E-02, 9.798E-02, 4.078E-04, 6.166E-10, 6.456E+02, 6.764E+02, 6.542E+02, 6.507E-04, 7.134E-04, 6.513E+01, 3.363E+01, 7.742E-01, 5.339E+01, 5.218E+01, 4.659E+01, 7.429E+02, 5.649E+02, 6.274E+01, 6.921E+02, 6.831E+02, 6.532E+02, 2.130E+01, 2.119E+01, 2.159E+01, 2.195E+01, 2.153E+01, 7.208E+02, 7.081E+02, 6.967E+02, 6.929E+02, 6.906E+02, 6.885E+02, 6.873E+02, 6.851E+02, 6.860E+02, 6.920E+02, 7.109E+02, 3.350E+02, 5.990E+02, 6.129E+02, 6.263E+02, 6.302E+02, 6.365E+02, 6.395E+02, 6.453E+02, 6.574E+02, 6.693E+02, 6.821E+02
 4.000E+02, 6.601E-02, 9.809E-02, 5.059E-04, 3.521E-06, 7.114E+02, 5.624E-02, 1.048E-01, 4.365E-04, 6.977E-10, 6.593E+02, 7.152E+02, 6.672E+02, 7.338E-04, 7.619E-04, 7.334E+01, 3.496E+01, 7.806E-01, 6.094E+01, 5.543E+01, 4.845E+01, 7.734E+02, 5.739E+02, 6.414E+01, 7.217E+02, 6.970E+02, 6.633E+02, 2.162E+01, 2.146E+01, 2.196E+01, 2.236E+01, 2.188E+01, 7.660E+02, 7.895E+02, 7.819E+02, 7.731E+02, 7.707E+02, 7.662E+02, 7.632E+02, 7.546E+02, 7.423E+02, 7.371E+02, 7.428E+02, 3.292E+02, 6.119E+02, 6.280E+02, 6.383E+02, 6.412E+02, 6.465E+02, 6.491E+02, 6.541E+02, 6.656E+02, 6.777E+02, 6.905E+02
 4.200E+02, 5.594E-02, 1.049E-01, 5.577E-04, 3.911E-06, 7.326E+02, 5.746E-02, 1.040E-01, 4.342E-04, 1.066E-08, 6.645E+02, 7.374E+02, 6.690E+02, 7.866E-04, 7.563E-04, 7.634E+01, 3.530E+01, 7.975E-01, 6.401E+01, 5.525E+01, 4.852E+01, 7.845E+02, 5.784E+02, 6.539E+01, 7.359E+02, 6.998E+02, 6.670E+02, 2.198E+01, 2.177E+01, 2.238E+01, 2.282E+01, 2.226E+01, 7.990E+02, 7.855E+02, 7.745E+02, 7.664E+02, 7.649E+02, 7.616E+02, 7.597E+02, 7.564E+02, 7.529E+02, 7.552E+02, 7.630E+02, 3.443E+02, 6.146E+02, 6.296E+02, 6.401E+02, 6.431E+02, 6.483E+02, 6.511E+02, 6.570E+02, 6.677E+02, 6.808E+02, 6.971E+02
 4.400E+02, 5.095E-02, 1.081E-01, 8.399E-04, 1.411E-05, 7.619E+02, 5.277E-02, 1.072E-01, 4.464E-04, 2.159E-10, 6.643E+02, 7.726E+02, 6.733E+02, 8.625E-04, 7.785E-04, 7.984E+01, 3.594E+01, 8.149E-01, 6.683E+01, 5.481E+01, 4.875E+01, 7.975E+02, 5.832E+02, 6.637E+01, 7.471E+02, 6.964E+02, 6.671E+02, 2.240E+01, 2.212E+01, 2.285E+01, 2.333E+01, 2.269E+01, 8.262E+02, 8.202E+02, 8.127E+02, 8.001E+02, 7.962E+02, 7.909E+02, 7.866E+02, 7.796E+02, 7.811E+02, 7.924E+02, 7.980E+02, 3.616E+02, 6.169E+02, 6.314E+02, 6.415E+02, 6.444E+02, 6.509E+02, 6.540E+02, 6.598E+02, 6.683E+02, 6.794E+02, 6.918E+02
 4.600E+02, 4.868E-02, 1.088E-01, 1.736E-03, 7.005E-05, 7.610E+02, 5.369E-02, 1.066E-01, 4.437E-04, 1.874E-10, 6.707E+02, 7.778E+02, 6.768E+02, 1.046E-03, 7.741E-04, 7.939E+01, 3.738E+01, 8.532E-01, 6.750E+01, 5.652E+01, 5.028E+01, 7.972E+02, 5.930E+02, 6.810E+01, 7.510E+02, 7.035E+02, 6.750E+02, 2.286E+01, 2.250E+01, 2.337E+01, 2.388E+01, 2.316E+01, 8.298E+02, 8.206E+02, 8.204E+02, 8.089E+02, 8.043E+02, 7.938E+02, 7.902E+02, 7.857E+02, 7.857E+02, 7.908E+02, 7.923E+02, 3.736E+02, 6.278E+02, 6.413E+02, 6.507E+02, 6.534E+02, 6.596E+02, 6.627E+02, 6.689E+02, 6.787E+02, 6.895E+02, 6.989E+02
 4.800E+02, 5.820E-02, 1.031E-01, 8.124E-04, 1.240E-05, 7.694E+02, 5.458E-02, 1.060E-01, 4.412E-04, 1.797E-10, 6.824E+02, 7.713E+02, 6.889E+02, 8.265E-04, 7.699E-04, 8.222E+01, 3.904E+01, 8.913E-01, 6.969E+01, 5.940E+01, 5.304E+01, 8.082E+02, 6.034E+02, 6.987E+01, 7.607E+02, 7.158E+02, 6.869E+02, 2.337E+01, 2.291E+01, 2.393E+01, 2.447E+01, 2.367E+01, 8.440E+02, 8.297E+02, 8.265E+02, 8.182E+02, 8.133E+02, 8.043E+02, 8.006E+02, 7.969E+02, 7.963E+02, 7.950E+02, 7.946E+02, 3.856E+02, 6.373E+02, 6.521E+02, 6.616E+02, 6.644E+02, 6.705E+02, 6.734E+02, 6.792E+02, 6.874E+02, 6.990E+02, 7.106E+02
 5.000E+02, 5.184E-02, 1.069E-01, 1.385E-03, 3.387E-05, 7.834E+02, 5.063E-02, 1.087E-01, 4.527E-04, 2.031E-09, 6.903E+02, 7.909E+02, 6.970E+02, 9.647E-04, 7.888E-04, 8.447E+01, 3.985E+01, 9.102E-01, 7.413E+01, 6.118E+01, 5.363E+01, 8.147E+02, 6.076E+02, 7.119E+01, 7.766E+02, 7.249E+02, 6.923E+02, 2.392E+01, 2.336E+01, 2.454E+01, 2.511E+01, 2.422E+01, 8.429E+02, 8.305E+02, 8.283E+02, 8.274E+02, 8.256E+02, 8.205E+02, 8.185E+02, 8.166E+02, 8.130E+02, 8.076E+02, 8.092E+02, 3.712E+02, 6.421E+02, 6.569E+02, 6.664E+02, 6.692E+02, 6.751E+02, 6.781E+02, 6.843E+02, 6.922E+02, 7.048E+02, 7.158E+02
 5.200E+02, 5.701E-02, 1.027E-01, 2.121E-03, 1.686E-04, 7.783E+02, 5.382E-02, 1.065E-01, 4.435E-04, 1.917E-09, 6.895E+02, 7.865E+02, 6.964E+02, 1.087E-03, 7.735E-04, 8.380E+01, 4.068E+01, 9.411E-01, 7.561E+01, 6.204E+01, 5.485E+01, 8.126E+02, 6.139E+02, 7.255E+01, 7.824E+02, 7.279E+02, 6.970E+02, 2.453E+01, 2.385E+01, 2.519E+01, 2.578E+01, 2.481E+01, 8.309E+02, 8.340E+02, 8.303E+02, 8.293E+02, 8.281E+02, 8.272E+02, 8.267E+02, 8.258E+02, 8.250E+02, 8.226E+02, 8.189E+02, 3.911E+02, 6.454E+02, 6.603E+02, 6.707E+02, 6.739E+02, 6.796E+02, 6.824E+02, 6.877E+02, 6.971E+02, 7.079E+02, 7.179E+02
 5.400E+02, 3.471E-02, 1.150E-01, 5.186E-03, 5.570E-04, 8.410E+02, 3.688E-02, 1.177E-01, 8.132E-04, 7.134E-06, 7.303E+02, 8.574E+02, 7.446E+02, 1.776E-03, 9.166E-04, 8.728E+01, 4.685E+01, 1.129E+00, 9.291E+01, 7.649E+01, 6.639E+01, 8.230E+02, 6.444E+02, 7.763E+01, 8.352E+02, 7.778E+02, 7.407E+02, 2.519E+01, 2.436E+01, 2.588E+01, 2.650E+01, 2.544E+01, 8.352E+02, 8.444E+02, 8.569E+02, 8.414E+02, 8.402E+02, 8.421E+02, 8.453E+02, 8.540E+02, 8.665E+02, 8.765E+02, 8.726E+02, 4.256E+02, 6.724E+02, 6.889E+02, 7.007E+02, 7.044E+02, 7.118E+02, 7.155E+02, 7.220E+02, 7.323E+02, 7.497E+02, 7.682E+02
 5.600E+02, 1.881E-02, 1.255E-01, 5.533E-03, 1.015E-03, 8.937E+02, 6.418E-03, 1.368E-01, 2.701E-03, 9.148E-05, 8.058E+02, 9.064E+02, 8.200E+02, 1.905E-03, 1.410E-03, 8.997E+01, 5.804E+01, 1.388E+00, 1.055E+02, 9.356E+01, 8.423E+01, 8.310E+02, 6.976E+02, 8.652E+01, 8.755E+02, 8.369E+02, 8.060E+02, 2.590E+01, 2.491E+01, 2.662E+01, 2.725E+01, 2.611E+01, 8.390E+02, 8.596E+02, 8.725E+02, 8.787E+02, 8.818E+02, 8.872E+02, 8.889E+02, 8.926E+02, 8.953E+02, 8.990E+02, 9.040E+02, 4.646E+02, 7.321E+02, 7.501E+02, 7.629E+02, 7.666E+02, 7.737E+02, 7.774E+02, 7.855E+02, 7.985E+02, 8.228E+02, 8.316E+02
 5.800E+02, 5.216E-03, 1.301E-01, 1.009E-02, 3.329E-03, 8.973E+02, 2.706E-04, 1.338E-01, 9.937E-03, 2.198E-03, 8.217E+02, 9.043E+02, 8.277E+02, 2.826E-03, 2.828E-03, 9.223E+01, 6.902E+01, 1.755E+00, 1.034E+02, 9.822E+01, 9.264E+01, 8.395E+02, 7.436E+02, 9.816E+01, 8.719E+02, 8.541E+02, 8.364E+02, 2.665E+01, 2.548E+01, 2.741E+01, 2.804E+01, 2.681E+01, 8.474E+02, 8.656E+02, 8.730E+02, 8.681E+02, 8.690E+02, 8.740E+02, 8.775E+02, 8.846E+02, 8.892E+02, 8.877E+02, 8.858E+02, 5.092E+02, 7.735E+02, 7.928E+02, 8.074E+02, 8.113E+02, 8.196E+02, 8.239E+02, 8.339E+02, 8.474E+02, 8.528E+02, 8.474E+02
 6.000E+02, 2.192E-03, 1.321E-01, 1.007E-02, 3.774E-03, 8.797E+02, 4.636E-04, 1.333E-01, 1.014E-02, 3.297E-03, 8.192E+02, 8.818E+02, 8.231E+02, 2.831E-03, 2.858E-03, 9.670E+01, 7.471E+01, 1.874E+00, 1.014E+02, 9.667E+01, 9.067E+01, 8.532E+02, 7.678E+02, 1.052E+02, 8.670E+02, 8.505E+02, 8.328E+02, 2.746E+01, 2.609E+01, 2.823E+01, 2.886E+01, 2.755E+01, 8.645E+02, 8.772E+02, 8.828E+02, 8.801E+02, 8.790E+02, 8.774E+02, 8.771E+02, 8.774E+02, 8.785E+02, 8.792E+02, 8.791E+02, 5.373E+02, 7.912E+02, 8.035E+02, 8.173E+02, 8.215E+02, 8.286E+02, 8.319E+02, 8.367E+02, 8.407E+02, 8.419E+02, 8.402E+02
 6.200E+02, 2.078E-06, 1.277E-01, 1.594E-02, 6.354E-03, 8.614E+02, 2.724E-08, 1.302E-01, 1.354E-02, 4.887E-03, 8.057E+02, 8.610E+02, 8.086E+02, 3.962E-03, 3.509E-03, 9.698E+01, 7.577E+01, 1.933E+00, 9.671E+01, 9.281E+01, 8.727E+01, 8.564E+02, 7.730E+02, 1.090E+02, 8.548E+02, 8.404E+02, 8.234E+02, 2.831E+01, 2.672E+01, 2.909E+01, 2.972E+01, 2.832E+01, 8.667E+02, 8.772E+02, 8.785E+02, 8.758E+02, 8.743E+02, 8.711E+02, 8.698E+02, 8.678E+02, 8.658E+02, 8.651E+02, 8.650E+02, 5.108E+02, 7.943E+02, 8.022E+02, 8.132E+02, 8.161E+02, 8.210E+02, 8.231E+02, 8.263E+02, 8.293E+02, 8.299E+02, 8.284E+02
 6.400E+02, 1.208E-07, 1.249E-01, 1.881E-02, 6.929E-03, 8.489E+02, 1.107E-10, 1.262E-01, 1.753E-02, 5.951E-03, 8.023E+02, 8.489E+02, 8.048E+02, 4.516E-03, 4.276E-03, 9.742E+01, 7.763E+01, 2.042E+00, 9.350E+01, 9.094E+01, 8.617E+01, 8.589E+02, 7.811E+02, 1.131E+02, 8.463E+02, 8.354E+02, 8.201E+02, 2.921E+01, 2.738E+01, 2.999E+01, 3.060E+01, 2.913E+01, 8.672E+02, 8.727E+02, 8.748E+02, 8.727E+02, 8.714E+02, 8.680E+02, 8.661E+02, 8.625E+02, 8.571E+02, 8.540E+02, 8.526E+02, 5.446E+02, 8.007E+02, 8.004E+02, 8.102E+02, 8.131E+02, 8.177E+02, 8.196E+02, 8.227E+02, 8.253E+02, 8.257E+02, 8.247E+02
 6.600E+02, 9.362E-08, 1.220E-01, 2.165E-02, 8.072E-03, 8.458E+02, 1.410E-10, 1.230E-01, 2.066E-02, 7.550E-03, 8.011E+02, 8.466E+02, 8.035E+02, 5.057E-03, 4.871E-03, 9.492E+01, 8.247E+01, 2.170E+00, 9.069E+01, 8.963E+01, 8.533E+01, 8.533E+02, 7.985E+02, 1.182E+02, 8.401E+02, 8.341E+02, 8.192E+02, 3.014E+01, 2.808E+01, 3.092E+01, 3.152E+01, 2.996E+01, 8.597E+02, 8.642E+02, 8.658E+02, 8.643E+02, 8.633E+02, 8.607E+02, 8.591E+02, 8.556E+02, 8.507E+02, 8.466E+02, 8.444E+02, 5.790E+02, 8.162E+02, 8.059E+02, 8.132E+02, 8.154E+02, 8.190E+02, 8.204E+02, 8.225E+02, 8.242E+02, 8.238E+02, 8.222E+02
 6.800E+02, 4.248E-08, 1.204E-01, 2.344E-02, 7.754E-03, 8.413E+02, 1.142E-10, 1.213E-01, 2.245E-02, 7.484E-03, 8.001E+02, 8.414E+02, 8.021E+02, 5.413E-03, 5.223E-03, 9.268E+01, 8.412E+01, 2.239E+00, 9.012E+01, 8.898E+01, 8.518E+01, 8.469E+02, 8.052E+02, 1.216E+02, 8.371E+02, 8.334E+02, 8.197E+02, 3.112E+01, 2.879E+01, 3.189E+01, 3.247E+01, 3.083E+01, 8.513E+02, 8.555E+02, 8.569E+02, 8.555E+02, 8.545E+02, 8.521E+02, 8.508E+02, 8.484E+02, 8.454E+02, 8.428E+02, 8.412E+02, 5.901E+02, 8.137E+02, 8.102E+02, 8.168E+02, 8.190E+02, 8.226E+02, 8.240E+02, 8.256E+02, 8.252E+02, 8.235E+02, 8.215E+02
 7.000E+02, 8.019E-08, 1.176E-01, 2.594E-02, 1.045E-02, 8.414E+02, 8.956E-11, 1.192E-01, 2.442E-02, 9.174E-03, 8.016E+02, 8.415E+02, 8.026E+02, 5.867E-03, 5.586E-03, 9.159E+01, 8.950E+01, 2.463E+00, 9.021E+01, 9.039E+01, 8.668E+01, 8.432E+02, 8.224E+02, 1.275E+02, 8.384E+02, 8.369E+02, 8.241E+02, 3.214E+01, 2.954E+01, 3.290E+01, 3.344E+01, 3.173E+01, 8.461E+02, 8.506E+02, 8.534E+02, 8.532E+02, 8.525E+02, 8.507E+02, 8.500E+02, 8.485E+02, 8.463E+02, 8.439E+02, 8.423E+02, 6.117E+02, 8.319E+02, 8.190E+02, 8.237E+02, 8.256E+02, 8.288E+02, 8.301E+02, 8.310E+02, 8.291E+02, 8.273E+02, 8.259E+02
 7.200E+02, 9.215E-09, 1.166E-01, 2.691E-02, 1.135E-02, 8.393E+02, 3.675E-08, 1.194E-01, 2.448E-02, 7.959E-03, 8.152E+02, 8.398E+02, 8.183E+02, 6.043E-03, 5.613E-03, 8.929E+01, 9.331E+01, 2.573E+00, 9.119E+01, 9.213E+01, 8.958E+01, 8.350E+02, 8.359E+02, 1.326E+02, 8.404E+02, 8.441E+02, 8.334E+02, 3.319E+01, 3.032E+01, 3.394E+01, 3.444E+01, 3.266E+01, 8.358E+02, 8.407E+02, 8.450E+02, 8.474E+02, 8.478E+02, 8.487E+02, 8.488E+02, 8.486E+02, 8.474E+02, 8.456E+02, 8.438E+02, 6.459E+02, 8.400E+02, 8.272E+02, 8.311E+02, 8.327E+02, 8.361E+02, 8.376E+02, 8.398E+02, 8.390E+02, 8.369E+02, 8.354E+02
 7.400E+02, 7.579E-08, 1.163E-01, 2.716E-02, 1.150E-02, 8.411E+02, 1.399E-08, 1.197E-01, 2.413E-02, 8.008E-03, 8.194E+02, 8.418E+02, 8.214E+02, 6.089E-03, 5.545E-03, 8.803E+01, 9.774E+01, 2.814E+00, 9.078E+01, 9.297E+01, 9.130E+01, 8.325E+02, 8.491E+02, 1.387E+02, 8.395E+02, 8.471E+02, 8.389E+02, 3.427E+01, 3.112E+01, 3.501E+01, 3.547E+01, 3.362E+01, 8.333E+02, 8.379E+02, 8.418E+02, 8.441E+02, 8.447E+02, 8.450E+02, 8.450E+02, 8.450E+02, 8.445E+02, 8.433E+02, 8.420E+02, 6.501E+02, 8.515E+02, 8.370E+02, 8.395E+02, 8.409E+02, 8.438E+02, 8.451E+02, 8.468E+02, 8.460E+02, 8.423E+02, 8.403E+02
 7.600E+02, 1.926E-08, 1.157E-01, 2.787E-02, 1.110E-02, 8.406E+02, 4.249E-10, 1.160E-01, 2.758E-02, 1.055E-02, 8.186E+02, 8.412E+02, 8.197E+02, 6.235E-03, 6.186E-03, 8.762E+01, 1.000E+02, 2.969E+00, 9.204E+01, 9.408E+01, 9.218E+01, 8.304E+02, 8.562E+02, 1.450E+02, 8.424E+02, 8.495E+02, 8.422E+02, 3.539E+01, 3.195E+01, 3.611E+01, 3.653E+01, 3.460E+01, 8.315E+02, 8.361E+02, 8.410E+02, 8.447E+02, 8.455E+02, 8.465E+02, 8.468E+02, 8.471E+02, 8.470E+02, 8.467E+02, 8.457E+02, 6.454E+02, 8.685E+02, 8.460E+02, 8.456E+02, 8.468E+02, 8.490E+02, 8.495E+02, 8.494E+02, 8.484E+02, 8.461E+02, 8.445E+02
 7.800E+02, 5.702E-10, 1.156E-01, 2.800E-02, 1.098E-02, 8.429E+02, 6.983E-08, 1.167E-01, 2.708E-02, 8.969E-03, 8.329E+02, 8.432E+02, 8.357E+02, 6.261E-03, 6.111E-03, 8.727E+01, 1.036E+02, 3.056E+00, 9.199E+01, 9.573E+01, 9.447E+01, 8.290E+02, 8.676E+02, 1.486E+02, 8.427E+02, 8.539E+02, 8.493E+02, 3.653E+01, 3.281E+01, 3.723E+01, 3.760E+01, 3.562E+01, 8.304E+02, 8.353E+02, 8.400E+02, 8.437E+02, 8.446E+02, 8.460E+02, 8.465E+02, 8.469E+02, 8.469E+02, 8.462E+02, 8.451E+02, 6.724E+02, 8.717E+02, 8.524E+02, 8.527E+02, 8.536E+02, 8.561E+02, 8.572E+02, 8.588E+02, 8.568E+02, 8.531E+02, 8.511E+02
 8.000E+02, 1.059E-09, 1.131E-01, 3.017E-02, 1.386E-02, 8.453E+02, 2.286E-09, 1.136E-01, 2.987E-02, 1.253E-02, 8.280E+02, 8.463E+02, 8.294E+02, 6.643E-03, 6.604E-03, 8.761E+01, 1.050E+02, 3.152E+00, 9.431E+01, 9.618E+01, 9.469E+01, 8.296E+02, 8.713E+02, 1.523E+02, 8.480E+02, 8.569E+02, 8.508E+02, 3.769E+01, 3.370E+01, 3.838E+01, 3.870E+01, 3.665E+01, 8.310E+02, 8.361E+02, 8.413E+02, 8.452E+02, 8.464E+02, 8.483E+02, 8.491E+02, 8.504E+02, 8.514E+02, 8.518E+02, 8.513E+02, 6.645E+02, 8.693E+02, 8.558E+02, 8.566E+02, 8.573E+02, 8.591E+02, 8.599E+02, 8.598E+02, 8.573E+02, 8.544E+02, 8.530E+02
 8.200E+02, 4.386E-08, 1.141E-01, 2.947E-02, 1.183E-02, 8.465E+02, 2.000E-08, 1.148E-01, 2.896E-02, 1.015E-02, 8.324E+02, 8.475E+02, 8.342E+02, 6.536E-03, 6.464E-03, 8.821E+01, 1.083E+02, 3.167E+00, 9.312E+01, 9.626E+01, 9.485E+01, 8.322E+02, 8.810E+02, 1.537E+02, 8.474E+02, 8.573E+02, 8.523E+02, 3.888E+01, 3.462E+01, 3.954E+01, 3.982E+01, 3.771E+01, 8.334E+02, 8.384E+02, 8.430E+02, 8.468E+02, 8.479E+02, 8.498E+02, 8.507E+02, 8.518E+02, 8.520E+02, 8.508E+02, 8.497E+02, 6.744E+02, 8.837E+02, 8.669E+02, 8.664E+02, 8.668E+02, 8.677E+02, 8.676E+02, 8.652E+02, 8.589E+02, 8.543E+02, 8.527E+02
 8.400E+02, 4.214E-09, 1.118E-01, 3.142E-02, 1.437E-02, 8.534E+02, 1.354E-09, 1.135E-01, 2.992E-02, 1.283E-02, 8.367E+02, 8.541E+02, 8.388E+02, 6.878E-03, 6.609E-03, 8.894E+01, 1.097E+02, 3.200E+00, 9.676E+01, 9.904E+01, 9.826E+01, 8.344E+02, 8.846E+02, 1.559E+02, 8.559E+02, 8.647E+02, 8.606E+02, 4.009E+01, 3.557E+01, 4.073E+01, 4.095E+01, 3.880E+01, 8.364E+02, 8.409E+02, 8.462E+02, 8.510E+02, 8.524E+02, 8.548E+02, 8.559E+02, 8.576E+02, 8.595E+02, 8.601E+02, 8.591E+02, 6.494E+02, 9.058E+02, 8.732E+02, 8.690E+02, 8.690E+02, 8.689E+02, 8.687E+02, 8.678E+02, 8.661E+02, 8.642E+02, 8.626E+02
 8.600E+02, 2.697E-09, 1.108E-01, 3.251E-02, 1.474E-02, 8.495E+02, 5.664E-09, 1.140E-01, 2.941E-02, 1.259E-02, 8.364E+02, 8.495E+02, 8.381E+02, 7.086E-03, 6.512E-03, 8.751E+01, 1.085E+02, 3.021E+00, 9.536E+01, 9.807E+01, 9.806E+01, 8.303E+02, 8.827E+02, 1.533E+02, 8.527E+02, 8.615E+02, 8.599E+02, 4.131E+01, 3.655E+01, 4.193E+01, 4.210E+01, 3.990E+01, 8.336E+02, 8.382E+02, 8.433E+02, 8.474E+02, 8.487E+02, 8.509E+02, 8.520E+02, 8.538E+02, 8.560E+02, 8.571E+02, 8.565E+02, 6.676E+02, 8.995E+02, 8.711E+02, 8.675E+02, 8.667E+02, 8.657E+02, 8.655E+02, 8.652E+02, 8.647E+02, 8.642E+02, 8.634E+02
 8.800E+02, 5.212E-11, 1.100E-01, 3.302E-02, 1.688E-02, 8.456E+02, 1.842E-08, 1.120E-01, 3.160E-02, 1.226E-02, 8.403E+02, 8.461E+02, 8.428E+02, 7.148E-03, 6.947E-03, 8.643E+01, 1.172E+02, 3.118E+00, 9.414E+01, 9.887E+01, 1.002E+02, 8.256E+02, 9.034E+02, 1.535E+02, 8.487E+02, 8.616E+02, 8.655E+02, 4.255E+01, 3.755E+01, 4.315E+01, 4.327E+01, 4.102E+01, 8.274E+02, 8.317E+02, 8.360E+02, 8.400E+02, 8.413E+02, 8.437E+02, 8.449E+02, 8.470E+02, 8.498E+02, 8.519E+02, 8.524E+02, 6.773E+02, 9.610E+02, 9.039E+02, 8.885E+02, 8.853E+02, 8.802E+02, 8.782E+02, 8.752E+02, 8.718E+02, 8.699E+02, 8.691E+02
 9.000E+02, 2.417E-11, 1.093E-01, 3.359E-02, 1.785E-02, 8.425E+02, 3.791E-08, 1.111E-01, 3.223E-02, 1.416E-02, 8.456E+02, 8.427E+02, 8.465E+02, 7.243E-03, 7.041E-03, 8.579E+01, 1.255E+02, 3.590E+00, 9.080E+01, 9.657E+01, 9.866E+01, 8.245E+02, 9.276E+02, 1.637E+02, 8.408E+02, 8.574E+02, 8.635E+02, 4.380E+01, 3.857E+01, 4.438E+01, 4.445E+01, 4.215E+01, 8.259E+02, 8.303E+02, 8.341E+02, 8.372E+02, 8.381E+02, 8.397E+02, 8.403E+02, 8.414E+02, 8.426E+02, 8.426E+02, 8.419E+02, 7.574E+02, 9.410E+02, 9.190E+02, 9.021E+02, 8.979E+02, 8.906E+02, 8.874E+02, 8.817E+02, 8.748E+02, 8.694E+02, 8.668E+02
 9.200E+02, 6.596E-10, 1.122E-01, 3.101E-02, 1.424E-02, 8.450E+02, 1.348E-07, 1.124E-01, 3.096E-02, 1.344E-02, 8.456E+02, 8.461E+02, 8.462E+02, 6.800E-03, 6.804E-03, 8.519E+01, 1.335E+02, 3.928E+00, 9.220E+01, 9.631E+01, 9.658E+01, 8.234E+02, 9.483E+02, 1.736E+02, 8.441E+02, 8.575E+02, 8.594E+02, 4.506E+01, 3.963E+01, 4.563E+01, 4.565E+01, 4.330E+01, 8.252E+02, 8.296E+02, 8.347E+02, 8.391E+02, 8.406E+02, 8.430E+02, 8.441E+02, 8.459E+02, 8.467E+02, 8.462E+02, 8.452E+02, 7.972E+02, 9.368E+02, 9.162E+02, 9.016E+02, 8.975E+02, 8.900E+02, 8.865E+02, 8.795E+02, 8.704E+02, 8.631E+02, 8.600E+02
 9.400E+02, 5.852E-10, 1.105E-01, 3.255E-02, 1.625E-02, 8.521E+02, 3.341E-11, 1.106E-01, 3.243E-02, 1.663E-02, 8.459E+02, 8.541E+02, 8.465E+02, 7.068E-03, 7.037E-03, 8.735E+01, 1.250E+02, 4.044E+00, 9.539E+01, 9.842E+01, 9.789E+01, 8.289E+02, 9.276E+02, 1.783E+02, 8.520E+02, 8.631E+02, 8.632E+02, 4.634E+01, 4.070E+01, 4.689E+01, 4.686E+01, 4.447E+01, 8.304E+02, 8.356E+02, 8.412E+02, 8.459E+02, 8.474E+02, 8.501E+02, 8.513E+02, 8.535E+02, 8.553E+02, 8.550E+02, 8.538E+02, 7.164E+02, 9.353E+02, 9.159E+02, 9.025E+02, 8.987E+02, 8.916E+02, 8.883E+02, 8.818E+02, 8.726E+02, 8.656E+02, 8.629E+02
 9.600E+02, 1.817E-08, 1.097E-01, 3.328E-02, 1.734E-02, 8.708E+02, 1.982E-07, 1.119E-01, 3.132E-02, 1.475E-02, 8.687E+02, 8.726E+02, 8.727E+02, 7.190E-03, 6.851E-03, 9.136E+01, 1.224E+02, 3.553E+00, 9.994E+01, 1.027E+02, 1.036E+02, 8.404E+02, 9.206E+02, 1.712E+02, 8.644E+02, 8.750E+02, 8.766E+02, 4.762E+01, 4.180E+01, 4.816E+01, 4.809E+01, 4.565E+01, 8.427E+02, 8.483E+02, 8.539E+02, 8.581E+02, 8.594E+02, 8.618E+02, 8.631E+02, 8.655E+02, 8.682E+02, 8.688E+02, 8.679E+02, 6.995E+02, 9.332E+02, 9.095E+02, 9.005E+02, 8.987E+02, 8.956E+02, 8.941E+02, 8.907E+02, 8.851E+02, 8.800E+02, 8.777E+02
 9.800E+02, 3.177E-11, 1.096E-01, 3.341E-02, 1.719E-02, 8.614E+02, 2.820E-07, 1.104E-01, 3.297E-02, 1.441E-02, 8.817E+02, 8.611E+02, 8.828E+02, 7.218E-03, 7.179E-03, 8.998E+01, 1.278E+02, 3.420E+00, 9.653E+01, 1.022E+02, 1.054E+02, 8.381E+02, 9.329E+02, 1.665E+02, 8.570E+02, 8.731E+02, 8.816E+02, 4.891E+01, 4.292E+01, 4.944E+01, 4.932E+01, 4.685E+01, 8.409E+02, 8.446E+02, 8.481E+02, 8.514E+02, 8.524E+02, 8.542E+02, 8.550E+02, 8.564E+02, 8.584E+02, 8.600E+02, 8.602E+02, 7.106E+02, 9.698E+02, 9.295E+02, 9.162E+02, 9.132E+02, 9.072E+02, 9.044E+02, 8.993E+02, 8.925E+02, 8.874E+02, 8.849E+02
 1.000E+03, 2.417E-11, 1.089E-01, 3.405E-02, 1.753E-02, 8.518E+02, 1.356E-07, 1.079E-01, 3.489E-02, 1.915E-02, 8.747E+02, 8.513E+02, 8.738E+02, 7.337E-03, 7.471E-03, 8.843E+01, 1.317E+02, 3.910E+00, 9.479E+01, 1.008E+02, 1.029E+02, 8.333E+02, 9.437E+02, 1.745E+02, 8.527E+02, 8.700E+02, 8.767E+02, 5.021E+01, 4.407E+01, 5.072E+01, 5.057E+01, 4.806E+01, 8.357E+02, 8.400E+02, 8.440E+02, 8.472E+02, 8.481E+02, 8.497E+02, 8.504E+02, 8.520E+02, 8.542E+02, 8.546E+02, 8.540E+02, 7.629E+02, 9.451E+02, 9.267E+02, 9.147E+02, 9.110E+02, 9.037E+02, 9.004E+02, 8.944E+02, 8.870E+02, 8.816E+02, 8.794E+02
 1.020E+03, 2.429E-11, 1.087E-01, 3.401E-02, 1.915E-02, 8.496E+02, 4.020E-08, 1.068E-01, 3.564E-02, 2.177E-02, 8.562E+02, 8.503E+02, 8.556E+02, 7.301E-03, 7.570E-03, 8.568E+01, 1.401E+02, 4.499E+00, 9.428E+01, 9.903E+01, 1.002E+02, 8.258E+02, 9.645E+02, 1.889E+02, 8.507E+02, 8.649E+02, 8.696E+02, 5.150E+01, 4.524E+01, 5.201E+01, 5.183E+01, 4.928E+01, 8.294E+02, 8.334E+02, 8.383E+02, 8.427E+02, 8.441E+02, 8.468E+02, 8.480E+02, 8.500E+02, 8.524E+02, 8.530E+02, 8.523E+02, 8.373E+02, 9.417E+02, 9.198E+02, 9.066E+02, 9.029E+02, 8.953E+02, 8.919E+02, 8.856E+02, 8.785E+02, 8.735E+02, 8.716E+02
 1.040E+03, 8.191E-11, 1.071E-01, 3.495E-02, 2.374E-02, 8.479E+02, 5.293E-09, 1.061E-01, 3.626E-02, 2.262E-02, 8.529E+02, 8.485E+02, 8.529E+02, 7.403E-03, 7.675E-03, 8.401E+01, 1.410E+02, 4.465E+00, 9.252E+01, 9.666E+01, 9.757E+01, 8.207E+02, 9.678E+02, 1.902E+02, 8.461E+02, 8.583E+02, 8.625E+02, 5.280E+01, 4.643E+01, 5.331E+01, 5.310E+01, 5.052E+01, 8.246E+02, 8.286E+02, 8.343E+02, 8.400E+02, 8.417E+02, 8.445E+02, 8.455E+02, 8.471E+02, 8.485E+02, 8.486E+02, 8.480E+02, 8.719E+02, 9.474E+02, 9.183E+02, 9.035E+02, 8.998E+02, 8.931E+02, 8.897E+02, 8.828E+02, 8.731E+02, 8.663E+02, 8.637E+02
 1.060E+03, 2.457E-11, 1.053E-01, 3.664E-02, 2.564E-02, 8.448E+02, 4.432E-09, 1.056E-01, 3.623E-02, 2.640E-02, 8.571E+02, 8.452E+02, 8.577E+02, 7.694E-03, 7.601E-03, 8.263E+01, 1.439E+02, 4.796E+00, 9.155E+01, 9.501E+01, 9.687E+01, 8.163E+02, 9.752E+02, 1.984E+02, 8.427E+02, 8.537E+02, 8.603E+02, 5.410E+01, 4.765E+01, 5.461E+01, 5.437E+01, 5.177E+01, 8.203E+02, 8.245E+02, 8.303E+02, 8.356E+02, 8.371E+02, 8.399E+02, 8.411E+02, 8.433E+02, 8.453E+02, 8.458E+02, 8.451E+02, 8.667E+02, 9.698E+02, 9.286E+02, 9.080E+02, 9.031E+02, 8.937E+02, 8.895E+02, 8.816E+02, 8.719E+02, 8.651E+02, 8.621E+02
 1.080E+03, 2.472E-11, 1.030E-01, 3.848E-02, 2.918E-02, 8.407E+02, 2.783E-08, 1.030E-01, 3.843E-02, 2.931E-02, 8.510E+02, 8.413E+02, 8.511E+02, 7.982E-03, 7.970E-03, 8.221E+01, 1.468E+02, 4.978E+00, 9.091E+01, 9.457E+01, 9.581E+01, 8.143E+02, 9.808E+02, 2.020E+02, 8.409E+02, 8.521E+02, 8.576E+02, 5.539E+01, 4.890E+01, 5.591E+01, 5.565E+01, 5.302E+01, 8.180E+02, 8.224E+02, 8.277E+02, 8.326E+02, 8.341E+02, 8.368E+02, 8.380E+02, 8.400E+02, 8.425E+02, 8.438E+02, 8.430E+02, 8.884E+02, 9.512E+02, 9.150E+02, 8.966E+02, 8.924E+02, 8.858E+02, 8.829E+02, 8.776E+02, 8.699E+02, 8.629E+02, 8.593E+02
 1.100E+03, 2.484E-11, 1.010E-01, 4.011E-02, 3.229E-02, 8.395E+02, 9.710E-09, 1.000E-01, 4.095E-02, 3.374E-02, 8.489E+02, 8.399E+02, 8.494E+02, 8.234E-03, 8.366E-03, 8.148E+01, 1.433E+02, 5.215E+00, 8.982E+01, 9.316E+01, 9.451E+01, 8.117E+02, 9.744E+02, 2.085E+02, 8.378E+02, 8.479E+02, 8.541E+02, 5.668E+01, 5.017E+01, 5.720E+01, 5.693E+01, 5.429E+01, 8.158E+02, 8.200E+02, 8.256E+02, 8.307E+02, 8.321E+02, 8.347E+02, 8.358E+02, 8.379E+02, 8.402E+02, 8.409E+02, 8.402E+02, 9.109E+02, 9.485E+02, 9.106E+02, 8.928E+02, 8.888E+02, 8.821E+02, 8.792E+02, 8.739E+02, 8.666E+02, 8.597E+02, 8.566E+02
 1.120E+03, 2.496E-11, 9.985E-02, 4.104E-02, 3.428E-02, 8.369E+02, 3.004E-09, 9.859E-02, 4.248E-02, 3.362E-02, 8.471E+02, 8.375E+02, 8.482E+02, 8.372E-03, 8.658E-03, 8.063E+01, 1.465E+02, 5.337E+00, 8.923E+01, 9.282E+01, 9.480E+01, 8.089E+02, 9.811E+02, 2.126E+02, 8.354E+02, 8.459E+02, 8.537E+02, 5.796E+01, 5.146E+01, 5.849E+01, 5.821E+01, 5.556E+01, 8.128E+02, 8.174E+02, 8.229E+02, 8.279E+02, 8.294E+02, 8.322E+02, 8.333E+02, 8.354E+02, 8.376E+02, 8.384E+02, 8.374E+02, 9.189E+02, 9.490E+02, 9.116E+02, 8.932E+02, 8.888E+02, 8.817E+02, 8.787E+02, 8.734E+02, 8.663E+02, 8.598E+02, 8.561E+02
 1.140E+03, 2.509E-11, 9.761E-02, 4.300E-02, 3.696E-02, 8.368E+02, 1.216E-08, 9.518E-02, 4.563E-02, 3.651E-02, 8.555E+02, 8.376E+02, 8.576E+02, 8.690E-03, 9.198E-03, 8.062E+01, 1.516E+02, 5.603E+00, 8.911E+01, 9.297E+01, 9.512E+01, 8.084E+02, 9.913E+02, 2.175E+02, 8.347E+02, 8.463E+02, 8.547E+02, 5.923E+01, 5.278E+01, 5.978E+01, 5.948E+01, 5.683E+01, 8.123E+02, 8.168E+02, 8.220E+02, 8.265E+02, 8.279E+02, 8.303E+02, 8.315E+02, 8.335E+02, 8.360E+02, 8.374E+02, 8.370E+02, 9.349E+02, 9.690E+02, 9.216E+02, 9.005E+02, 8.958E+02, 8.874E+02, 8.837E+02, 8.771E+02, 8.687E+02, 8.611E+02, 8.578E+02
 1.160E+03, 2.526E-11, 9.606E-02, 4.405E-02, 4.081E-02, 8.360E+02, 1.243E-08, 9.582E-02, 4.511E-02, 3.549E-02, 8.648E+02, 8.357E+02, 8.656E+02, 8.811E-03, 9.121E-03, 7.962E+01, 1.418E+02, 5.645E+00, 8.906E+01, 9.342E+01, 9.598E+01, 8.051E+02, 9.733E+02, 2.204E+02, 8.339E+02, 8.469E+02, 8.556E+02, 6.049E+01, 5.412E+01, 6.106E+01, 6.076E+01, 5.811E+01, 8.092E+02, 8.135E+02, 8.186E+02, 8.230E+02, 8.244E+02, 8.271E+02, 8.284E+02, 8.308E+02, 8.342E+02, 8.364E+02, 8.367E+02, 9.325E+02, 9.715E+02, 9.150E+02, 8.923E+02, 8.877E+02, 8.804E+02, 8.776E+02, 8.729E+02, 8.670E+02, 8.620E+02, 8.588E+02
 1.180E+03, 2.516E-11, 9.502E-02, 4.560E-02, 3.782E-02, 8.329E+02, 7.249E-08, 9.501E-02, 4.517E-02, 4.072E-02, 8.432E+02, 8.340E+02, 8.425E+02, 9.165E-03, 9.023E-03, 7.984E+01, 1.398E+02, 6.092E+00, 8.988E+01, 9.383E+01, 9.611E+01, 8.049E+02, 9.653E+02, 2.281E+02, 8.357E+02, 8.476E+02, 8.550E+02, 6.174E+01, 5.548E+01, 6.233E+01, 6.203E+01, 5.938E+01, 8.086E+02, 8.132E+02, 8.186E+02, 8.234E+02, 8.249E+02, 8.280E+02, 8.294E+02, 8.323E+02, 8.357E+02, 8.384E+02, 8.385E+02, 9.820E+02, 9.529E+02, 9.005E+02, 8.798E+02, 8.757E+02, 8.698E+02, 8.679E+02, 8.654E+02, 8.629E+02, 8.610E+02, 8.594E+02
 1.200E+03, 2.923E-11, 9.270E-02, 4.759E-02, 4.080E-02, 8.354E+02, 3.071E-07, 9.141E-02, 4.942E-02, 3.773E-02, 8.555E+02, 8.360E+02, 8.583E+02, 9.477E-03, 9.892E-03, 7.953E+01, 1.535E+02, 6.334E+00, 8.799E+01, 9.227E+01, 9.500E+01, 8.045E+02, 9.951E+02, 2.340E+02, 8.310E+02, 8.446E+02, 8.541E+02, 6.297E+01, 5.685E+01, 6.358E+01, 6.329E+01, 6.066E+01, 8.089E+02, 8.132E+02, 8.177E+02, 8.218E+02, 8.230E+02, 8.255E+02, 8.266E+02, 8.287E+02, 8.312E+02, 8.330E+02, 8.332E+02, 9.611E+02, 9.799E+02, 9.296E+02, 9.042E+02, 8.975E+02, 8.860E+02, 8.813E+02, 8.736E+02, 8.655E+02, 8.608E+02, 8.578E+02
 1.220E+03, 2.526E-11, 9.230E-02, 4.791E-02, 4.151E-02, 8.289E+02, 8.025E-09, 9.169E-02, 4.871E-02, 4.045E-02, 8.596E+02, 8.284E+02, 8.583E+02, 9.521E-03, 9.698E-03, 7.854E+01, 1.391E+02, 6.274E+00, 8.737E+01, 9.196E+01, 9.554E+01, 8.013E+02, 9.686E+02, 2.351E+02, 8.295E+02, 8.437E+02, 8.552E+02, 6.418E+01, 5.825E+01, 6.483E+01, 6.454E+01, 6.192E+01, 8.053E+02, 8.098E+02, 8.148E+02, 8.193E+02, 8.206E+02, 8.230E+02, 8.242E+02, 8.262E+02, 8.292E+02, 8.318E+02, 8.320E+02, 9.626E+02, 9.658E+02, 9.204E+02, 8.966E+02, 8.912E+02, 8.824E+02, 8.791E+02, 8.739E+02, 8.684E+02, 8.630E+02, 8.597E+02
 1.240E+03, 2.523E-11, 8.989E-02, 5.058E-02, 4.060E-02, 8.295E+02, 1.598E-06, 8.956E-02, 5.093E-02, 4.057E-02, 8.413E+02, 8.303E+02, 8.428E+02, 1.005E-02, 1.012E-02, 7.747E+01, 1.451E+02, 6.514E+00, 8.824E+01, 9.326E+01, 9.647E+01, 7.978E+02, 9.766E+02, 2.401E+02, 8.307E+02, 8.456E+02, 8.556E+02, 6.538E+01, 5.966E+01, 6.605E+01, 6.578E+01, 6.319E+01, 8.031E+02, 8.075E+02, 8.131E+02, 8.178E+02, 8.191E+02, 8.217E+02, 8.229E+02, 8.252E+02, 8.289E+02, 8.323E+02, 8.335E+02, 9.577E+02, 9.523E+02, 9.030E+02, 8.802E+02, 8.756E+02, 8.691E+02, 8.670E+02, 8.644E+02, 8.627E+02, 8.618E+02, 8.602E+02
 1.260E+03, 2.771E-11, 8.856E-02, 5.170E-02, 4.247E-02, 8.334E+02, 3.488E-07, 8.844E-02, 5.262E-02, 3.723E-02, 8.657E+02, 8.340E+02, 8.691E+02, 1.022E-02, 1.052E-02, 7.788E+01, 1.471E+02, 6.560E+00, 8.796E+01, 9.299E+01, 9.654E+01, 7.985E+02, 9.814E+02, 2.414E+02, 8.301E+02, 8.456E+02, 8.573E+02, 6.656E+01, 6.108E+01, 6.727E+01, 6.701E+01, 6.444E+01, 8.027E+02, 8.078E+02, 8.131E+02, 8.176E+02, 8.190E+02, 8.216E+02, 8.228E+02, 8.252E+02, 8.288E+02, 8.316E+02, 8.324E+02, 9.659E+02, 9.637E+02, 9.125E+02, 8.919E+02, 8.871E+02, 8.801E+02, 8.774E+02, 8.734E+02, 8.689E+02, 8.647E+02, 8.619E+02
 1.280E+03, 2.526E-11, 8.796E-02, 5.238E-02, 4.215E-02, 8.253E+02, 1.997E-08, 8.752E-02, 5.267E-02, 4.334E-02, 8.602E+02, 8.257E+02, 8.582E+02, 1.035E-02, 1.038E-02, 7.733E+01, 1.192E+02, 6.703E+00, 8.750E+01, 9.258E+01, 9.662E+01, 7.975E+02, 9.198E+02, 2.441E+02, 8.290E+02, 8.445E+02, 8.575E+02, 6.772E+01, 6.251E+01, 6.846E+01, 6.822E+01, 6.568E+01, 8.021E+02, 8.070E+02, 8.127E+02, 8.170E+02, 8.184E+02, 8.210E+02, 8.222E+02, 8.245E+02, 8.279E+02, 8.307E+02, 8.309E+02, 9.178E+02, 9.393E+02, 9.022E+02, 8.855E+02, 8.816E+02, 8.762E+02, 8.741E+02, 8.707E+02, 8.674E+02, 8.655E+02, 8.634E+02
 1.300E+03, 2.528E-11, 8.762E-02, 5.286E-02, 4.137E-02, 8.306E+02, 4.006E-07, 8.721E-02, 5.318E-02, 4.209E-02, 8.458E+02, 8.310E+02, 8.485E+02, 1.046E-02, 1.051E-02, 7.780E+01, 1.404E+02, 6.663E+00, 8.794E+01, 9.257E+01, 9.658E+01, 7.978E+02, 9.628E+02, 2.446E+02, 8.299E+02, 8.439E+02, 8.563E+02, 6.886E+01, 6.395E+01, 6.964E+01, 6.941E+01, 6.691E+01, 8.031E+02, 8.075E+02, 8.131E+02, 8.180E+02, 8.195E+02, 8.224E+02, 8.238E+02, 8.264E+02, 8.299E+02, 8.327E+02, 8.334E+02, 9.345E+02, 9.548E+02, 9.076E+02, 8.842E+02, 8.794E+02, 8.724E+02, 8.700E+02, 8.665E+02, 8.641E+02, 8.632E+02, 8.624E+02
 1.320E+03, 6.625E-11, 8.644E-02, 5.363E-02, 4.448E-02, 8.353E+02, 1.943E-07, 8.699E-02, 5.410E-02, 3.752E-02, 8.659E+02, 8.359E+02, 8.674E+02, 1.053E-02, 1.079E-02, 7.821E+01, 1.310E+02, 6.773E+00, 8.899E+01, 9.388E+01, 9.654E+01, 7.995E+02, 9.474E+02, 2.465E+02, 8.329E+02, 8.477E+02, 8.572E+02, 6.997E+01, 6.540E+01, 7.079E+01, 7.059E+01, 6.812E+01, 8.034E+02, 8.084E+02, 8.140E+02, 8.189E+02, 8.204E+02, 8.232E+02, 8.245E+02, 8.271E+02, 8.308E+02, 8.345E+02, 8.351E+02, 9.750E+02, 9.585E+02, 9.074E+02, 8.866E+02, 8.826E+02, 8.763E+02, 8.740E+02, 8.708E+02, 8.676E+02, 8.646E+02, 8.614E+02
 1.340E+03, 2.527E-11, 8.590E-02, 5.441E-02, 4.306E-02, 8.282E+02, 2.855E-09, 8.630E-02, 5.401E-02, 4.295E-02, 8.477E+02, 8.288E+02, 8.462E+02, 1.072E-02, 1.064E-02, 7.829E+01, 1.338E+02, 7.176E+00, 8.794E+01, 9.241E+01, 9.537E+01, 8.002E+02, 9.525E+02, 2.537E+02, 8.308E+02, 8.445E+02, 8.549E+02, 7.107E+01, 6.684E+01, 7.193E+01, 7.175E+01, 6.932E+01, 8.048E+02, 8.095E+02, 8.149E+02, 8.197E+02, 8.211E+02, 8.237E+02, 8.249E+02, 8.273E+02, 8.302E+02, 8.325E+02, 8.326E+02, 9.918E+02, 9.661E+02, 9.102E+02, 8.882E+02, 8.836E+02, 8.771E+02, 8.746E+02, 8.703E+02, 8.657E+02, 8.622E+02, 8.594E+02
 1.360E+03, 2.539E-11, 8.511E-02, 5.498E-02, 4.480E-02, 8.327E+02, 1.215E-06, 8.549E-02, 5.535E-02, 3.969E-02, 8.566E+02, 8.334E+02, 8.599E+02, 1.078E-02, 1.098E-02, 7.788E+01, 1.463E+02, 7.032E+00, 8.818E+01, 9.331E+01, 9.744E+01, 7.989E+02, 9.797E+02, 2.528E+02, 8.311E+02, 8.465E+02, 8.595E+02, 7.213E+01, 6.829E+01, 7.304E+01, 7.289E+01, 7.051E+01, 8.040E+02, 8.090E+02, 8.146E+02, 8.196E+02, 8.211E+02, 8.238E+02, 8.250E+02, 8.275E+02, 8.308E+02, 8.336E+02, 8.337E+02, 9.735E+02, 9.661E+02, 9.184E+02, 8.951E+02, 8.895E+02, 8.807E+02, 8.777E+02, 8.735E+02, 8.694E+02, 8.671E+02, 8.652E+02
 1.380E+03, 2.703E-11, 8.518E-02, 5.481E-02, 4.547E-02, 8.363E+02, 2.433E-08, 8.589E-02, 5.470E-02, 4.127E-02, 8.708E+02, 8.366E+02, 8.710E+02, 1.073E-02, 1.081E-02, 7.845E+01, 1.483E+02, 7.171E+00, 8.956E+01, 9.434E+01, 9.753E+01, 8.004E+02, 9.820E+02, 2.548E+02, 8.350E+02, 8.493E+02, 8.600E+02, 7.318E+01, 6.973E+01, 7.413E+01, 7.400E+01, 7.167E+01, 8.049E+02, 8.101E+02, 8.160E+02, 8.208E+02, 8.223E+02, 8.252E+02, 8.266E+02, 8.293E+02, 8.334E+02, 8.369E+02, 8.375E+02, 9.811E+02, 9.693E+02, 9.190E+02, 8.958E+02, 8.903E+02, 8.823E+02, 8.792E+02, 8.746E+02, 8.704E+02, 8.674E+02, 8.644E+02
 1.400E+03, 2.536E-11, 8.376E-02, 5.651E-02, 4.415E-02, 8.324E+02, 9.823E-08, 8.391E-02, 5.628E-02, 4.464E-02, 8.478E+02, 8.331E+02, 8.482E+02, 1.108E-02, 1.103E-02, 7.841E+01, 1.460E+02, 7.341E+00, 8.893E+01, 9.360E+01, 9.685E+01, 8.009E+02, 9.809E+02, 2.592E+02, 8.340E+02, 8.482E+02, 8.589E+02, 7.420E+01, 7.117E+01, 7.520E+01, 7.510E+01, 7.282E+01, 8.058E+02, 8.110E+02, 8.169E+02, 8.220E+02, 8.235E+02, 8.262E+02, 8.275E+02, 8.298E+02, 8.334E+02, 8.359E+02, 8.359E+02, 1.001E+03, 9.771E+02, 9.172E+02, 8.915E+02, 8.864E+02, 8.791E+02, 8.768E+02, 8.729E+02, 8.685E+02, 8.653E+02, 8.635E+02
 1.420E+03, 5.225E-11, 8.286E-02, 5.719E-02, 4.589E-02, 8.391E+02, 6.498E-07, 8.241E-02, 5.821E-02, 4.229E-02, 8.691E+02, 8.400E+02, 8.721E+02, 1.117E-02, 1.146E-02, 7.883E+01, 1.317E+02, 7.412E+00, 8.998E+01, 9.479E+01, 9.747E+01, 8.019E+02, 9.499E+02, 2.608E+02, 8.363E+02, 8.513E+02, 8.609E+02, 7.519E+01, 7.259E+01, 7.624E+01, 7.617E+01, 7.395E+01, 8.063E+02, 8.117E+02, 8.172E+02, 8.220E+02, 8.233E+02, 8.258E+02, 8.270E+02, 8.295E+02, 8.338E+02, 8.380E+02, 8.385E+02, 9.744E+02, 9.649E+02, 9.152E+02, 8.941E+02, 8.892E+02, 8.817E+02, 8.790E+02, 8.755E+02, 8.712E+02, 8.673E+02, 8.652E+02
 1.440E+03, 2.543E-11, 8.256E-02, 5.738E-02, 4.677E-02, 8.308E+02, 4.823E-08, 8.226E-02, 5.747E-02, 4.821E-02, 8.546E+02, 8.300E+02, 8.519E+02, 1.118E-02, 1.117E-02, 7.729E+01, 1.063E+02, 7.559E+00, 8.878E+01, 9.350E+01, 9.663E+01, 7.981E+02, 8.811E+02, 2.627E+02, 8.339E+02, 8.478E+02, 8.576E+02, 7.616E+01, 7.400E+01, 7.726E+01, 7.722E+01, 7.506E+01, 8.052E+02, 8.102E+02, 8.164E+02, 8.220E+02, 8.236E+02, 8.268E+02, 8.282E+02, 8.307E+02, 8.337E+02, 8.359E+02, 8.362E+02, 9.010E+02, 9.090E+02, 8.885E+02, 8.785E+02, 8.759E+02, 8.720E+02, 8.705E+02, 8.682E+02, 8.653E+02, 8.641E+02, 8.629E+02
 1.460E+03, 2.546E-11, 8.150E-02, 5.852E-02, 4.662E-02, 8.282E+02, 1.810E-07, 8.024E-02, 5.957E-02, 4.837E-02, 8.482E+02, 8.286E+02, 8.505E+02, 1.140E-02, 1.156E-02, 6.931E+01, 1.320E+02, 7.922E+00, 8.676E+01, 9.083E+01, 9.464E+01, 7.701E+02, 9.475E+02, 2.688E+02, 8.282E+02, 8.409E+02, 8.535E+02, 7.710E+01, 7.540E+01, 7.826E+01, 7.825E+01, 7.615E+01, 7.849E+02, 7.976E+02, 8.069E+02, 8.141E+02, 8.160E+02, 8.194E+02, 8.209E+02, 8.239E+02, 8.280E+02, 8.309E+02, 8.312E+02, 1.022E+03, 9.636E+02, 9.192E+02, 8.960E+02, 8.898E+02, 8.795E+02, 8.756E+02, 8.701E+02, 8.653E+02, 8.612E+02, 8.585E+02
 1.480E+03, 2.866E-11, 7.976E-02, 5.960E-02, 5.153E-02, 8.274E+02, 1.521E-08, 7.900E-02, 6.028E-02, 5.231E-02, 8.576E+02, 8.272E+02, 8.573E+02, 1.148E-02, 1.159E-02, 6.887E+01, 1.344E+02, 8.422E+00, 8.654E+01, 9.103E+01, 9.439E+01, 7.664E+02, 9.533E+02, 2.769E+02, 8.265E+02, 8.403E+02, 8.523E+02, 7.802E+01, 7.679E+01, 7.923E+01, 7.926E+01, 7.721E+01, 7.752E+02, 7.943E+02, 8.044E+02, 8.113E+02, 8.132E+02, 8.165E+02, 8.180E+02, 8.209E+02, 8.251E+02, 8.281E+02, 8.285E+02, 1.002E+03, 9.628E+02, 9.137E+02, 8.896E+02, 8.846E+02, 8.764E+02, 8.729E+02, 8.685E+02, 8.639E+02, 8.596E+02, 8.571E+02
 1.500E+03, 2.573E-11, 7.879E-02, 6.051E-02, 5.229E-02, 8.224E+02, 1.160E-06, 7.765E-02, 6.145E-02, 5.403E-02, 8.419E+02, 8.228E+02, 8.436E+02, 1.163E-02, 1.176E-02, 6.784E+01, 1.019E+02, 8.172E+00, 8.655E+01, 9.047E+01, 9.415E+01, 7.625E+02, 8.725E+02, 2.762E+02, 8.254E+02, 8.379E+02, 8.498E+02, 7.892E+01, 7.815E+01, 8.017E+01, 8.024E+01, 7.826E+01, 7.736E+02, 7.919E+02, 8.025E+02, 8.098E+02, 8.117E+02, 8.151E+02, 8.166E+02, 8.197E+02, 8.239E+02, 8.272E+02, 8.283E+02, 9.614E+02, 8.938E+02, 8.647E+02, 8.541E+02, 8.526E+02, 8.513E+02, 8.510E+02, 8.517E+02, 8.542E+02, 8.570E+02, 8.566E+02
 1.520E+03, 2.593E-11, 7.676E-02, 6.205E-02, 5.630E-02, 8.221E+02, 2.554E-06, 7.563E-02, 6.349E-02, 5.460E-02, 8.595E+02, 8.219E+02, 8.608E+02, 1.181E-02, 1.213E-02, 6.639E+01, 9.803E+01, 8.105E+00, 8.385E+01, 8.816E+01, 9.212E+01, 7.567E+02, 8.595E+02, 2.749E+02, 8.183E+02, 8.314E+02, 8.442E+02, 7.978E+01, 7.950E+01, 8.110E+01, 8.120E+01, 7.928E+01, 7.667E+02, 7.861E+02, 7.959E+02, 8.036E+02, 8.056E+02, 8.090E+02, 8.106E+02, 8.133E+02, 8.168E+02, 8.199E+02, 8.210E+02, 9.581E+02, 8.966E+02, 8.642E+02, 8.510E+02, 8.494E+02, 8.480E+02, 8.477E+02, 8.476E+02, 8.501E+02, 8.515E+02, 8.510E+02
 1.540E+03, 2.597E-11, 7.583E-02, 6.269E-02, 5.853E-02, 8.128E+02, 4.330E-07, 7.573E-02, 6.263E-02, 5.960E-02, 8.452E+02, 8.124E+02, 8.429E+02, 1.187E-02, 1.184E-02, 6.617E+01, 9.202E+01, 8.630E+00, 8.358E+01, 8.780E+01, 9.157E+01, 7.552E+02, 8.449E+02, 2.818E+02, 8.168E+02, 8.305E+02, 8.427E+02, 8.063E+01, 8.082E+01, 8.200E+01, 8.214E+01, 8.029E+01, 7.667E+02, 7.863E+02, 7.959E+02, 8.027E+02, 8.045E+02, 8.076E+02, 8.089E+02, 8.114E+02, 8.149E+02, 8.180E+02, 8.190E+02, 9.695E+02, 9.046E+02, 8.698E+02, 8.555E+02, 8.529E+02, 8.494E+02, 8.485E+02, 8.486E+02, 8.496E+02, 8.506E+02, 8.496E+02
 1.560E+03, 2.662E-11, 7.425E-02, 6.424E-02, 5.927E-02, 8.154E+02, 1.145E-06, 7.277E-02, 6.550E-02, 6.122E-02, 8.394E+02, 8.161E+02, 8.426E+02, 1.214E-02, 1.232E-02, 6.470E+01, 1.137E+02, 8.650E+00, 8.297E+01, 8.672E+01, 9.025E+01, 7.496E+02, 8.976E+02, 2.841E+02, 8.146E+02, 8.266E+02, 8.391E+02, 8.145E+01, 8.212E+01, 8.288E+01, 8.305E+01, 8.127E+01, 7.589E+02, 7.821E+02, 7.931E+02, 8.003E+02, 8.023E+02, 8.058E+02, 8.073E+02, 8.100E+02, 8.138E+02, 8.170E+02, 8.176E+02, 9.800E+02, 9.305E+02, 8.859E+02, 8.653E+02, 8.606E+02, 8.534E+02, 8.507E+02, 8.474E+02, 8.459E+02, 8.462E+02, 8.448E+02
 1.580E+03, 2.623E-11, 7.292E-02, 6.491E-02, 6.409E-02, 8.176E+02, 1.585E-07, 7.300E-02, 6.527E-02, 6.116E-02, 8.526E+02, 8.173E+02, 8.520E+02, 1.214E-02, 1.228E-02, 6.480E+01, 9.796E+01, 8.622E+00, 8.325E+01, 8.700E+01, 9.031E+01, 7.499E+02, 8.602E+02, 2.835E+02, 8.151E+02, 8.268E+02, 8.392E+02, 8.224E+01, 8.340E+01, 8.373E+01, 8.394E+01, 8.222E+01, 7.584E+02, 7.801E+02, 7.909E+02, 7.984E+02, 8.005E+02, 8.043E+02, 8.059E+02, 8.088E+02, 8.131E+02, 8.170E+02, 8.180E+02, 9.740E+02, 9.089E+02, 8.723E+02, 8.560E+02, 8.529E+02, 8.483E+02, 8.467E+02, 8.453E+02, 8.455E+02, 8.473E+02, 8.465E+02
 1.600E+03, 2.615E-11, 7.207E-02, 6.606E-02, 6.245E-02, 8.093E+02, 2.241E-07, 7.130E-02, 6.633E-02, 6.598E-02, 8.311E+02, 8.098E+02, 8.326E+02, 1.239E-02, 1.235E-02, 6.404E+01, 9.163E+01, 8.745E+00, 8.205E+01, 8.620E+01, 9.002E+01, 7.465E+02, 8.394E+02, 2.859E+02, 8.113E+02, 8.244E+02, 8.372E+02, 8.301E+01, 8.464E+01, 8.456E+01, 8.481E+01, 8.316E+01, 7.548E+02, 7.784E+02, 7.886E+02, 7.957E+02, 7.974E+02, 8.005E+02, 8.020E+02, 8.046E+02, 8.086E+02, 8.126E+02, 8.139E+02, 9.326E+02, 8.944E+02, 8.629E+02, 8.500E+02, 8.474E+02, 8.441E+02, 8.432E+02, 8.422E+02, 8.430E+02, 8.446E+02, 8.437E+02
 1.620E+03, 4.683E-11, 7.090E-02, 6.674E-02, 6.606E-02, 8.144E+02, 1.209E-07, 7.050E-02, 6.734E-02, 6.489E-02, 8.451E+02, 8.147E+02, 8.454E+02, 1.242E-02, 1.256E-02, 6.396E+01, 1.098E+02, 8.914E+00, 8.223E+01, 8.557E+01, 8.869E+01, 7.461E+02, 8.871E+02, 2.887E+02, 8.119E+02, 8.227E+02, 8.338E+02, 8.375E+01, 8.586E+01, 8.537E+01, 8.565E+01, 8.407E+01, 7.547E+02, 7.766E+02, 7.879E+02, 7.961E+02, 7.982E+02, 8.020E+02, 8.037E+02, 8.068E+02, 8.108E+02, 8.141E+02, 8.144E+02, 9.768E+02, 8.954E+02, 8.579E+02, 8.437E+02, 8.407E+02, 8.370E+02, 8.361E+02, 8.367E+02, 8.397E+02, 8.417E+02, 8.406E+02
 1.640E+03, 2.633E-11, 7.031E-02, 6.731E-02, 6.638E-02, 8.081E+02, 1.627E-07, 7.002E-02, 6.726E-02, 6.872E-02, 8.206E+02, 8.086E+02, 8.200E+02, 1.252E-02, 1.245E-02, 6.428E+01, 8.533E+01, 8.944E+00, 8.273E+01, 8.589E+01, 8.876E+01, 7.470E+02, 8.204E+02, 2.904E+02, 8.122E+02, 8.226E+02, 8.321E+02, 8.447E+01, 8.704E+01, 8.615E+01, 8.647E+01, 8.496E+01, 7.579E+02, 7.776E+02, 7.879E+02, 7.957E+02, 7.976E+02, 8.010E+02, 8.026E+02, 8.056E+02, 8.099E+02, 8.140E+02, 8.150E+02, 9.094E+02, 8.706E+02, 8.412E+02, 8.285E+02, 8.268E+02, 8.266E+02, 8.270E+02, 8.286E+02, 8.324E+02, 8.376E+02, 8.389E+02
 1.660E+03, 4.864E-11, 6.914E-02, 6.816E-02, 6.895E-02, 8.119E+02, 1.963E-07, 6.946E-02, 6.852E-02, 6.433E-02, 8.410E+02, 8.123E+02, 8.443E+02, 1.260E-02, 1.280E-02, 6.345E+01, 8.952E+01, 8.639E+00, 8.146E+01, 8.454E+01, 8.814E+01, 7.435E+02, 8.332E+02, 2.864E+02, 8.093E+02, 8.197E+02, 8.313E+02, 8.516E+01, 8.818E+01, 8.691E+01, 8.727E+01, 8.583E+01, 7.520E+02, 7.755E+02, 7.866E+02, 7.944E+02, 7.964E+02, 7.997E+02, 8.012E+02, 8.041E+02, 8.082E+02, 8.113E+02, 8.119E+02, 9.298E+02, 8.744E+02, 8.478E+02, 8.396E+02, 8.380E+02, 8.369E+02, 8.360E+02, 8.353E+02, 8.366E+02, 8.389E+02, 8.379E+02
 1.680E+03, 2.653E-11, 6.859E-02, 6.863E-02, 6.968E-02, 8.043E+02, 9.131E-09, 6.852E-02, 6.867E-02, 6.990E-02, 8.309E+02, 8.039E+02, 8.281E+02, 1.267E-02, 1.267E-02, 6.266E+01, 8.293E+01, 9.301E+00, 8.089E+01, 8.472E+01, 8.794E+01, 7.402E+02, 8.134E+02, 2.953E+02, 8.072E+02, 8.193E+02, 8.307E+02, 8.582E+01, 8.930E+01, 8.765E+01, 8.804E+01, 8.667E+01, 7.466E+02, 7.730E+02, 7.842E+02, 7.922E+02, 7.942E+02, 7.973E+02, 7.987E+02, 8.016E+02, 8.052E+02, 8.088E+02, 8.098E+02, 8.945E+02, 8.632E+02, 8.468E+02, 8.385E+02, 8.366E+02, 8.349E+02, 8.342E+02, 8.333E+02, 8.349E+02, 8.375E+02, 8.380E+02
 1.700E+03, 1.883E-10, 6.836E-02, 6.906E-02, 6.847E-02, 8.094E+02, 1.041E-06, 6.756E-02, 7.005E-02, 6.742E-02, 8.325E+02, 8.105E+02, 8.350E+02, 1.278E-02, 1.299E-02, 6.231E+01, 8.425E+01, 8.989E+00, 8.167E+01, 8.510E+01, 8.853E+01, 7.392E+02, 8.113E+02, 2.917E+02, 8.086E+02, 8.199E+02, 8.320E+02, 8.646E+01, 9.038E+01, 8.836E+01, 8.879E+01, 8.749E+01, 7.499E+02, 7.742E+02, 7.854E+02, 7.923E+02, 7.942E+02, 7.976E+02, 7.991E+02, 8.020E+02, 8.060E+02, 8.100E+02, 8.118E+02, 8.973E+02, 8.539E+02, 8.370E+02, 8.298E+02, 8.288E+02, 8.277E+02, 8.281E+02, 8.289E+02, 8.329E+02, 8.392E+02, 8.401E+02
 1.720E+03, 2.647E-11, 6.754E-02, 6.962E-02, 7.042E-02, 8.055E+02, 3.448E-08, 6.687E-02, 7.043E-02, 6.978E-02, 8.326E+02, 8.044E+02, 8.316E+02, 1.283E-02, 1.299E-02, 6.108E+01, 9.527E+01, 9.376E+00, 7.991E+01, 8.271E+01, 8.656E+01, 7.345E+02, 8.487E+02, 2.975E+02, 8.044E+02, 8.142E+02, 8.276E+02, 8.707E+01, 9.143E+01, 8.905E+01, 8.951E+01, 8.828E+01, 7.440E+02, 7.685E+02, 7.802E+02, 7.884E+02, 7.906E+02, 7.941E+02, 7.957E+02, 7.985E+02, 8.031E+02, 8.071E+02, 8.077E+02, 9.655E+02, 9.052E+02, 8.695E+02, 8.534E+02, 8.487E+02, 8.414E+02, 8.386E+02, 8.355E+02, 8.349E+02, 8.358E+02, 8.342E+02
 1.740E+03, 2.648E-11, 6.670E-02, 7.052E-02, 7.036E-02, 8.012E+02, 6.675E-07, 6.618E-02, 7.087E-02, 7.168E-02, 8.210E+02, 8.017E+02, 8.228E+02, 1.299E-02, 1.302E-02, 6.092E+01, 7.575E+01, 9.106E+00, 7.990E+01, 8.339E+01, 8.673E+01, 7.330E+02, 7.846E+02, 2.938E+02, 8.038E+02, 8.148E+02, 8.264E+02, 8.766E+01, 9.244E+01, 8.972E+01, 9.022E+01, 8.905E+01, 7.404E+02, 7.659E+02, 7.786E+02, 7.870E+02, 7.891E+02, 7.923E+02, 7.939E+02, 7.971E+02, 8.014E+02, 8.059E+02, 8.068E+02, 8.643E+02, 8.382E+02, 8.224E+02, 8.198E+02, 8.200E+02, 8.207E+02, 8.213E+02, 8.236E+02, 8.288E+02, 8.339E+02, 8.343E+02
 1.760E+03, 3.051E-11, 6.610E-02, 7.105E-02, 7.103E-02, 8.032E+02, 3.026E-06, 6.396E-02, 7.347E-02, 6.992E-02, 8.398E+02, 8.037E+02, 8.410E+02, 1.307E-02, 1.355E-02, 6.256E+01, 1.221E+02, 9.348E+00, 7.809E+01, 8.186E+01, 8.662E+01, 7.400E+02, 9.159E+02, 2.976E+02, 7.985E+02, 8.106E+02, 8.271E+02, 8.822E+01, 9.341E+01, 9.037E+01, 9.090E+01, 8.980E+01, 7.475E+02, 7.676E+02, 7.784E+02, 7.856E+02, 7.877E+02, 7.913E+02, 7.928E+02, 7.951E+02, 7.974E+02, 7.997E+02, 8.005E+02, 9.955E+02, 9.384E+02, 8.894E+02, 8.655E+02, 8.595E+02, 8.509E+02, 8.471E+02, 8.409E+02, 8.363E+02, 8.358E+02, 8.351E+02
 1.780E+03, 2.645E-11, 6.594E-02, 7.141E-02, 6.973E-02, 8.057E+02, 5.691E-07, 6.614E-02, 7.148E-02, 6.791E-02, 8.283E+02, 8.065E+02, 8.288E+02, 1.317E-02, 1.324E-02, 6.842E+01, 1.210E+02, 9.316E+00, 8.140E+01, 8.556E+01, 8.869E+01, 7.623E+02, 9.207E+02, 2.981E+02, 8.074E+02, 8.209E+02, 8.337E+02, 8.876E+01, 9.435E+01, 9.099E+01, 9.155E+01, 9.052E+01, 7.680E+02, 7.777E+02, 7.854E+02, 7.913E+02, 7.929E+02, 7.961E+02, 7.976E+02, 8.006E+02, 8.050E+02, 8.089E+02, 8.095E+02, 9.844E+02, 9.311E+02, 8.819E+02, 8.629E+02, 8.588E+02, 8.526E+02, 8.500E+02, 8.466E+02, 8.437E+02, 8.416E+02, 8.393E+02
 1.800E+03, 5.192E-11, 6.761E-02, 7.050E-02, 6.417E-02, 8.152E+02, 9.478E-07, 6.737E-02, 7.139E-02, 5.998E-02, 8.428E+02, 8.171E+02, 8.457E+02, 1.316E-02, 1.346E-02, 7.271E+01, 1.170E+02, 8.841E+00, 8.268E+01, 8.763E+01, 9.101E+01, 7.778E+02, 9.096E+02, 2.916E+02, 8.120E+02, 8.272E+02, 8.395E+02, 8.927E+01, 9.525E+01, 9.159E+01, 9.219E+01, 9.122E+01, 7.832E+02, 7.889E+02, 7.943E+02, 7.989E+02, 8.001E+02, 8.025E+02, 8.036E+02, 8.058E+02, 8.094E+02, 8.130E+02, 8.140E+02, 1.001E+03, 9.244E+02, 8.789E+02, 8.578E+02, 8.546E+02, 8.506E+02, 8.492E+02, 8.473E+02, 8.465E+02, 8.471E+02, 8.456E+02
 1.820E+03, 2.612E-11, 6.814E-02, 7.015E-02, 6.279E-02, 8.152E+02, 1.465E-07, 6.967E-02, 6.959E-02, 5.577E-02, 8.540E+02, 8.142E+02, 8.527E+02, 1.314E-02, 1.324E-02, 7.483E+01, 1.164E+02, 8.664E+00, 8.452E+01, 8.918E+01, 9.302E+01, 7.850E+02, 9.076E+02, 2.880E+02, 8.181E+02, 8.328E+02, 8.452E+02, 8.976E+01, 9.611E+01, 9.217E+01, 9.280E+01, 9.190E+01, 7.899E+02, 7.957E+02, 8.008E+02, 8.052E+02, 8.064E+02, 8.090E+02, 8.102E+02, 8.127E+02, 8.164E+02, 8.196E+02, 8.208E+02, 9.480E+02, 9.223E+02, 8.819E+02, 8.621E+02, 8.577E+02, 8.521E+02, 8.506E+02, 8.494E+02, 8.505E+02, 8.529E+02, 8.515E+02
 1.840E+03, 2.583E-11, 7.006E-02, 6.922E-02, 5.555E-02, 8.240E+02, 2.952E-06, 7.045E-02, 6.940E-02, 5.163E-02, 8.436E+02, 8.257E+02, 8.473E+02, 1.318E-02, 1.333E-02, 7.623E+01, 1.353E+02, 8.797E+00, 8.720E+01, 9.240E+01, 9.651E+01, 7.902E+02, 9.501E+02, 2.905E+02, 8.256E+02, 8.415E+02, 8.548E+02, 9.023E+01, 9.693E+01, 9.273E+01, 9.339E+01, 9.255E+01, 7.948E+02, 8.006E+02, 8.062E+02, 8.106E+02, 8.119E+02, 8.145E+02, 8.158E+02, 8.183E+02, 8.228E+02, 8.273E+02, 8.288E+02, 1.016E+03, 9.603E+02, 9.017E+02, 8.797E+02, 8.752E+02, 8.676E+02, 8.646E+02, 8.612E+02, 8.603E+02, 8.615E+02, 8.609E+02
 1.860E+03, 4.103E-10, 7.266E-02, 6.738E-02, 4.960E-02, 8.299E+02, 4.002E-07, 7.513E-02, 6.595E-02, 4.180E-02, 8.707E+02, 8.296E+02, 8.707E+02, 1.300E-02, 1.296E-02, 7.760E+01, 1.293E+02, 8.492E+00, 8.864E+01, 9.403E+01, 9.763E+01, 7.959E+02, 9.409E+02, 2.860E+02, 8.310E+02, 8.475E+02, 8.598E+02, 9.067E+01, 9.771E+01, 9.327E+01, 9.396E+01, 9.318E+01, 8.002E+02, 8.062E+02, 8.122E+02, 8.171E+02, 8.186E+02, 8.214E+02, 8.226E+02, 8.249E+02, 8.285E+02, 8.321E+02, 8.334E+02, 9.874E+02, 9.634E+02, 9.051E+02, 8.833E+02, 8.788E+02, 8.737E+02, 8.721E+02, 8.705E+02, 8.697E+02, 8.680E+02, 8.651E+02
 1.880E+03, 2.534E-11, 7.469E-02, 6.590E-02, 4.521E-02, 8.315E+02, 4.361E-08, 7.385E-02, 6.651E-02, 4.701E-02, 8.441E+02, 8.331E+02, 8.441E+02, 1.285E-02, 1.291E-02, 7.938E+01, 1.305E+02, 8.408E+00, 9.025E+01, 9.504E+01, 9.788E+01, 8.018E+02, 9.422E+02, 2.844E+02, 8.363E+02, 8.516E+02, 8.605E+02, 9.110E+01, 9.846E+01, 9.379E+01, 9.450E+01, 9.379E+01, 8.058E+02, 8.118E+02, 8.175E+02, 8.225E+02, 8.239E+02, 8.264E+02, 8.276E+02, 8.300E+02, 8.338E+02, 8.378E+02, 8.383E+02, 9.673E+02, 9.422E+02, 8.963E+02, 8.794E+02, 8.758E+02, 8.711E+02, 8.696E+02, 8.682E+02, 8.670E+02, 8.665E+02, 8.644E+02
 1.900E+03, 2.011E-09, 7.750E-02, 6.383E-02, 3.935E-02, 8.427E+02, 9.420E-07, 7.887E-02, 6.332E-02, 3.324E-02, 8.717E+02, 8.442E+02, 8.752E+02, 1.262E-02, 1.269E-02, 8.056E+01, 1.547E+02, 8.198E+00, 9.101E+01, 9.650E+01, 9.991E+01, 8.068E+02, 9.967E+02, 2.816E+02, 8.394E+02, 8.561E+02, 8.675E+02, 9.150E+01, 9.918E+01, 9.430E+01, 9.503E+01, 9.438E+01, 8.106E+02, 8.161E+02, 8.221E+02, 8.267E+02, 8.280E+02, 8.307E+02, 8.320E+02, 8.344E+02, 8.378E+02, 8.405E+02, 8.405E+02, 9.658E+02, 9.804E+02, 9.331E+02, 9.109E+02, 9.049E+02, 8.953E+02, 8.916E+02, 8.855E+02, 8.792E+02, 8.749E+02, 8.715E+02
 1.920E+03, 2.501E-11, 7.858E-02, 6.277E-02, 3.884E-02, 8.389E+02, 4.088E-07, 8.237E-02, 5.966E-02, 3.299E-02, 8.785E+02, 8.388E+02, 8.774E+02, 1.242E-02, 1.198E-02, 8.376E+01, 1.406E+02, 8.063E+00, 9.295E+01, 9.922E+01, 1.030E+02, 8.160E+02, 9.694E+02, 2.788E+02, 8.452E+02, 8.637E+02, 8.764E+02, 9.189E+01, 9.986E+01, 9.478E+01, 9.554E+01, 9.495E+01, 8.183E+02, 8.241E+02, 8.293E+02, 8.338E+02, 8.351E+02, 8.375E+02, 8.386E+02, 8.406E+02, 8.435E+02, 8.462E+02, 8.465E+02, 9.309E+02, 9.753E+02, 9.350E+02, 9.153E+02, 9.105E+02, 9.030E+02, 8.998E+02, 8.946E+02, 8.893E+02, 8.842E+02, 8.806E+02
 1.940E+03, 2.818E-11, 8.457E-02, 5.800E-02, 2.866E-02, 8.576E+02, 2.269E-06, 8.475E-02, 5.807E-02, 2.695E-02, 8.720E+02, 8.594E+02, 8.744E+02, 1.178E-02, 1.184E-02, 8.669E+01, 1.543E+02, 7.618E+00, 9.694E+01, 1.037E+02, 1.071E+02, 8.258E+02, 9.949E+02, 2.725E+02, 8.571E+02, 8.758E+02, 8.867E+02, 9.226E+01, 1.005E+02, 9.524E+01, 9.603E+01, 9.550E+01, 8.277E+02, 8.339E+02, 8.400E+02, 8.453E+02, 8.469E+02, 8.498E+02, 8.512E+02, 8.537E+02, 8.568E+02, 8.590E+02, 8.588E+02, 9.383E+02, 9.924E+02, 9.476E+02, 9.253E+02, 9.205E+02, 9.124E+02, 9.090E+02, 9.033E+02, 8.970E+02, 8.929E+02, 8.905E+02
 1.960E+03, 1.371E-10, 8.921E-02, 5.394E-02, 2.315E-02, 8.666E+02, 2.724E-07, 9.121E-02, 5.231E-02, 1.999E-02, 8.939E+02, 8.670E+02, 8.954E+02, 1.112E-02, 1.088E-02, 8.909E+01, 1.491E+02, 7.325E+00, 9.948E+01, 1.058E+02, 1.080E+02, 8.338E+02, 9.876E+02, 2.673E+02, 8.652E+02, 8.833E+02, 8.905E+02, 9.261E+01, 1.012E+02, 9.569E+01, 9.650E+01, 9.603E+01, 8.356E+02, 8.418E+02, 8.479E+02, 8.531E+02, 8.546E+02, 8.577E+02, 8.591E+02, 8.616E+02, 8.645E+02, 8.661E+02, 8.661E+02, 8.881E+02, 9.814E+02, 9.480E+02, 9.295E+02, 9.245E+02, 9.166E+02, 9.132E+02, 9.074E+02, 9.004E+02, 8.958E+02, 8.930E+02
 1.980E+03, 6.226E-11, 9.223E-02, 5.113E-02, 2.072E-02, 8.642E+02, 6.651E-11, 9.205E-02, 5.119E-02, 2.154E-02, 8.897E+02, 8.661E+02, 8.891E+02, 1.063E-02, 1.062E-02, 9.160E+01, 1.477E+02, 7.189E+00, 1.014E+02, 1.072E+02, 1.086E+02, 8.420E+02, 9.825E+02, 2.641E+02, 8.708E+02, 8.880E+02, 8.949E+02, 9.295E+01, 1.018E+02, 9.612E+01, 9.696E+01, 9.655E+01, 8.431E+02, 8.491E+02, 8.551E+02, 8.604E+02, 8.618E+02, 8.644E+02, 8.655E+02, 8.676E+02, 8.703E+02, 8.718E+02, 8.707E+02, 8.254E+02, 9.876E+02, 9.621E+02, 9.464E+02, 9.415E+02, 9.322E+02, 9.278E+02, 9.196E+02, 9.087E+02, 8.998E+02, 8.959E+02
 2.000E+03, 3.972E-11, 9.790E-02, 4.583E-02, 1.628E-02, 8.804E+02, 3.663E-08, 9.910E-02, 4.472E-02, 1.526E-02, 8.924E+02, 8.814E+02, 8.941E+02, 9.683E-03, 9.483E-03, 9.637E+01, 1.450E+02, 6.790E+00, 1.047E+02, 1.109E+02, 1.139E+02, 8.556E+02, 9.780E+02, 2.578E+02, 8.803E+02, 8.976E+02, 9.062E+02, 9.328E+01, 1.024E+02, 9.654E+01, 9.740E+01, 9.705E+01, 8.561E+02, 8.621E+02, 8.679E+02, 8.728E+02, 8.743E+02, 8.769E+02, 8.780E+02, 8.798E+02, 8.816E+02, 8.824E+02, 8.820E+02, 7.984E+02, 9.836E+02, 9.604E+02, 9.455E+02, 9.412E+02, 9.339E+02, 9.306E+02, 9.245E+02, 9.170E+02, 9.114E+02, 9.086E+02
 2.020E+03, 1.312E-09, 1.018E-01, 4.205E-02, 1.392E-02, 8.896E+02, 5.313E-09, 1.059E-01, 3.821E-02, 1.112E-02, 9.054E+02, 8.916E+02, 9.071E+02, 8.984E-03, 8.278E-03, 9.926E+01, 1.420E+02, 6.516E+00, 1.085E+02, 1.151E+02, 1.169E+02, 8.647E+02, 9.708E+02, 2.519E+02, 8.905E+02, 9.086E+02, 9.155E+02, 9.360E+01, 1.030E+02, 9.695E+01, 9.784E+01, 9.754E+01, 8.652E+02, 8.711E+02, 8.771E+02, 8.826E+02, 8.842E+02, 8.868E+02, 8.878E+02, 8.893E+02, 8.906E+02, 8.913E+02, 8.903E+02, 7.785E+02, 9.772E+02, 9.647E+02, 9.543E+02, 9.509E+02, 9.443E+02, 9.411E+02, 9.345E+02, 9.256E+02, 9.192E+02, 9.165E+02
 2.040E+03, 3.706E-07, 1.088E-01, 3.533E-02, 9.997E-03, 9.123E+02, 5.031E-09, 1.118E-01, 3.226E-02, 9.346E-03, 9.148E+02, 9.147E+02, 9.157E+02, 7.726E-03, 7.128E-03, 1.054E+02, 1.387E+02, 6.556E+00, 1.159E+02, 1.203E+02, 1.204E+02, 8.816E+02, 9.634E+02, 2.516E+02, 9.094E+02, 9.230E+02, 9.250E+02, 9.392E+01, 1.036E+02, 9.735E+01, 9.826E+01, 9.802E+01, 8.819E+02, 8.881E+02, 8.948E+02, 9.006E+02, 9.025E+02, 9.058E+02, 9.073E+02, 9.097E+02, 9.116E+02, 9.116E+02, 9.104E+02, 7.528E+02, 9.798E+02, 9.636E+02, 9.544E+02, 9.517E+02, 9.468E+02, 9.444E+02, 9.398E+02, 9.328E+02, 9.276E+02, 9.255E+02
 2.060E+03, 6.120E-07, 1.157E-01, 2.865E-02, 6.064E-03, 9.276E+02, 4.250E-09, 1.142E-01, 2.998E-02, 7.151E-03, 9.194E+02, 9.293E+02, 9.205E+02, 6.468E-03, 6.713E-03, 1.139E+02, 1.345E+02, 6.218E+00, 1.225E+02, 1.258E+02, 1.251E+02, 9.038E+02, 9.529E+02, 2.464E+02, 9.270E+02, 9.376E+02, 9.362E+02, 9.422E+01, 1.042E+02, 9.773E+01, 9.868E+01, 9.850E+01, 9.042E+02, 9.101E+02, 9.161E+02, 9.211E+02, 9.226E+02, 9.255E+02, 9.268E+02, 9.291E+02, 9.307E+02, 9.299E+02, 9.284E+02, 7.261E+02, 9.686E+02, 9.562E+02, 9.513E+02, 9.504E+02, 9.487E+02, 9.477E+02, 9.455E+02, 9.417E+02, 9.384E+02, 9.366E+02
 2.080E+03, 2.261E-09, 1.163E-01, 2.807E-02, 5.716E-03, 9.303E+02, 4.388E-09, 1.168E-01, 2.745E-02, 6.144E-03, 9.238E+02, 9.308E+02, 9.252E+02, 6.358E-03, 6.227E-03, 1.182E+02, 1.264E+02, 5.751E+00, 1.253E+02, 1.274E+02, 1.281E+02, 9.164E+02, 9.329E+02, 2.380E+02, 9.344E+02, 9.416E+02, 9.417E+02, 9.453E+01, 1.048E+02, 9.811E+01, 9.909E+01, 9.896E+01, 9.181E+02, 9.225E+02, 9.272E+02, 9.316E+02, 9.329E+02, 9.351E+02, 9.361E+02, 9.375E+02, 9.386E+02, 9.383E+02, 9.374E+02, 6.904E+02, 9.452E+02, 9.452E+02, 9.479E+02, 9.474E+02, 9.472E+02, 9.474E+02, 9.475E+02, 9.470E+02, 9.457E+02, 9.446E+02
 2.100E+03, 2.594E-08, 1.186E-01, 2.566E-02, 5.326E-03, 9.387E+02, 3.467E-08, 1.231E-01, 2.125E-02, 3.415E-03, 9.202E+02, 9.408E+02, 9.212E+02, 5.886E-03, 5.039E-03, 1.239E+02, 1.251E+02, 5.495E+00, 1.308E+02, 1.310E+02, 1.272E+02, 9.292E+02, 9.281E+02, 2.316E+02, 9.462E+02, 9.473E+02, 9.394E+02, 9.483E+01, 1.054E+02, 9.848E+01, 9.950E+01, 9.943E+01, 9.303E+02, 9.354E+02, 9.405E+02, 9.447E+02, 9.457E+02, 9.473E+02, 9.479E+02, 9.490E+02, 9.501E+02, 9.501E+02, 9.495E+02, 6.585E+02, 9.400E+02, 9.399E+02, 9.407E+02, 9.408E+02, 9.405E+02, 9.404E+02, 9.407E+02, 9.406E+02, 9.408E+02, 9.404E+02
 2.120E+03, 1.394E-06, 1.216E-01, 2.255E-02, 5.176E-03, 9.591E+02, 8.288E-07, 1.295E-01, 1.481E-02, 1.481E-03, 9.297E+02, 9.617E+02, 9.310E+02, 5.273E-03, 3.790E-03, 1.287E+02, 1.211E+02, 5.395E+00, 1.399E+02, 1.381E+02, 1.320E+02, 9.399E+02, 9.181E+02, 2.286E+02, 9.667E+02, 9.632E+02, 9.498E+02, 9.513E+01, 1.060E+02, 9.885E+01, 9.990E+01, 9.989E+01, 9.412E+02, 9.456E+02, 9.509E+02, 9.566E+02, 9.586E+02, 9.625E+02, 9.643E+02, 9.675E+02, 9.713E+02, 9.724E+02, 9.712E+02, 6.475E+02, 9.409E+02, 9.353E+02, 9.385E+02, 9.400E+02, 9.438E+02, 9.456E+02, 9.487E+02, 9.514E+02, 9.523E+02, 9.512E+02
 2.140E+03, 8.646E-03, 1.262E-01, 1.192E-02, 1.861E-03, 9.839E+02, 2.705E-03, 1.369E-01, 5.171E-03, 2.928E-04, 9.402E+02, 9.865E+02, 9.433E+02, 3.188E-03, 1.904E-03, 1.339E+02, 1.124E+02, 5.114E+00, 1.436E+02, 1.376E+02, 1.307E+02, 9.540E+02, 8.957E+02, 2.232E+02, 9.776E+02, 9.644E+02, 9.491E+02, 9.543E+01, 1.066E+02, 9.922E+01, 1.003E+02, 1.003E+02, 9.588E+02, 9.620E+02, 9.644E+02, 9.693E+02, 9.718E+02, 9.770E+02, 9.790E+02, 9.827E+02, 9.868E+02, 9.883E+02, 9.879E+02, 6.115E+02, 9.220E+02, 9.297E+02, 9.384E+02, 9.407E+02, 9.448E+02, 9.464E+02, 9.491E+02, 9.541E+02, 9.557E+02, 9.536E+02
 2.160E+03, 4.021E-02, 1.158E-01, 4.821E-04, 8.045E-12, 9.245E+02, 1.749E-02, 1.312E-01, 5.495E-04, 2.564E-08, 9.038E+02, 9.195E+02, 9.011E+02, 8.377E-04, 9.466E-04, 1.102E+02, 9.079E+01, 4.587E+00, 1.155E+02, 1.138E+02, 1.096E+02, 9.020E+02, 8.340E+02, 2.132E+02, 9.173E+02, 9.127E+02, 9.017E+02, 9.573E+01, 1.071E+02, 9.959E+01, 1.007E+02, 1.008E+02, 9.059E+02, 9.112E+02, 9.154E+02, 9.181E+02, 9.193E+02, 9.214E+02, 9.233E+02, 9.228E+02, 9.240E+02, 9.251E+02, 9.254E+02, 4.870E+02, 8.614E+02, 8.798E+02, 8.940E+02, 8.966E+02, 9.024E+02, 9.045E+02, 9.077E+02, 9.076E+02, 9.067E+02, 9.062E+02
 2.180E+03, 1.113E-01, 6.729E-02, 2.796E-04, 2.823E-13, 8.441E+02, 8.683E-02, 8.399E-02, 3.494E-04, 3.276E-13, 8.370E+02, 8.395E+02, 8.335E+02, 4.940E-04, 6.135E-04, 8.228E+01, 6.938E+01, 4.127E+00, 8.618E+01, 8.495E+01, 8.378E+01, 8.243E+02, 7.634E+02, 2.029E+02, 8.375E+02, 8.333E+02, 8.297E+02, 9.604E+01, 1.077E+02, 9.997E+01, 1.011E+02, 1.013E+02, 8.274E+02, 8.288E+02, 8.312E+02, 8.336E+02, 8.344E+02, 8.360E+02, 8.369E+02, 8.388E+02, 8.418E+02, 8.441E+02, 8.451E+02, 4.325E+02, 7.870E+02, 8.043E+02, 8.157E+02, 8.186E+02, 8.237E+02, 8.257E+02, 8.294E+02, 8.335E+02, 8.358E+02, 8.363E+02
 2.200E+03, 1.372E-01, 4.969E-02, 2.060E-04, 1.446E-13, 7.879E+02, 1.085E-01, 6.921E-02, 2.876E-04, 1.745E-13, 7.880E+02, 7.841E+02, 7.853E+02, 3.662E-04, 5.079E-04, 6.747E+01, 5.930E+01, 3.826E+00, 7.065E+01, 7.007E+01, 6.971E+01, 7.704E+02, 7.224E+02, 1.949E+02, 7.846E+02, 7.818E+02, 7.805E+02, 9.636E+01, 1.083E+02, 1.004E+02, 1.016E+02, 1.017E+02, 7.647E+02, 7.728E+02, 7.751E+02, 7.778E+02, 7.787E+02, 7.805E+02, 7.814E+02, 7.832E+02, 7.859E+02, 7.885E+02, 7.897E+02, 4.095E+02, 7.409E+02, 7.563E+02, 7.662E+02, 7.690E+02, 7.737E+02, 7.757E+02, 7.790E+02, 7.827E+02, 7.850E+02, 7.855E+02
 2.220E+03, 1.534E-01, 3.866E-02, 1.599E-04, 1.190E-13, 7.491E+02, 1.302E-01, 5.448E-02, 2.260E-04, 1.593E-13, 7.525E+02, 7.463E+02, 7.500E+02, 2.853E-04, 4.012E-04, 5.843E+01, 5.287E+01, 3.607E+00, 6.078E+01, 6.071E+01, 6.065E+01, 7.327E+02, 6.925E+02, 1.885E+02, 7.463E+02, 7.451E+02, 7.450E+02, 9.669E+01, 1.088E+02, 1.007E+02, 1.020E+02, 1.022E+02, 7.224E+02, 7.333E+02, 7.363E+02, 7.389E+02, 7.398E+02, 7.414E+02, 7.421E+02, 7.435E+02, 7.458E+02, 7.485E+02, 7.499E+02, 3.810E+02, 7.104E+02, 7.231E+02, 7.316E+02, 7.341E+02, 7.386E+02, 7.405E+02, 7.435E+02, 7.470E+02, 7.488E+02, 7.491E+02
 2.240E+03, 1.692E-01, 2.787E-02, 1.148E-04, 8.255E-14, 7.183E+02, 1.473E-01, 4.283E-02, 1.773E-04, 1.174E-13, 7.240E+02, 7.159E+02, 7.218E+02, 2.056E-04, 3.160E-04, 5.194E+01, 4.771E+01, 3.418E+00, 5.351E+01, 5.373E+01, 5.395E+01, 7.039E+02, 6.672E+02, 1.830E+02, 7.153E+02, 7.153E+02, 7.160E+02, 9.702E+01, 1.094E+02, 1.011E+02, 1.024E+02, 1.027E+02, 6.934E+02, 7.022E+02, 7.048E+02, 7.075E+02, 7.082E+02, 7.093E+02, 7.098E+02, 7.110E+02, 7.134E+02, 7.164E+02, 7.181E+02, 3.652E+02, 6.815E+02, 6.956E+02, 7.043E+02, 7.065E+02, 7.105E+02, 7.121E+02, 7.149E+02, 7.178E+02, 7.194E+02, 7.196E+02
 2.260E+03, 1.757E-01, 2.345E-02, 9.635E-05, 6.859E-14, 6.920E+02, 1.613E-01, 3.324E-02, 1.373E-04, 9.216E-14, 7.000E+02, 6.893E+02, 6.982E+02, 1.728E-04, 2.453E-04, 4.684E+01, 4.377E+01, 3.263E+00, 4.810E+01, 4.820E+01, 4.853E+01, 6.789E+02, 6.457E+02, 1.782E+02, 6.898E+02, 6.902E+02, 6.915E+02, 9.736E+01, 1.099E+02, 1.016E+02, 1.028E+02, 1.031E+02, 6.675E+02, 6.748E+02, 6.775E+02, 6.799E+02, 6.804E+02, 6.813E+02, 6.821E+02, 6.845E+02, 6.880E+02, 6.914E+02, 6.925E+02, 3.538E+02, 6.572E+02, 6.727E+02, 6.811E+02, 6.831E+02, 6.866E+02, 6.880E+02, 6.905E+02, 6.932E+02, 6.947E+02, 6.950E+02
 2.280E+03, 1.777E-01, 2.207E-02, 9.058E-05, 6.161E-14, 6.700E+02, 1.706E-01, 2.693E-02, 1.109E-04, 7.662E-14, 6.792E+02, 6.689E+02, 6.774E+02, 1.626E-04, 1.987E-04, 4.265E+01, 4.016E+01, 3.112E+00, 4.374E+01, 4.387E+01, 4.423E+01, 6.566E+02, 6.250E+02, 1.736E+02, 6.674E+02, 6.682E+02, 6.698E+02, 9.771E+01, 1.104E+02, 1.020E+02, 1.033E+02, 1.036E+02, 6.457E+02, 6.485E+02, 6.506E+02, 6.526E+02, 6.535E+02, 6.556E+02, 6.565E+02, 6.600E+02, 6.669E+02, 6.700E+02, 6.705E+02, 3.345E+02, 6.347E+02, 6.518E+02, 6.593E+02, 6.614E+02, 6.648E+02, 6.662E+02, 6.687E+02, 6.714E+02, 6.735E+02, 6.740E+02
 2.300E+03, 1.738E-01, 2.475E-02, 1.018E-04, 6.824E-14, 6.519E+02, 1.776E-01, 2.213E-02, 9.085E-05, 6.365E-14, 6.585E+02, 6.511E+02, 6.563E+02, 1.825E-04, 1.630E-04, 3.934E+01, 3.756E+01, 2.982E+00, 4.045E+01, 4.060E+01, 4.091E+01, 6.379E+02, 6.087E+02, 1.696E+02, 6.491E+02, 6.500E+02, 6.512E+02, 9.807E+01, 1.109E+02, 1.024E+02, 1.037E+02, 1.040E+02, 6.265E+02, 6.273E+02, 6.296E+02, 6.309E+02, 6.322E+02, 6.358E+02, 6.382E+02, 6.442E+02, 6.496E+02, 6.515E+02, 6.518E+02, 3.183E+02, 6.045E+02, 6.324E+02, 6.401E+02, 6.419E+02, 6.453E+02, 6.469E+02, 6.498E+02, 6.537E+02, 6.561E+02, 6.567E+02
 2.320E+03, 1.688E-01, 2.815E-02, 1.160E-04, 7.792E-14, 6.353E+02, 1.824E-01, 1.887E-02, 7.723E-05, 5.252E-14, 6.411E+02, 6.343E+02, 6.387E+02, 2.078E-04, 1.388E-04, 3.660E+01, 3.562E+01, 2.843E+00, 3.765E+01, 3.774E+01, 3.801E+01, 6.197E+02, 5.953E+02, 1.652E+02, 6.328E+02, 6.334E+02, 6.344E+02, 9.842E+01, 1.114E+02, 1.028E+02, 1.041E+02, 1.045E+02, 5.963E+02, 5.997E+02, 6.024E+02, 6.104E+02, 6.146E+02, 6.222E+02, 6.251E+02, 6.301E+02, 6.337E+02, 6.351E+02, 6.354E+02, 2.994E+02, 5.837E+02, 6.149E+02, 6.229E+02, 6.247E+02, 6.281E+02, 6.296E+02, 6.332E+02, 6.365E+02, 6.386E+02, 6.399E+02
 2.340E+03, 1.696E-01, 2.760E-02, 1.137E-04, 7.463E-14, 6.204E+02, 1.881E-01, 1.503E-02, 6.116E-05, 4.085E-14, 6.247E+02, 6.196E+02, 6.220E+02, 2.037E-04, 1.100E-04, 3.435E+01, 3.362E+01, 2.725E+00, 3.514E+01, 3.524E+01, 3.541E+01, 6.031E+02, 5.813E+02, 1.614E+02, 6.176E+02, 6.180E+02, 6.187E+02, 9.877E+01, 1.118E+02, 1.032E+02, 1.046E+02, 1.049E+02, 5.663E+02, 5.717E+02, 5.771E+02, 5.905E+02, 6.004E+02, 6.132E+02, 6.148E+02, 6.170E+02, 6.190E+02, 6.201E+02, 6.204E+02, 2.834E+02, 5.650E+02, 5.987E+02, 6.073E+02, 6.091E+02, 6.127E+02, 6.142E+02, 6.171E+02, 6.202E+02, 6.223E+02, 6.238E+02
 2.360E+03, 1.736E-01, 2.486E-02, 1.023E-04, 6.772E-14, 6.062E+02, 1.923E-01, 1.211E-02, 4.897E-05, 3.304E-14, 6.100E+02, 6.055E+02, 6.073E+02, 1.834E-04, 8.818E-05, 3.234E+01, 3.172E+01, 2.612E+00, 3.295E+01, 3.306E+01, 3.318E+01, 5.880E+02, 5.672E+02, 1.577E+02, 6.035E+02, 6.039E+02, 6.043E+02, 9.911E+01, 1.121E+02, 1.036E+02, 1.049E+02, 1.053E+02, 5.421E+02, 5.442E+02, 5.499E+02, 5.699E+02, 5.884E+02, 5.992E+02, 6.005E+02, 6.027E+02, 6.048E+02, 6.059E+02, 6.062E+02, 2.698E+02, 5.380E+02, 5.774E+02, 5.929E+02, 5.947E+02, 5.977E+02, 5.992E+02, 6.022E+02, 6.060E+02, 6.083E+02, 6.095E+02
 2.380E+03, 1.777E-01, 2.206E-02, 9.056E-05, 5.968E-14, 5.927E+02, 1.965E-01, 9.260E-03, 3.707E-05, 2.587E-14, 5.966E+02, 5.920E+02, 5.942E+02, 1.625E-04, 6.681E-05, 3.062E+01, 2.999E+01, 2.490E+00, 3.098E+01, 3.104E+01, 3.120E+01, 5.747E+02, 5.543E+02, 1.538E+02, 5.903E+02, 5.907E+02, 5.909E+02, 9.944E+01, 1.124E+02, 1.039E+02, 1.053E+02, 1.057E+02, 5.166E+02, 5.191E+02, 5.234E+02, 5.599E+02, 5.805E+02, 5.862E+02, 5.874E+02, 5.893E+02, 5.913E+02, 5.926E+02, 5.930E+02, 2.555E+02, 5.058E+02, 5.500E+02, 5.753E+02, 5.787E+02, 5.826E+02, 5.842E+02, 5.880E+02, 5.925E+02, 5.946E+02, 5.962E+02
 2.400E+03, 1.810E-01, 1.983E-02, 8.122E-05, 5.266E-14, 5.802E+02, 1.958E-01, 9.737E-03, 3.906E-05, 2.683E-14, 5.857E+02, 5.796E+02, 5.848E+02, 1.459E-04, 7.038E-05, 2.896E+01, 2.833E+01, 2.383E+00, 2.914E+01, 2.919E+01, 2.924E+01, 5.614E+02, 5.413E+02, 1.500E+02, 5.774E+02, 5.778E+02, 5.778E+02, 9.976E+01, 1.127E+02, 1.043E+02, 1.057E+02, 1.061E+02, 4.889E+02, 4.910E+02, 4.973E+02, 5.558E+02, 5.673E+02, 5.731E+02, 5.745E+02, 5.766E+02, 5.786E+02, 5.799E+02, 5.802E+02, 2.462E+02, 4.877E+02, 5.260E+02, 5.560E+02, 5.611E+02, 5.677E+02, 5.703E+02, 5.747E+02, 5.793E+02, 5.813E+02, 5.822E+02
