s,kg/s/m2,kg/s/m2,kg/s/m2,kg/s/m2,kg/s/m2,kg/s/m2,kg/m2/s,C,C,kW/m2,m
Time,mdot_hexane,mdot_heptane,mdot_octane,mdot_decane,mdot_benzene,mdot_toluene,mdot,Tsurf,Tsurf_max,flux,delta
 0.000E+00, 0.000E+00, 0.000E+00, 0.000E+00, 0.000E+00, 0.000E+00, 0.000E+00, 0.000E+00, 2.000E+01, 2.000E+01, 9.000E+00, 7.000E-02
 1.001E+01,-8.190E-05,-3.176E-06,-1.461E-06,-9.426E-08,-1.466E-05,-4.532E-06, 1.058E-04, 2.629E+01, 2.730E+01, 4.698E+00, 7.000E-02
 2.001E+01,-1.167E-04,-4.652E-06,-2.173E-06,-1.431E-07,-2.120E-05,-6.631E-06, 1.515E-04, 2.883E+01, 3.393E+01, 9.617E-01, 7.000E-02
 3.001E+01,-1.216E-04,-4.995E-06,-2.370E-06,-1.589E-07,-2.252E-05,-7.132E-06, 1.588E-04, 2.990E+01, 4.007E+01, 1.003E+00, 6.999E-02
 4.000E+01,-1.263E-04,-5.365E-06,-2.591E-06,-1.774E-07,-2.391E-05,-7.680E-06, 1.660E-04, 3.102E+01, 4.610E+01, 1.040E+00, 6.999E-02
 5.000E+01,-1.312E-04,-5.783E-06,-2.847E-06,-1.994E-07,-2.546E-05,-8.307E-06, 1.738E-04, 3.217E+01, 5.349E+01, 1.079E+00, 6.999E-02
 6.000E+01,-1.378E-04,-6.341E-06,-3.193E-06,-2.297E-07,-2.754E-05,-9.153E-06, 1.843E-04, 3.334E+01, 6.070E+01, 1.131E+00, 6.998E-02
 7.001E+01,-1.659E-04,-7.155E-06,-3.699E-06,-2.749E-07,-3.062E-05,-1.039E-05, 2.180E-04, 3.462E+01, 6.904E+01, 1.290E+00, 6.997E-02
 8.000E+01,-1.139E-03,-9.542E-06,-5.127E-06,-4.043E-07,-3.990E-05,-1.386E-05, 1.208E-03, 3.748E+01, 7.460E+01, 4.037E+00, 6.990E-02
 9.000E+01,-5.017E-03,-1.407E-05,-7.951E-06,-6.770E-07,-1.127E-04,-2.038E-05, 5.173E-03, 4.479E+01, 8.355E+01, 9.772E+00, 6.915E-02
 1.000E+02,-2.325E-02,-1.577E-05,-9.161E-06,-8.135E-07,-3.255E-04,-2.271E-05, 2.363E-02, 5.623E+01, 8.403E+01, 1.946E+01, 6.811E-02
 1.100E+02,-5.614E-02,-1.081E-05,-6.364E-06,-5.849E-07,-9.245E-04,-1.531E-05, 5.710E-02, 6.898E+01, 9.019E+01, 3.046E+01, 6.517E-02
 1.200E+02,-1.064E-01,-3.279E-06,-6.750E-07,-6.283E-08,-3.793E-03,-1.604E-06, 1.102E-01, 7.522E+01, 9.609E+01, 3.632E+01, 6.324E-02
 1.300E+02,-1.164E-01,-1.239E-04,-1.605E-09,-1.488E-10,-9.202E-03,-6.236E-08, 1.257E-01, 7.981E+01, 1.030E+02, 3.637E+01, 6.201E-02
 1.400E+02,-8.597E-02,-1.109E-03,-9.923E-09,-9.617E-10,-2.072E-02,-5.792E-06, 1.078E-01, 8.525E+01, 1.107E+02, 3.639E+01, 6.082E-02
 1.500E+02,-5.654E-02,-3.845E-03,-2.241E-08,-2.188E-09,-3.384E-02,-1.677E-04, 9.439E-02, 9.217E+01, 1.109E+02, 3.565E+01, 5.959E-02
 1.600E+02,-4.223E-02,-9.570E-03,-3.654E-08,-3.608E-09,-3.455E-02,-8.263E-04, 8.717E-02, 9.852E+01, 1.110E+02, 3.422E+01, 5.850E-02
 1.700E+02,-3.715E-02,-1.083E-02,-1.125E-07,-1.153E-08,-2.997E-02,-2.781E-03, 8.073E-02, 1.029E+02, 1.120E+02, 3.369E+01, 5.750E-02
 1.800E+02,-3.474E-02,-1.026E-02,-1.955E-07,-2.052E-08,-2.530E-02,-6.069E-03, 7.637E-02, 1.061E+02, 1.183E+02, 3.327E+01, 5.635E-02
 1.900E+02,-3.351E-02,-9.323E-03,-5.862E-07,-6.407E-08,-2.304E-02,-1.231E-02, 7.819E-02, 1.078E+02, 1.196E+02, 3.329E+01, 5.503E-02
 2.000E+02,-3.109E-02,-7.544E-03,-4.913E-07,-5.409E-08,-2.033E-02,-2.501E-02, 8.398E-02, 1.058E+02, 1.201E+02, 3.431E+01, 5.398E-02
 2.100E+02,-2.703E-02,-6.058E-03,-2.365E-06,-2.652E-07,-1.730E-02,-2.771E-02, 7.811E-02, 1.018E+02, 1.204E+02, 3.407E+01, 5.312E-02
 2.200E+02,-2.342E-02,-4.970E-03,-4.494E-05,-6.482E-07,-1.550E-02,-2.627E-02, 7.020E-02, 1.049E+02, 1.259E+02, 3.294E+01, 5.236E-02
 2.300E+02,-1.977E-02,-4.025E-03,-6.171E-04,-2.844E-06,-1.400E-02,-2.406E-02, 6.248E-02, 1.097E+02, 1.262E+02, 3.240E+01, 5.183E-02
 2.400E+02,-1.548E-02,-3.084E-03,-2.602E-03,-1.042E-05,-1.139E-02,-2.102E-02, 5.359E-02, 1.129E+02, 1.274E+02, 3.408E+01, 5.161E-02
 2.500E+02,-1.202E-02,-2.351E-03,-1.123E-02,-7.765E-05,-8.802E-03,-1.447E-02, 4.894E-02, 1.182E+02, 1.306E+02, 4.091E+01, 5.125E-02
 2.600E+02,-8.653E-03,-1.670E-03,-2.132E-02,-1.295E-04,-6.368E-03,-1.038E-02, 4.852E-02, 1.231E+02, 1.407E+02, 4.085E+01, 5.066E-02
 2.700E+02,-6.126E-03,-1.147E-03,-1.595E-02,-7.577E-03,-4.553E-03,-7.898E-03, 4.326E-02, 1.349E+02, 1.754E+02, 4.716E+01, 5.038E-02
 2.800E+02,-4.292E-03,-7.965E-04,-8.259E-03,-9.211E-03,-3.268E-03,-5.848E-03, 3.167E-02, 1.675E+02, 2.534E+02, 5.453E+01, 4.951E-02
 2.900E+02,-2.872E-03,-5.258E-04,-5.989E-03,-3.123E-03,-2.223E-03,-4.366E-03, 1.910E-02, 2.123E+02, 3.335E+02, 5.821E+01, 4.919E-02
 3.000E+02,-1.842E-03,-3.334E-04,-4.700E-03,-2.170E-03,-1.440E-03,-3.392E-03, 1.388E-02, 2.385E+02, 3.746E+02, 5.262E+01, 4.919E-02
 3.100E+02,-1.223E-03,-2.227E-04,-3.609E-03,-1.669E-03,-9.691E-04,-2.318E-03, 1.001E-02, 2.484E+02, 3.856E+02, 4.194E+01, 4.919E-02
 3.200E+02,-8.274E-04,-1.462E-04,-2.879E-03,-1.302E-03,-6.438E-04,-1.592E-03, 7.391E-03, 2.453E+02, 3.787E+02, 3.243E+01, 4.919E-02
 3.300E+02,-5.515E-04,-9.890E-05,-2.704E-03,-1.141E-03,-4.295E-04,-1.337E-03, 6.262E-03, 2.425E+02, 3.738E+02, 2.873E+01, 4.919E-02
 3.400E+02,-3.751E-04,-6.586E-05,-2.146E-03,-8.879E-04,-2.945E-04,-1.031E-03, 4.800E-03, 2.354E+02, 3.637E+02, 2.193E+01, 4.919E-02
 3.500E+02,-2.483E-04,-4.394E-05,-1.811E-03,-7.379E-04,-1.886E-04,-7.376E-04, 3.767E-03, 2.263E+02, 3.598E+02, 1.714E+01, 4.919E-02
 3.600E+02,-1.843E-04,-3.281E-05,-1.678E-03,-5.620E-04,-1.395E-04,-4.519E-04, 3.048E-03, 2.161E+02, 3.539E+02, 1.363E+01, 4.919E-02
 3.700E+02,-1.315E-04,-2.275E-05,-1.276E-03,-4.588E-04,-1.071E-04,-4.376E-04, 2.434E-03, 2.059E+02, 3.461E+02, 1.005E+01, 4.919E-02
 3.800E+02,-7.801E-05,-1.277E-05,-8.744E-04,-4.428E-04,-6.231E-05,-3.549E-04, 1.825E-03, 1.940E+02, 3.324E+02, 6.470E+00, 4.919E-02
 3.900E+02,-6.354E-05,-1.304E-05,-8.232E-04,-4.896E-04,-5.239E-05,-1.923E-04, 1.634E-03, 1.836E+02, 3.125E+02, 5.461E+00, 4.919E-02
 4.000E+02,-3.816E-05,-6.401E-06,-5.389E-04,-3.455E-04,-3.212E-05,-1.720E-04, 1.133E-03, 1.746E+02, 3.107E+02, 3.334E+00, 4.919E-02
 4.100E+02,-2.255E-05,-3.950E-06,-3.729E-04,-1.861E-04,-1.879E-05,-1.263E-04, 7.306E-04, 1.653E+02, 2.885E+02, 1.548E+00, 4.919E-02
 4.200E+02,-2.135E-05,-3.475E-06,-2.745E-04,-1.379E-04,-1.811E-05,-3.036E-05, 4.858E-04, 1.560E+02, 2.606E+02, 3.540E-01, 4.919E-02
 4.300E+02,-1.476E-05,-2.481E-06,-1.534E-04,-8.067E-05,-1.423E-05,-3.606E-05, 3.016E-04, 1.478E+02, 2.331E+02,-4.877E-01, 4.919E-02
 4.400E+02,-2.233E-06,-4.263E-07,-1.660E-04,-6.674E-05,-2.511E-06,-6.006E-05, 2.980E-04, 1.412E+02, 2.113E+02,-4.922E-01, 4.919E-02
 4.500E+02,-9.924E-07,-1.884E-07,-1.127E-04,-5.459E-05,-1.586E-06,-2.385E-05, 1.939E-04, 1.354E+02, 1.958E+02,-7.221E-01, 4.919E-02
 4.600E+02,-3.922E-16,-6.537E-17,-6.598E-05,-4.338E-05,-5.809E-13,-8.960E-06, 1.183E-04, 1.302E+02, 1.856E+02,-8.639E-01, 4.919E-02
 4.700E+02,-4.917E-22,-2.232E-22,-4.150E-05,-3.792E-05,-4.401E-22,-1.966E-05, 9.908E-05, 1.257E+02, 1.773E+02,-8.601E-01, 4.919E-02
 4.800E+02,-1.639E-22,-2.447E-22,-1.999E-05,-3.227E-05,-2.268E-22,-5.430E-06, 5.769E-05, 1.217E+02, 1.700E+02,-9.212E-01, 4.919E-02
 4.900E+02,-1.228E-22,-5.744E-23,-1.264E-05,-2.622E-05,-1.102E-22,-1.185E-22, 3.886E-05, 1.179E+02, 1.636E+02,-9.178E-01, 4.919E-02
 5.000E+02,-8.688E-23,-4.996E-23,-2.128E-06,-2.112E-05,-2.675E-23,-5.459E-23, 2.325E-05, 1.146E+02, 1.581E+02,-9.151E-01, 4.919E-02
 5.100E+02,-3.933E-23,-3.085E-23,-2.096E-06,-1.862E-05,-4.303E-23,-4.111E-23, 2.072E-05, 1.115E+02, 1.531E+02,-8.880E-01, 4.919E-02
 5.200E+02,-3.133E-23,-2.750E-23,-1.998E-06,-1.641E-05,-2.405E-23,-3.520E-23, 1.841E-05, 1.087E+02, 1.486E+02,-8.545E-01, 4.919E-02
 5.300E+02,-2.091E-23,-2.298E-23,-1.848E-06,-1.481E-05,-1.370E-23,-3.148E-23, 1.666E-05, 1.062E+02, 1.445E+02,-8.287E-01, 4.919E-02
 5.400E+02,-2.389E-23,-1.161E-23,-1.747E-06,-1.347E-05,-1.911E-23,-2.259E-23, 1.522E-05, 1.038E+02, 1.407E+02,-7.997E-01, 4.919E-02
 5.500E+02,-8.583E-24,-8.024E-24,-1.714E-06,-1.293E-05,-9.887E-24,-1.636E-23, 1.464E-05, 1.016E+02, 1.372E+02,-7.693E-01, 4.919E-02
 5.600E+02,-5.602E-24,-2.606E-24,-1.559E-06,-1.159E-05,-7.320E-24,-4.189E-24, 1.315E-05, 9.956E+01, 1.339E+02,-7.543E-01, 4.919E-02
 5.700E+02,-1.139E-23,-9.302E-24,-1.493E-06,-1.089E-05,-3.250E-24,-9.115E-25, 1.239E-05, 9.764E+01, 1.310E+02,-7.328E-01, 4.919E-02
 5.800E+02,-1.005E-23,-1.907E-23,-1.479E-06,-1.048E-05,-5.296E-24,-1.272E-23, 1.196E-05, 9.585E+01, 1.282E+02,-7.095E-01, 4.919E-02
 5.900E+02,-1.552E-23,-1.913E-23,-1.391E-06,-9.893E-06,-1.302E-23,-2.680E-23, 1.128E-05, 9.416E+01, 1.255E+02,-6.956E-01, 4.919E-02
 6.000E+02,-1.122E-23,-1.699E-23,-1.305E-06,-9.595E-06,-1.566E-23,-3.210E-23, 1.090E-05, 9.257E+01, 1.230E+02,-6.771E-01, 4.919E-02
 6.100E+02,-5.567E-24,-1.127E-23,-1.252E-06,-9.099E-06,-7.977E-24,-1.945E-23, 1.035E-05, 9.108E+01, 1.206E+02,-6.594E-01, 4.919E-02
 6.200E+02,-4.113E-24,-9.159E-24,-1.188E-06,-8.560E-06,-6.182E-24,-1.448E-23, 9.748E-06, 8.967E+01, 1.185E+02,-6.453E-01, 4.919E-02
 6.300E+02,-3.364E-24,-4.858E-24,-1.145E-06,-8.118E-06,-3.352E-24,-8.516E-24, 9.262E-06, 8.832E+01, 1.164E+02,-6.344E-01, 4.919E-02
 6.400E+02,-4.441E-24,-4.921E-24,-1.105E-06,-7.793E-06,-4.606E-24,-8.423E-24, 8.898E-06, 8.705E+01, 1.145E+02,-6.255E-01, 4.919E-02
 6.500E+02,-3.848E-24,-6.478E-24,-1.079E-06,-7.462E-06,-3.040E-24,-6.035E-24, 8.541E-06, 8.584E+01, 1.126E+02,-6.095E-01, 4.919E-02
 6.600E+02,-5.329E-24,-9.199E-24,-1.045E-06,-7.128E-06,-1.316E-24,-3.061E-24, 8.172E-06, 8.470E+01, 1.109E+02,-5.984E-01, 4.919E-02
 6.700E+02,-5.457E-24,-9.171E-24,-1.030E-06,-6.898E-06,-6.203E-24,-5.845E-24, 7.928E-06, 8.360E+01, 1.092E+02,-5.854E-01, 4.919E-02
 6.800E+02,-6.767E-24,-9.998E-24,-1.008E-06,-6.717E-06,-9.346E-24,-1.386E-23, 7.726E-06, 8.256E+01, 1.076E+02,-5.768E-01, 4.919E-02
 6.900E+02,-4.719E-24,-1.134E-23,-9.659E-07,-6.322E-06,-9.316E-24,-1.807E-23, 7.288E-06, 8.157E+01, 1.062E+02,-5.608E-01, 4.919E-02
 7.000E+02,-1.002E-23,-1.545E-23,-9.554E-07,-6.261E-06,-7.382E-24,-1.151E-23, 7.217E-06, 8.062E+01, 1.047E+02,-5.530E-01, 4.919E-02
 7.100E+02,-1.024E-23,-2.230E-23,-9.520E-07,-6.289E-06,-1.034E-23,-1.250E-23, 7.241E-06, 7.971E+01, 1.033E+02,-5.449E-01, 4.919E-02
 7.200E+02,-7.414E-24,-1.313E-23,-9.160E-07,-5.911E-06,-1.069E-23,-1.219E-23, 6.827E-06, 7.885E+01, 1.020E+02,-5.336E-01, 4.919E-02
 7.300E+02,-5.815E-24,-1.635E-23,-9.349E-07,-5.787E-06,-1.140E-23,-1.686E-23, 6.722E-06, 7.801E+01, 1.008E+02,-5.278E-01, 4.919E-02
 7.400E+02,-7.472E-24,-1.111E-23,-9.369E-07,-5.569E-06,-9.142E-24,-1.508E-23, 6.505E-06, 7.721E+01, 9.962E+01,-5.233E-01, 4.919E-02
 7.500E+02,-6.892E-24,-1.515E-23,-9.146E-07,-5.298E-06,-1.303E-23,-2.360E-23, 6.212E-06, 7.644E+01, 9.849E+01,-5.136E-01, 4.919E-02
 7.600E+02,-9.533E-24,-1.184E-23,-8.709E-07,-5.054E-06,-1.053E-23,-2.027E-23, 5.925E-06, 7.570E+01, 9.738E+01,-5.067E-01, 4.919E-02
 7.700E+02,-1.108E-23,-2.039E-23,-8.492E-07,-5.010E-06,-1.376E-23,-1.636E-23, 5.859E-06, 7.499E+01, 9.633E+01,-4.988E-01, 4.919E-02
 7.800E+02,-1.151E-23,-1.896E-23,-8.763E-07,-5.056E-06,-1.598E-23,-2.050E-23, 5.932E-06, 7.430E+01, 9.536E+01,-4.901E-01, 4.919E-02
 7.900E+02,-4.022E-24,-9.632E-24,-8.404E-07,-4.803E-06,-7.856E-24,-1.507E-23, 5.644E-06, 7.364E+01, 9.438E+01,-4.879E-01, 4.919E-02
 8.000E+02,-3.927E-24,-8.170E-24,-8.010E-07,-4.582E-06,-7.557E-24,-1.164E-23, 5.383E-06, 7.300E+01, 9.348E+01,-4.818E-01, 4.919E-02
 8.100E+02,-7.401E-24,-1.284E-23,-7.806E-07,-4.439E-06,-1.179E-23,-1.666E-23, 5.220E-06, 7.239E+01, 9.255E+01,-4.754E-01, 4.919E-02
 8.200E+02,-8.665E-24,-1.284E-23,-7.894E-07,-4.401E-06,-8.379E-24,-1.590E-23, 5.190E-06, 7.180E+01, 9.170E+01,-4.676E-01, 4.919E-02
 8.300E+02,-4.552E-24,-8.989E-24,-7.633E-07,-4.227E-06,-6.902E-24,-1.309E-23, 4.990E-06, 7.122E+01, 9.085E+01,-4.668E-01, 4.919E-02
 8.400E+02,-3.724E-24,-7.621E-24,-7.768E-07,-4.228E-06,-5.702E-24,-9.825E-24, 5.004E-06, 7.066E+01, 9.010E+01,-4.625E-01, 4.919E-02
 8.500E+02,-4.795E-24,-7.899E-24,-7.577E-07,-4.017E-06,-4.533E-24,-8.131E-24, 4.775E-06, 7.014E+01, 8.934E+01,-4.533E-01, 4.919E-02
 8.600E+02,-1.126E-23,-1.626E-23,-7.500E-07,-3.960E-06,-1.457E-23,-1.275E-23, 4.710E-06, 6.962E+01, 8.860E+01,-4.493E-01, 4.919E-02
 8.700E+02,-5.455E-24,-4.673E-24,-7.350E-07,-3.859E-06,-3.187E-24,-4.423E-24, 4.594E-06, 6.912E+01, 8.788E+01,-4.443E-01, 4.919E-02
 8.800E+02,-2.110E-24,-5.905E-24,-7.225E-07,-3.757E-06,-3.789E-24,-8.911E-24, 4.480E-06, 6.864E+01, 8.716E+01,-4.405E-01, 4.919E-02
 8.900E+02,-7.592E-24,-1.237E-23,-7.200E-07,-3.757E-06,-1.070E-23,-1.029E-23, 4.477E-06, 6.817E+01, 8.649E+01,-4.355E-01, 4.919E-02
 9.000E+02,-5.722E-24,-8.204E-24,-7.161E-07,-3.700E-06,-8.880E-24,-9.472E-24, 4.416E-06, 6.772E+01, 8.585E+01,-4.311E-01, 4.919E-02
