s,status,status,status,status
Time,Act1,Act2,Act3,Act4
 0.000E+00,-1,-1,-1,-1
 1.000E-01,-1,-1,-1,-1
 2.000E-01,-1,-1,-1,-1
 3.000E-01,-1,-1,-1,-1
 4.000E-01,-1,-1,-1,-1
 5.000E-01,-1,-1,-1,-1
 7.000E-01,-1,-1,-1,-1
 8.000E-01,-1,-1,-1,-1
 9.000E-01,-1,-1,-1,-1
 1.000E+00,-1,-1,-1,-1
 1.100E+00,-1,-1,-1,-1
 1.200E+00,-1,-1,-1,-1
 1.282E+00,-1,-1,-1,-1
 1.352E+00,-1,-1,-1,-1
 1.406E+00,-1,-1,-1,-1
 1.535E+00,-1,-1,-1,-1
 1.602E+00,-1,-1,-1,-1
 1.718E+00,-1,-1,-1,-1
 1.820E+00,-1,-1,-1,-1
 1.922E+00,-1,-1,-1,-1
 2.018E+00,-1,-1,-1,-1
 2.109E+00,-1,-1,-1,-1
 2.200E+00,-1,-1,-1,-1
 2.307E+00,-1,-1,-1,-1
 2.408E+00,-1,-1,-1,-1
 2.510E+00,-1,-1,-1,-1
 2.611E+00,-1,-1,-1,-1
 2.704E+00,-1,-1,-1,-1
 2.809E+00,-1,-1,-1,-1
 2.914E+00,-1,-1,-1,-1
 3.009E+00,-1,-1,-1,-1
 3.105E+00,-1,-1,-1,-1
 3.201E+00,-1,-1,-1,-1
 3.311E+00,-1,-1,-1,-1
 3.405E+00,-1,-1,-1,-1
 3.518E+00,-1,-1,-1,-1
 3.612E+00,-1,-1,-1,-1
 3.706E+00,-1,-1,-1,-1
 3.801E+00,-1,-1,-1,-1
 3.903E+00,-1,-1,-1,-1
 4.000E+00,-1,-1,-1,-1
 4.113E+00,-1,-1,-1,-1
 4.202E+00,-1,-1,-1,-1
 4.309E+00,-1,-1,-1,-1
 4.416E+00,-1,-1,-1,-1
 4.512E+00,-1,-1,-1,-1
 4.607E+00,-1,-1,-1,-1
 4.703E+00,-1,-1,-1,-1
 4.815E+00,-1,-1,-1,-1
 4.915E+00,-1,-1,-1,-1
 5.003E+00,-1,-1,-1,-1
 5.101E+00,-1,-1,-1,-1
 5.211E+00,-1,-1,-1,-1
 5.305E+00,-1,-1,-1,-1
 5.415E+00,-1,-1,-1,-1
 5.512E+00,-1,-1,-1,-1
 5.610E+00,-1,-1,-1,-1
 5.705E+00,-1,-1,-1,-1
 5.803E+00,-1,-1,-1,-1
 5.909E+00,-1,-1,-1,-1
 6.007E+00,-1,-1,-1,-1
 6.101E+00,-1,-1,-1,-1
 6.208E+00,-1,-1,-1,-1
 6.302E+00,-1,-1,-1,-1
 6.409E+00,-1,-1,-1,-1
 6.512E+00,-1,-1,-1,-1
 6.611E+00,-1,-1,-1,-1
 6.710E+00,-1,-1,-1,-1
 6.809E+00,-1,-1,-1,-1
 6.908E+00,-1,-1,-1,-1
 7.007E+00,-1,-1,-1,-1
 7.114E+00,-1,-1,-1,-1
 7.208E+00,-1,-1,-1,-1
 7.301E+00,-1,-1,-1,-1
 7.410E+00,-1,-1,-1,-1
 7.508E+00,-1,-1,-1,-1
 7.603E+00,-1,-1,-1,-1
 7.714E+00,-1,-1,-1,-1
 7.804E+00,-1,-1,-1,-1
 7.906E+00,-1,-1,-1,-1
 8.011E+00,-1,-1,-1,-1
 8.103E+00,-1,-1,-1,-1
 8.208E+00,-1,-1,-1,-1
 8.301E+00,-1,-1,-1,-1
 8.402E+00,-1,-1,-1,-1
 8.503E+00,-1,-1,-1,-1
 8.604E+00,-1,-1,-1,-1
 8.705E+00,-1,-1,-1,-1
 8.806E+00,-1,-1,-1,-1
 8.903E+00,-1,-1,-1,-1
 9.002E+00,-1,-1,-1,-1
 9.101E+00,-1,-1,-1,-1
 9.210E+00,-1,-1,-1,-1
 9.313E+00,-1,-1,-1,-1
 9.409E+00,-1,-1,-1,-1
 9.506E+00,-1,-1,-1,-1
 9.602E+00,-1,-1,-1,-1
 9.705E+00,-1,-1,-1,-1
 9.813E+00,-1,-1,-1,-1
 9.914E+00,-1,-1,-1,-1
 1.000E+01,-1,-1,-1,-1
 1.011E+01,-1,-1,-1,-1
 1.020E+01,-1,-1,-1,-1
 1.031E+01,-1,-1,-1,-1
 1.040E+01,-1,-1,-1,-1
 1.051E+01,-1,-1,-1,-1
 1.060E+01,-1,-1,-1,-1
 1.071E+01,-1,-1,-1,-1
 1.081E+01,-1,-1,-1,-1
 1.091E+01,-1,-1,-1,-1
 1.101E+01,-1,-1,-1,-1
 1.111E+01,-1,-1,-1,-1
 1.121E+01,-1,-1,-1,-1
 1.131E+01,-1,-1,-1,-1
 1.141E+01,-1,-1,-1,-1
 1.151E+01,-1,-1,-1,-1
 1.161E+01,-1,-1,-1,-1
 1.171E+01,-1,-1,-1,-1
 1.181E+01,-1,-1,-1,-1
 1.191E+01,-1,-1,-1,-1
 1.201E+01,-1,-1,-1,-1
 1.211E+01,-1,-1,-1,-1
 1.220E+01,-1,-1,-1,-1
 1.230E+01,-1,-1,-1,-1
 1.240E+01,-1,-1,-1,-1
 1.251E+01,-1,-1,-1,-1
 1.261E+01,-1,-1,-1,-1
 1.270E+01,-1,-1,-1,-1
 1.281E+01,-1,-1,-1,-1
 1.291E+01,-1,-1,-1,-1
 1.301E+01,-1,-1,-1,-1
 1.310E+01,-1,-1,-1,-1
 1.321E+01,-1,-1,-1,-1
 1.330E+01,-1,-1,-1,-1
 1.340E+01,-1,-1,-1,-1
 1.350E+01,-1,-1,-1,-1
 1.360E+01,-1,-1,-1,-1
 1.371E+01,-1,-1,-1,-1
 1.381E+01,-1,-1,-1,-1
 1.391E+01,-1,-1,-1,-1
 1.400E+01,-1,-1,-1,-1
 1.410E+01,-1,-1,-1,-1
 1.421E+01,-1,-1,-1,-1
 1.430E+01,-1,-1,-1,-1
 1.441E+01,-1,-1,-1,-1
 1.450E+01,-1,-1,-1,-1
 1.460E+01,-1,-1,-1,-1
 1.470E+01,-1,-1,-1,-1
 1.480E+01,-1,-1,-1,-1
 1.490E+01,-1,-1,-1,-1
 1.500E+01,-1,-1,-1,-1
 1.511E+01,-1,-1,-1,-1
 1.521E+01,-1,-1,-1,-1
 1.531E+01,-1,-1,-1,-1
 1.540E+01,-1,-1,-1,-1
 1.550E+01,-1,-1,-1,-1
 1.561E+01,-1,-1,-1,-1
 1.570E+01,-1,-1,-1,-1
 1.581E+01,-1,-1,-1,-1
 1.591E+01,-1,-1,-1,-1
 1.600E+01,-1,-1,-1,-1
 1.611E+01,-1,-1,-1,-1
 1.620E+01,-1,-1,-1,-1
 1.630E+01,-1,-1,-1,-1
 1.641E+01,-1,-1,-1,-1
 1.650E+01,-1,-1,-1,-1
 1.661E+01,-1,-1,-1,-1
 1.671E+01,-1,-1,-1,-1
 1.681E+01,-1,-1,-1,-1
 1.690E+01,-1,-1,-1,-1
 1.701E+01,-1,-1,-1,-1
 1.710E+01,-1,-1,-1,-1
 1.720E+01,-1,-1,-1,-1
 1.731E+01,-1,-1,-1,-1
 1.741E+01,-1,-1,-1,-1
 1.751E+01,-1,-1,-1,-1
 1.761E+01,-1,-1,-1,-1
 1.771E+01,-1,-1,-1,-1
 1.780E+01,-1,-1,-1,-1
 1.791E+01,-1,-1,-1,-1
 1.801E+01,-1,-1,-1,-1
 1.811E+01,-1,-1,-1,-1
 1.820E+01,-1,-1,-1,-1
 1.830E+01,-1,-1,-1,-1
 1.840E+01,-1,-1,-1,-1
 1.850E+01,-1,-1,-1,-1
 1.860E+01,-1,-1,-1,-1
 1.870E+01,-1,-1,-1,-1
 1.880E+01,-1,-1,-1,-1
 1.890E+01,-1,-1,-1,-1
 1.901E+01,-1,-1,-1,-1
 1.911E+01,-1,-1,-1,-1
 1.921E+01,-1,-1,-1,-1
 1.931E+01,-1,-1,-1,-1
 1.940E+01,-1,-1,-1,-1
 1.950E+01,-1,-1,-1,-1
 1.961E+01,-1,-1,-1,-1
 1.971E+01,-1,-1,-1,-1
 1.981E+01,-1,-1,-1,-1
 1.990E+01,-1,-1,-1,-1
 2.001E+01,-1,-1,-1,-1
 2.011E+01,-1,-1,-1,-1
 2.020E+01,-1,-1,-1,-1
 2.031E+01,-1,-1,-1,-1
 2.041E+01,-1,-1,-1,-1
 2.050E+01,-1,-1,-1,-1
 2.061E+01,-1,-1,-1,-1
 2.070E+01,-1,-1,-1,-1
 2.081E+01,-1,-1,-1,-1
 2.090E+01,-1,-1,-1,-1
 2.100E+01,-1,-1,-1,-1
 2.110E+01,-1,-1,-1,-1
 2.120E+01,-1,-1,-1,-1
 2.131E+01,-1,-1,-1,-1
 2.140E+01,-1,-1,-1,-1
 2.151E+01,-1,-1,-1,-1
 2.160E+01,-1,-1,-1,-1
 2.170E+01,-1,-1,-1,-1
 2.181E+01,-1,-1,-1,-1
 2.191E+01,-1,-1,-1,-1
 2.200E+01,-1,-1,-1,-1
 2.211E+01,-1,-1,-1,-1
 2.220E+01,-1,-1,-1,-1
 2.231E+01,-1,-1,-1,-1
 2.240E+01,-1,-1,-1,-1
 2.251E+01,-1,-1,-1,-1
 2.260E+01,-1,-1,-1,-1
 2.271E+01,-1,-1,-1,-1
 2.281E+01,-1,-1,-1,-1
 2.290E+01,-1,-1,-1,-1
 2.301E+01,-1,-1,-1,-1
 2.310E+01,-1,-1,-1,-1
 2.320E+01,-1,-1,-1,-1
 2.330E+01,-1,-1,-1,-1
 2.340E+01,-1,-1,-1,-1
 2.350E+01,-1,-1,-1,-1
 2.361E+01,-1,-1,-1,-1
 2.370E+01,-1,-1,-1,-1
 2.381E+01,-1,-1,-1,-1
 2.390E+01,-1,-1,-1,-1
 2.401E+01,-1,-1,-1,-1
 2.410E+01,-1,-1,-1,-1
 2.420E+01,-1,-1,-1,-1
 2.431E+01,-1,-1,-1,-1
 2.440E+01,-1,-1,-1,-1
 2.450E+01,-1,-1,-1,-1
 2.460E+01,-1,-1,-1,-1
 2.471E+01,-1,-1,-1,-1
 2.480E+01,-1,-1,-1,-1
 2.491E+01,-1,-1,-1,-1
 2.500E+01,-1,-1,-1,-1
 2.511E+01,-1,-1,-1,-1
 2.520E+01,-1,-1,-1,-1
 2.531E+01,-1,-1,-1,-1
 2.540E+01,-1,-1,-1,-1
 2.551E+01,-1,-1,-1,-1
 2.561E+01,-1,-1,-1,-1
 2.570E+01,-1,-1,-1,-1
 2.580E+01,-1,-1,-1,-1
 2.591E+01,-1,-1,-1,-1
 2.600E+01,-1,-1,-1,-1
 2.611E+01,-1,-1,-1,-1
 2.620E+01,-1,-1,-1,-1
 2.631E+01,-1,-1,-1,-1
 2.641E+01,-1,-1,-1,-1
 2.650E+01,-1,-1,-1,-1
 2.660E+01,-1,-1,-1,-1
 2.670E+01,-1,-1,-1,-1
 2.680E+01,-1,-1,-1,-1
 2.691E+01,-1,-1,-1,-1
 2.700E+01,-1,-1,-1,-1
 2.710E+01,-1,-1,-1,-1
 2.721E+01,-1,-1,-1,-1
 2.730E+01,-1,-1,-1,-1
 2.740E+01,-1,-1,-1,-1
 2.751E+01,-1,-1,-1,-1
 2.760E+01,-1,-1,-1,-1
 2.771E+01,-1,-1,-1,-1
 2.781E+01,-1,-1,-1,-1
 2.790E+01,-1,-1,-1,-1
 2.801E+01,-1,-1,-1,-1
 2.811E+01,-1,-1,-1,-1
 2.821E+01,-1,-1,-1,-1
 2.831E+01,-1,-1,-1,-1
 2.841E+01,-1,-1,-1,-1
 2.851E+01,-1,-1,-1,-1
 2.860E+01,-1,-1,-1,-1
 2.871E+01,-1,-1,-1,-1
 2.880E+01,-1,-1,-1,-1
 2.891E+01,-1,-1,-1,-1
 2.901E+01,-1,-1,-1,-1
 2.911E+01,-1,-1,-1,-1
 2.921E+01,-1,-1,-1,-1
 2.930E+01,-1,-1,-1,-1
 2.940E+01,-1,-1,-1,-1
 2.950E+01,-1,-1,-1,-1
 2.961E+01,-1,-1,-1,-1
 2.971E+01,-1,-1,-1,-1
 2.981E+01,-1,-1,-1,-1
 2.990E+01,-1,-1,-1,-1
 3.000E+01,-1,-1,-1,-1
 3.010E+01,-1,-1,-1,-1
 3.021E+01,-1,-1,-1,-1
 3.030E+01,-1,-1,-1,-1
 3.041E+01,-1,-1,-1,-1
 3.050E+01,-1,-1,-1,-1
 3.060E+01,-1,-1,-1,-1
 3.071E+01,-1,-1,-1,-1
 3.081E+01,-1,-1,-1,-1
 3.091E+01,-1,-1,-1,-1
 3.101E+01,-1,-1,-1,-1
 3.111E+01,-1,-1,-1,-1
 3.120E+01,-1,-1,-1,-1
 3.130E+01,-1,-1,-1,-1
 3.141E+01,-1,-1,-1,-1
 3.150E+01,-1,-1,-1,-1
 3.160E+01,-1,-1,-1,-1
 3.171E+01,-1,-1,-1,-1
 3.181E+01,-1,-1,-1,-1
 3.191E+01,-1,-1,-1,-1
 3.201E+01,-1,-1,-1,-1
 3.210E+01,-1,-1,-1,-1
 3.220E+01,-1,-1,-1,-1
 3.230E+01,-1,-1,-1,-1
 3.241E+01,-1,-1,-1,-1
 3.251E+01,-1,-1,-1,-1
 3.260E+01,-1,-1,-1,-1
 3.270E+01,-1,-1,-1,-1
 3.281E+01,-1,-1,-1,-1
 3.290E+01,-1,-1,-1,-1
 3.301E+01,-1,-1,-1,-1
 3.311E+01,-1,-1,-1,-1
 3.321E+01,-1,-1,-1,-1
 3.330E+01,-1,-1,-1,-1
 3.341E+01,-1,-1,-1,-1
 3.351E+01,-1,-1,-1,-1
 3.360E+01,-1,-1,-1,-1
 3.371E+01,-1,-1,-1,-1
 3.381E+01,-1,-1,-1,-1
 3.390E+01,-1,-1,-1,-1
 3.401E+01,-1,-1,-1,-1
 3.410E+01,-1,-1,-1,-1
 3.420E+01,-1,-1,-1,-1
 3.430E+01,-1,-1,-1,-1
 3.441E+01,-1,-1,-1,-1
 3.451E+01,-1,-1,-1,-1
 3.461E+01,-1,-1,-1,-1
 3.470E+01,-1,-1,-1,-1
 3.481E+01,-1,-1,-1,-1
 3.490E+01,-1,-1,-1,-1
 3.501E+01,-1,-1,-1,-1
 3.510E+01,-1,-1,-1,-1
 3.520E+01,-1,-1,-1,-1
 3.531E+01,-1,-1,-1,-1
 3.541E+01,-1,-1,-1,-1
 3.551E+01,-1,-1,-1,-1
 3.560E+01,-1,-1,-1,-1
 3.570E+01,-1,-1,-1,-1
 3.580E+01,-1,-1,-1,-1
 3.590E+01,-1,-1,-1,-1
 3.601E+01,-1,-1,-1,-1
 3.611E+01,-1,-1,-1,-1
 3.621E+01,-1,-1,-1,-1
 3.631E+01,-1,-1,-1,-1
 3.641E+01,-1,-1,-1,-1
 3.650E+01,-1,-1,-1,-1
 3.661E+01,-1,-1,-1,-1
 3.671E+01,-1,-1,-1,-1
 3.681E+01,-1,-1,-1,-1
 3.690E+01,-1,-1,-1,-1
 3.701E+01,-1,-1,-1,-1
 3.710E+01,-1,-1,-1,-1
 3.720E+01,-1,-1,-1,-1
 3.731E+01,-1,-1,-1,-1
 3.740E+01,-1,-1,-1,-1
 3.751E+01,-1,-1,-1,-1
 3.760E+01,-1,-1,-1,-1
 3.770E+01,-1,-1,-1,-1
 3.781E+01,-1,-1,-1,-1
 3.791E+01,-1,-1,-1,-1
 3.801E+01,-1,-1,-1,-1
 3.811E+01,-1,-1,-1,-1
 3.820E+01,-1,-1,-1,-1
 3.830E+01,-1,-1,-1,-1
 3.841E+01,-1,-1,-1,-1
 3.851E+01,-1,-1,-1,-1
 3.860E+01,-1,-1,-1,-1
 3.870E+01,-1,-1,-1,-1
 3.880E+01,-1,-1,-1,-1
 3.890E+01,-1,-1,-1,-1
 3.900E+01,-1,-1,-1,-1
 3.910E+01,-1,-1,-1,-1
 3.921E+01,-1,-1,-1,-1
 3.930E+01,-1,-1,-1,-1
 3.940E+01,-1,-1,-1,-1
 3.950E+01,-1,-1,-1,-1
 3.960E+01,-1,-1,-1,-1
 3.971E+01,-1,-1,-1,-1
 3.980E+01,-1,-1,-1,-1
 3.990E+01,-1,-1,-1,-1
 4.001E+01,-1,-1,-1,-1
 4.011E+01,-1,-1,-1,-1
 4.020E+01,-1,-1,-1,-1
 4.030E+01,-1,-1,-1,-1
 4.041E+01,-1,-1,-1,-1
 4.051E+01,-1,-1,-1,-1
 4.060E+01,-1,-1,-1,-1
 4.070E+01,-1,-1,-1,-1
 4.081E+01,-1,-1,-1,-1
 4.090E+01,-1,-1,-1,-1
 4.101E+01,-1,-1,-1,-1
 4.110E+01,-1,-1,-1,-1
 4.121E+01,-1,-1,-1,-1
 4.130E+01,-1,-1,-1,-1
 4.141E+01,-1,-1,-1,-1
 4.150E+01,-1,-1,-1,-1
 4.161E+01,-1,-1,-1,-1
 4.170E+01,-1,-1,-1,-1
 4.180E+01,-1,-1,-1,-1
 4.190E+01,-1,-1,-1,-1
 4.200E+01,-1,-1,-1,-1
 4.210E+01,-1,-1,-1,-1
 4.220E+01,-1,-1,-1,-1
 4.231E+01,-1,-1,-1,-1
 4.240E+01,-1,-1,-1,-1
 4.250E+01,-1,-1,-1,-1
 4.261E+01,-1,-1,-1,-1
 4.270E+01,-1,-1,-1,-1
 4.280E+01,-1,-1,-1,-1
 4.291E+01,-1,-1,-1,-1
 4.301E+01,-1,-1,-1,-1
 4.310E+01,-1,-1,-1,-1
 4.321E+01,-1,-1,-1,-1
 4.330E+01,-1,-1,-1,-1
 4.341E+01,-1,-1,-1,-1
 4.351E+01,-1,-1,-1,-1
 4.360E+01,-1,-1,-1,-1
 4.371E+01,-1,-1,-1,-1
 4.380E+01,-1,-1,-1,-1
 4.390E+01,-1,-1,-1,-1
 4.400E+01,-1,-1,-1,-1
 4.411E+01,-1,-1,-1,-1
 4.420E+01,-1,-1,-1,-1
 4.430E+01,-1,-1,-1,-1
 4.440E+01,-1,-1,-1,-1
 4.451E+01,-1,-1,-1,-1
 4.461E+01,-1,-1,-1,-1
 4.471E+01,-1,-1,-1,-1
 4.480E+01,-1,-1,-1,-1
 4.491E+01,-1,-1,-1,-1
 4.501E+01,-1,-1,-1,-1
 4.510E+01,-1,-1,-1,-1
 4.520E+01,-1,-1,-1,-1
 4.531E+01,-1,-1,-1,-1
 4.541E+01,-1,-1,-1,-1
 4.550E+01,-1,-1,-1,-1
 4.560E+01,-1,-1,-1,-1
 4.570E+01,-1,-1,-1,-1
 4.581E+01,-1,-1,-1,-1
 4.591E+01,-1,-1,-1,-1
 4.600E+01,-1,-1,-1,-1
 4.610E+01,-1,-1,-1,-1
 4.620E+01,-1,-1,-1,-1
 4.631E+01,-1,-1,-1,-1
 4.640E+01,-1,-1,-1,-1
 4.651E+01,-1,-1,-1,-1
 4.660E+01,-1,-1,-1,-1
 4.671E+01,-1,-1,-1,-1
 4.680E+01,-1,-1,-1,-1
 4.691E+01,-1,-1,-1,-1
 4.700E+01,-1,-1,-1,-1
 4.710E+01,-1,-1,-1,-1
 4.720E+01,-1,-1,-1,-1
 4.731E+01,-1,-1,-1,-1
 4.741E+01,-1,-1,-1,-1
 4.750E+01,-1,-1,-1,-1
 4.760E+01,-1,-1,-1,-1
 4.771E+01,-1,-1,-1,-1
 4.780E+01,-1,-1,-1,-1
 4.790E+01,-1,-1,-1,-1
 4.800E+01,-1,-1,-1,-1
 4.810E+01,-1,-1,-1,-1
 4.820E+01,-1,-1,-1,-1
 4.831E+01,-1,-1,-1,-1
 4.841E+01,-1,-1,-1,-1
 4.851E+01,-1,-1,-1,-1
 4.860E+01,-1,-1,-1,-1
 4.871E+01,-1,-1,-1,-1
 4.880E+01,-1,-1,-1,-1
 4.890E+01,-1,-1,-1,-1
 4.901E+01,-1,-1,-1,-1
 4.910E+01,-1,-1,-1,-1
 4.920E+01,-1,-1,-1,-1
 4.930E+01,-1,-1,-1,-1
 4.940E+01,-1,-1,-1,-1
 4.950E+01,-1,-1,-1,-1
 4.960E+01,-1,-1,-1,-1
 4.971E+01,-1,-1,-1,-1
 4.980E+01,-1,-1,-1,-1
 4.991E+01,-1,-1,-1,-1
 5.000E+01,-1,-1,-1,-1
 5.010E+01,-1,-1,-1,-1
 5.020E+01,-1,-1,-1,-1
 5.030E+01,-1,-1,-1,-1
 5.041E+01,-1,-1,-1,-1
 5.051E+01,-1,-1,-1,-1
 5.060E+01,-1,-1,-1,-1
 5.071E+01,-1,-1,-1,-1
 5.080E+01,-1,-1,-1,-1
 5.090E+01,-1,-1,-1,-1
 5.100E+01,-1,-1,-1,-1
 5.111E+01,-1,-1,-1,-1
 5.120E+01,-1,-1,-1,-1
 5.130E+01,-1,-1,-1,-1
 5.141E+01,-1,-1,-1,-1
 5.151E+01,-1,-1,-1,-1
 5.161E+01,-1,-1,-1,-1
 5.170E+01,-1,-1,-1,-1
 5.180E+01,-1,-1,-1,-1
 5.190E+01,-1,-1,-1,-1
 5.201E+01,-1,-1,-1,-1
 5.210E+01,-1,-1,-1,-1
 5.221E+01,-1,-1,-1,-1
 5.231E+01,-1,-1,-1,-1
 5.241E+01,-1,-1,-1,-1
 5.250E+01,-1,-1,-1,-1
 5.260E+01,-1,-1,-1,-1
 5.270E+01,-1,-1,-1,-1
 5.280E+01,-1,-1,-1,-1
 5.290E+01,-1,-1,-1,-1
 5.301E+01,-1,-1,-1,-1
 5.310E+01,-1,-1,-1,-1
 5.320E+01,-1,-1,-1,-1
 5.331E+01,-1,-1,-1,-1
 5.340E+01,-1,-1,-1,-1
 5.350E+01,-1,-1,-1,-1
 5.361E+01,-1,-1,-1,-1
 5.370E+01,-1,-1,-1,-1
 5.380E+01,-1,-1,-1,-1
 5.390E+01,-1,-1,-1,-1
 5.400E+01,-1,-1,-1,-1
 5.410E+01,-1,-1,-1,-1
 5.420E+01,-1,-1,-1,-1
 5.431E+01,-1,-1,-1,-1
 5.441E+01,-1,-1,-1,-1
 5.451E+01,-1,-1,-1,-1
 5.460E+01,-1,-1,-1,-1
 5.471E+01,-1,-1,-1,-1
 5.480E+01,-1,-1,-1,-1
 5.490E+01,-1,-1,-1,-1
 5.500E+01,-1,-1,-1,-1
 5.510E+01,-1,-1,-1,-1
 5.521E+01,-1,-1,-1,-1
 5.530E+01,-1,-1,-1,-1
 5.540E+01,-1,-1,-1,-1
 5.550E+01,-1,-1,-1,-1
 5.561E+01,-1,-1,-1,-1
 5.570E+01,-1,-1,-1,-1
 5.581E+01,-1,-1,-1,-1
 5.591E+01,-1,-1,-1,-1
 5.600E+01,-1,-1,-1,-1
 5.611E+01,-1,-1,-1,-1
 5.620E+01,-1,-1,-1,-1
 5.630E+01,-1,-1,-1,-1
 5.640E+01,-1,-1,-1,-1
 5.650E+01,-1,-1,-1,-1
 5.661E+01,-1,-1,-1,-1
 5.670E+01,-1,-1,-1,-1
 5.681E+01,-1,-1,-1,-1
 5.691E+01,-1,-1,-1,-1
 5.700E+01,-1,-1,-1,-1
 5.710E+01,-1,-1,-1,-1
 5.720E+01,-1,-1,-1,-1
 5.731E+01,-1,-1,-1,-1
 5.740E+01,-1,-1,-1,-1
 5.751E+01,-1,-1,-1,-1
 5.760E+01,-1,-1,-1,-1
 5.771E+01,-1,-1,-1,-1
 5.780E+01,-1,-1,-1,-1
 5.791E+01,-1,-1,-1,-1
 5.800E+01,-1,-1,-1,-1
 5.811E+01,-1,-1,-1,-1
 5.821E+01,-1,-1,-1,-1
 5.830E+01,-1,-1,-1,-1
 5.841E+01,-1,-1,-1,-1
 5.850E+01,-1,-1,-1,-1
 5.860E+01,-1,-1,-1,-1
 5.870E+01,-1,-1,-1,-1
 5.880E+01,-1,-1,-1,-1
 5.891E+01,-1,-1,-1,-1
 5.900E+01,-1,-1,-1,-1
 5.910E+01,-1,-1,-1,-1
 5.920E+01,-1,-1,-1,-1
 5.931E+01,-1,-1,-1,-1
 5.940E+01,-1,-1,-1,-1
 5.951E+01,-1,-1,-1,-1
 5.960E+01,-1,-1,-1,-1
 5.970E+01,-1,-1,-1,-1
 5.980E+01,-1,-1,-1,-1
 5.990E+01,-1,-1,-1,-1
 6.001E+01,-1,-1,-1,-1
 6.011E+01,-1,-1,-1,-1
 6.020E+01,-1,-1,-1,-1
 6.030E+01,-1,-1,-1,-1
 6.041E+01,-1,-1,-1,-1
 6.050E+01,-1,-1,-1,-1
 6.060E+01,-1,-1,-1,-1
 6.070E+01,-1,-1,-1,-1
 6.080E+01,-1,-1,-1,-1
 6.090E+01,-1,-1,-1,-1
 6.100E+01,-1,-1,-1,-1
 6.110E+01,-1,-1,-1,-1
 6.121E+01,-1,-1,-1,-1
 6.130E+01,-1,-1,-1,-1
 6.140E+01,-1,-1,-1,-1
 6.150E+01,-1,-1,-1,-1
 6.161E+01,-1,-1,-1,-1
 6.171E+01,-1,-1,-1,-1
 6.180E+01,-1,-1,-1,-1
 6.190E+01,-1,-1,-1,-1
 6.200E+01,-1,-1,-1,-1
 6.211E+01,-1,-1,-1,-1
 6.220E+01,-1,-1,-1,-1
 6.230E+01,-1,-1,-1,-1
 6.241E+01,-1,-1,-1,-1
 6.251E+01,-1,-1,-1,-1
 6.261E+01,-1,-1,-1,-1
 6.271E+01,-1,-1,-1,-1
 6.281E+01,-1,-1,-1,-1
 6.291E+01,-1,-1,-1,-1
 6.301E+01,-1,-1,-1,-1
 6.310E+01,-1,-1,-1,-1
 6.320E+01,-1,-1,-1,-1
 6.330E+01,-1,-1,-1,-1
 6.341E+01,-1,-1,-1,-1
 6.351E+01,-1,-1,-1,-1
 6.360E+01,-1,-1,-1,-1
 6.371E+01,-1,-1,-1,-1
 6.380E+01,-1,-1,-1,-1
 6.390E+01,-1,-1,-1,-1
 6.400E+01,-1,-1,-1,-1
 6.410E+01,-1,-1,-1,-1
 6.421E+01,-1,-1,-1,-1
 6.430E+01,-1,-1,-1,-1
 6.441E+01,-1,-1,-1,-1
 6.450E+01,-1,-1,-1,-1
 6.460E+01,-1,-1,-1,-1
 6.470E+01,-1,-1,-1,-1
 6.480E+01,-1,-1,-1,-1
 6.490E+01,-1,-1,-1,-1
 6.500E+01,-1,-1,-1,-1
 6.510E+01,-1,-1,-1,-1
 6.521E+01,-1,-1,-1,-1
 6.531E+01,-1,-1,-1,-1
 6.540E+01,-1,-1,-1,-1
 6.550E+01,-1,-1,-1,-1
 6.560E+01,-1,-1,-1,-1
 6.571E+01,-1,-1,-1,-1
 6.581E+01,-1,-1,-1,-1
 6.591E+01,-1,-1,-1,-1
 6.600E+01,-1,-1,-1,-1
 6.611E+01,-1,-1,-1,-1
 6.620E+01,-1,-1,-1,-1
 6.631E+01,-1,-1,-1,-1
 6.640E+01,-1,-1,-1,-1
 6.650E+01,-1,-1,-1,-1
 6.660E+01,-1,-1,-1,-1
 6.670E+01,-1,-1,-1,-1
 6.680E+01,-1,-1,-1,-1
 6.691E+01,-1,-1,-1,-1
 6.701E+01,-1,-1,-1,-1
 6.710E+01,-1,-1,-1,-1
 6.720E+01,-1,-1,-1,-1
 6.730E+01,-1,-1,-1,-1
 6.740E+01,-1,-1,-1,-1
 6.750E+01,-1,-1,-1,-1
 6.760E+01,-1,-1,-1,-1
 6.770E+01,-1,-1,-1,-1
 6.780E+01,-1,-1,-1,-1
 6.790E+01,-1,-1,-1,-1
 6.801E+01,-1,-1,-1,-1
 6.810E+01,-1,-1,-1,-1
 6.820E+01,-1,-1,-1,-1
 6.830E+01,-1,-1,-1,-1
 6.840E+01,-1,-1,-1,-1
 6.850E+01,-1,-1,-1,-1
 6.861E+01,-1,-1,-1,-1
 6.870E+01,-1,-1,-1,-1
 6.880E+01,-1,-1,-1,-1
 6.890E+01,-1,-1,-1,-1
 6.901E+01,-1,-1,-1,-1
 6.910E+01,-1,-1,-1,-1
 6.921E+01,-1,-1,-1,-1
 6.930E+01,-1,-1,-1,-1
 6.941E+01,-1,-1,-1,-1
 6.950E+01,-1,-1,-1,-1
 6.960E+01,-1,-1,-1,-1
 6.970E+01,-1,-1,-1,-1
 6.980E+01,-1,-1,-1,-1
 6.990E+01,-1,-1,-1,-1
 7.000E+01,-1,-1,-1,-1
 7.010E+01,-1,-1,-1,-1
 7.021E+01,-1,-1,-1,-1
 7.031E+01,-1,-1,-1,-1
 7.041E+01,-1,-1,-1,-1
 7.051E+01,-1,-1,-1,-1
 7.061E+01,-1,-1,-1,-1
 7.070E+01,-1,-1,-1,-1
 7.080E+01,-1,-1,-1,-1
 7.091E+01,-1,-1,-1,-1
 7.100E+01,-1,-1,-1,-1
 7.110E+01,-1,-1,-1,-1
 7.121E+01,-1,-1,-1,-1
 7.130E+01,-1,-1,-1,-1
 7.140E+01,-1,-1,-1,-1
 7.150E+01,-1,-1,-1,-1
 7.161E+01,-1,-1,-1,-1
 7.170E+01,-1,-1,-1,-1
 7.180E+01,-1,-1,-1,-1
 7.190E+01,-1,-1,-1,-1
 7.200E+01,-1,-1,-1,-1
 7.210E+01,-1,-1,-1,-1
 7.220E+01,-1,-1,-1,-1
 7.230E+01, 1,-1,-1,-1
 7.240E+01, 1,-1,-1,-1
 7.250E+01, 1,-1,-1,-1
 7.260E+01, 1,-1,-1,-1
 7.270E+01, 1,-1,-1,-1
 7.280E+01, 1,-1,-1,-1
 7.290E+01, 1,-1,-1,-1
 7.300E+01, 1,-1,-1,-1
 7.310E+01, 1,-1,-1,-1
 7.320E+01, 1,-1,-1,-1
 7.330E+01, 1,-1,-1,-1
 7.340E+01, 1,-1,-1,-1
 7.351E+01, 1,-1,-1,-1
 7.361E+01, 1,-1,-1,-1
 7.371E+01, 1,-1,-1,-1
 7.380E+01, 1,-1,-1,-1
 7.390E+01, 1,-1,-1,-1
 7.401E+01, 1,-1,-1,-1
 7.411E+01, 1,-1,-1,-1
 7.420E+01, 1,-1,-1,-1
 7.430E+01, 1,-1,-1,-1
 7.441E+01, 1,-1,-1,-1
 7.450E+01, 1,-1,-1,-1
 7.461E+01, 1,-1,-1,-1
 7.471E+01, 1,-1,-1,-1
 7.480E+01, 1,-1,-1,-1
 7.490E+01, 1,-1,-1,-1
 7.500E+01, 1,-1,-1,-1
 7.510E+01, 1,-1,-1,-1
 7.520E+01, 1,-1,-1,-1
 7.530E+01, 1, 1,-1,-1
 7.540E+01, 1, 1,-1,-1
 7.550E+01, 1, 1,-1,-1
 7.560E+01, 1, 1,-1,-1
 7.571E+01, 1, 1,-1,-1
 7.581E+01, 1, 1,-1,-1
 7.590E+01, 1, 1,-1,-1
 7.600E+01, 1, 1,-1,-1
 7.610E+01, 1, 1,-1,-1
 7.620E+01, 1, 1,-1,-1
 7.631E+01, 1, 1,-1,-1
 7.641E+01, 1, 1,-1,-1
 7.651E+01, 1, 1,-1,-1
 7.660E+01, 1, 1,-1,-1
 7.670E+01, 1, 1,-1,-1
 7.680E+01, 1, 1,-1,-1
 7.690E+01, 1, 1,-1,-1
 7.700E+01, 1, 1,-1,-1
 7.710E+01, 1, 1,-1,-1
 7.720E+01, 1, 1,-1,-1
 7.730E+01, 1, 1,-1,-1
 7.740E+01, 1, 1,-1,-1
 7.750E+01, 1, 1,-1,-1
 7.761E+01, 1, 1,-1,-1
 7.770E+01, 1, 1,-1,-1
 7.780E+01, 1, 1,-1,-1
 7.790E+01, 1, 1,-1,-1
 7.800E+01, 1, 1,-1,-1
 7.810E+01, 1, 1,-1,-1
 7.820E+01, 1, 1,-1,-1
 7.830E+01, 1, 1,-1,-1
 7.841E+01, 1, 1,-1,-1
 7.850E+01, 1, 1,-1,-1
 7.861E+01, 1, 1,-1,-1
 7.871E+01, 1, 1,-1,-1
 7.881E+01, 1, 1,-1,-1
 7.890E+01, 1, 1,-1,-1
 7.900E+01, 1, 1,-1,-1
 7.911E+01, 1, 1,-1,-1
 7.920E+01, 1, 1,-1,-1
 7.930E+01, 1, 1,-1,-1
 7.940E+01, 1, 1,-1,-1
 7.950E+01, 1, 1,-1,-1
 7.960E+01, 1, 1,-1,-1
 7.970E+01, 1, 1,-1,-1
 7.980E+01, 1, 1,-1,-1
 7.990E+01, 1, 1,-1,-1
 8.000E+01, 1, 1,-1,-1
 8.010E+01, 1, 1,-1,-1
 8.021E+01, 1, 1,-1,-1
 8.030E+01, 1, 1,-1,-1
 8.040E+01, 1, 1,-1,-1
 8.051E+01, 1, 1,-1,-1
 8.060E+01, 1, 1,-1,-1
 8.070E+01, 1, 1,-1,-1
 8.080E+01, 1, 1,-1,-1
 8.090E+01, 1, 1,-1,-1
 8.100E+01, 1, 1,-1,-1
 8.110E+01, 1, 1,-1,-1
 8.120E+01, 1, 1,-1,-1
 8.131E+01, 1, 1,-1,-1
 8.140E+01, 1, 1,-1,-1
 8.151E+01, 1, 1,-1,-1
 8.161E+01, 1, 1,-1,-1
 8.170E+01, 1, 1,-1,-1
 8.180E+01, 1, 1,-1,-1
 8.190E+01, 1, 1,-1,-1
 8.200E+01, 1, 1,-1,-1
 8.210E+01, 1, 1,-1,-1
 8.221E+01, 1, 1,-1,-1
 8.230E+01, 1, 1,-1,-1
 8.241E+01, 1, 1,-1,-1
 8.250E+01, 1, 1,-1,-1
 8.260E+01, 1, 1,-1,-1
 8.270E+01, 1, 1,-1,-1
 8.281E+01, 1, 1,-1,-1
 8.291E+01, 1, 1,-1,-1
 8.300E+01, 1, 1,-1,-1
 8.311E+01, 1, 1,-1,-1
 8.320E+01, 1, 1,-1,-1
 8.330E+01, 1, 1,-1,-1
 8.340E+01, 1, 1,-1,-1
 8.351E+01, 1, 1,-1,-1
 8.360E+01, 1, 1,-1,-1
 8.370E+01, 1, 1,-1,-1
 8.380E+01, 1, 1,-1,-1
 8.391E+01, 1, 1,-1,-1
 8.400E+01, 1, 1,-1,-1
 8.410E+01, 1, 1,-1,-1
 8.420E+01, 1, 1,-1,-1
 8.430E+01, 1, 1,-1,-1
 8.440E+01, 1, 1,-1,-1
 8.450E+01, 1, 1,-1,-1
 8.460E+01, 1, 1,-1,-1
 8.471E+01, 1, 1,-1,-1
 8.480E+01, 1, 1,-1,-1
 8.490E+01, 1, 1,-1,-1
 8.500E+01, 1, 1,-1,-1
 8.510E+01, 1, 1,-1,-1
 8.520E+01, 1, 1,-1,-1
 8.531E+01, 1, 1,-1,-1
 8.540E+01, 1, 1,-1,-1
 8.550E+01, 1, 1,-1,-1
 8.561E+01, 1, 1,-1,-1
 8.570E+01, 1, 1,-1,-1
 8.580E+01, 1, 1,-1,-1
 8.590E+01, 1, 1,-1,-1
 8.601E+01, 1, 1,-1,-1
 8.610E+01, 1, 1,-1,-1
 8.621E+01, 1, 1,-1,-1
 8.630E+01, 1, 1,-1,-1
 8.640E+01, 1, 1,-1,-1
 8.650E+01, 1, 1,-1,-1
 8.661E+01, 1, 1,-1,-1
 8.670E+01, 1, 1,-1,-1
 8.680E+01, 1, 1,-1,-1
 8.690E+01, 1, 1,-1,-1
 8.701E+01, 1, 1,-1,-1
 8.710E+01, 1, 1,-1,-1
 8.720E+01, 1, 1,-1,-1
 8.730E+01, 1, 1,-1,-1
 8.740E+01, 1, 1,-1,-1
 8.750E+01, 1, 1,-1,-1
 8.760E+01, 1, 1,-1,-1
 8.770E+01, 1, 1,-1,-1
 8.780E+01, 1, 1,-1,-1
 8.790E+01, 1, 1,-1,-1
 8.800E+01, 1, 1,-1,-1
 8.810E+01, 1, 1,-1,-1
 8.820E+01, 1, 1,-1,-1
 8.830E+01, 1, 1,-1,-1
 8.840E+01, 1, 1,-1,-1
 8.851E+01, 1, 1,-1,-1
 8.860E+01, 1, 1,-1,-1
 8.870E+01, 1, 1,-1,-1
 8.880E+01, 1, 1,-1,-1
 8.890E+01, 1, 1,-1,-1
 8.901E+01, 1, 1,-1,-1
 8.910E+01, 1, 1,-1,-1
 8.920E+01, 1, 1,-1,-1
 8.930E+01, 1, 1,-1,-1
 8.941E+01, 1, 1,-1,-1
 8.951E+01, 1, 1,-1,-1
 8.961E+01, 1, 1,-1,-1
 8.970E+01, 1, 1,-1,-1
 8.980E+01, 1, 1,-1,-1
 8.990E+01, 1, 1,-1,-1
 9.001E+01, 1, 1,-1,-1
 9.011E+01, 1, 1,-1,-1
 9.020E+01, 1, 1,-1,-1
 9.030E+01, 1, 1,-1,-1
 9.041E+01, 1, 1,-1,-1
 9.050E+01, 1, 1,-1,-1
 9.060E+01, 1, 1, 1,-1
 9.071E+01, 1, 1, 1,-1
 9.081E+01, 1, 1, 1,-1
 9.090E+01, 1, 1, 1,-1
 9.100E+01, 1, 1, 1,-1
 9.110E+01, 1, 1, 1,-1
 9.120E+01, 1, 1, 1,-1
 9.131E+01, 1, 1, 1,-1
 9.140E+01, 1, 1, 1,-1
 9.150E+01, 1, 1, 1,-1
 9.160E+01, 1, 1, 1,-1
 9.170E+01, 1, 1, 1,-1
 9.180E+01, 1, 1, 1,-1
 9.190E+01, 1, 1, 1,-1
 9.200E+01, 1, 1, 1,-1
 9.210E+01, 1, 1, 1,-1
 9.220E+01, 1, 1, 1,-1
 9.230E+01, 1, 1, 1,-1
 9.241E+01, 1, 1, 1,-1
 9.250E+01, 1, 1, 1,-1
 9.261E+01, 1, 1, 1,-1
 9.270E+01, 1, 1, 1, 1
 9.280E+01, 1, 1, 1, 1
 9.290E+01, 1, 1, 1, 1
 9.300E+01, 1, 1, 1, 1
 9.310E+01, 1, 1, 1, 1
 9.320E+01, 1, 1, 1, 1
 9.330E+01, 1, 1, 1, 1
 9.340E+01, 1, 1, 1, 1
 9.350E+01, 1, 1, 1, 1
 9.360E+01, 1, 1, 1, 1
 9.370E+01, 1, 1, 1, 1
 9.380E+01, 1, 1, 1, 1
 9.391E+01, 1, 1, 1, 1
 9.400E+01, 1, 1, 1, 1
 9.410E+01, 1, 1, 1, 1
 9.421E+01, 1, 1, 1, 1
 9.431E+01, 1, 1, 1, 1
 9.441E+01, 1, 1, 1, 1
 9.450E+01, 1, 1, 1, 1
 9.461E+01, 1, 1, 1, 1
 9.471E+01, 1, 1, 1, 1
 9.480E+01, 1, 1, 1, 1
 9.490E+01, 1, 1, 1, 1
 9.500E+01, 1, 1, 1, 1
 9.510E+01, 1, 1, 1, 1
 9.520E+01, 1, 1, 1, 1
 9.530E+01, 1, 1, 1, 1
 9.540E+01, 1, 1, 1, 1
 9.550E+01, 1, 1, 1, 1
 9.560E+01, 1, 1, 1, 1
 9.570E+01, 1, 1, 1, 1
 9.580E+01, 1, 1, 1, 1
 9.590E+01, 1, 1, 1, 1
 9.600E+01, 1, 1, 1, 1
 9.610E+01, 1, 1, 1, 1
 9.620E+01, 1, 1, 1, 1
 9.631E+01, 1, 1, 1, 1
 9.640E+01, 1, 1, 1, 1
 9.650E+01, 1, 1, 1, 1
 9.660E+01, 1, 1, 1, 1
 9.670E+01, 1, 1, 1, 1
 9.680E+01, 1, 1, 1, 1
 9.690E+01, 1, 1, 1, 1
 9.700E+01, 1, 1, 1, 1
 9.710E+01, 1, 1, 1, 1
 9.720E+01, 1, 1, 1, 1
 9.730E+01, 1, 1, 1, 1
 9.740E+01, 1, 1, 1, 1
 9.750E+01, 1, 1, 1, 1
 9.761E+01, 1, 1, 1, 1
 9.770E+01, 1, 1, 1, 1
 9.780E+01, 1, 1, 1, 1
 9.790E+01, 1, 1, 1, 1
 9.800E+01, 1, 1, 1, 1
 9.811E+01, 1, 1, 1, 1
 9.821E+01, 1, 1, 1, 1
 9.830E+01, 1, 1, 1, 1
 9.840E+01, 1, 1, 1, 1
 9.851E+01, 1, 1, 1, 1
 9.861E+01, 1, 1, 1, 1
 9.871E+01, 1, 1, 1, 1
 9.881E+01, 1, 1, 1, 1
 9.890E+01, 1, 1, 1, 1
 9.900E+01, 1, 1, 1, 1
 9.910E+01, 1, 1, 1, 1
 9.920E+01, 1, 1, 1, 1
 9.931E+01, 1, 1, 1, 1
 9.940E+01, 1, 1, 1, 1
 9.950E+01, 1, 1, 1, 1
 9.960E+01, 1, 1, 1, 1
 9.971E+01, 1, 1, 1, 1
 9.980E+01, 1, 1, 1, 1
 9.990E+01, 1, 1, 1, 1
 1.000E+02, 1, 1, 1, 1
