s,mol/mol,kW
Time,VF,HRR
 0.0000000E+000, 5.0734182E-001, 0.0000000E+000
 5.0005972E-002, 5.0734182E-001, 0.0000000E+000
 1.0010412E-001, 5.0734182E-001, 0.0000000E+000
 1.5026090E-001, 5.0734182E-001, 2.1781895E-009
 2.0032971E-001, 5.0734182E-001, 9.2802014E-003
 2.5023918E-001, 5.0734182E-001, 8.1062713E-003
 3.0008205E-001, 5.0734182E-001, 1.4308386E-002
 3.5012180E-001, 5.0734182E-001, 2.0693210E-002
 4.0015639E-001, 5.0734182E-001, 2.3578725E-002
 4.5019099E-001, 5.0734182E-001, 2.5169150E-002
 5.0002975E-001, 5.0734182E-001, 2.5540627E-002
 5.5015355E-001, 5.0734182E-001, 2.5792982E-002
 6.0012224E-001, 5.0734182E-001, 2.6403237E-002
 6.5002505E-001, 5.0734182E-001, 2.7606383E-002
 7.0000857E-001, 5.0734182E-001, 2.7671765E-002
 7.5007394E-001, 5.0734182E-001, 2.8430798E-002
 8.0013932E-001, 5.0734182E-001, 2.7943028E-002
 8.5001213E-001, 5.0734182E-001, 2.7920787E-002
 9.0007750E-001, 5.0734182E-001, 2.9013955E-002
 9.5014288E-001, 5.0734182E-001, 2.9639036E-002
 1.0001753E+000, 5.0734182E-001, 3.0946070E-002
 1.0501087E+000, 5.0734182E-001, 3.1737523E-002
 1.1000422E+000, 5.0734182E-001, 3.2185224E-002
 1.1501663E+000, 5.0734182E-001, 3.2657908E-002
 1.2000998E+000, 5.0734182E-001, 3.3387736E-002
 1.2500333E+000, 5.0734182E-001, 3.3236450E-002
 1.3001573E+000, 5.0734182E-001, 3.3561165E-002
 1.3500908E+000, 5.0734182E-001, 3.4006976E-002
 1.4000243E+000, 5.0734182E-001, 3.4264125E-002
 1.4501484E+000, 5.0734182E-001, 3.4465055E-002
 1.5000818E+000, 5.0734182E-001, 3.4735197E-002
 1.5500153E+000, 5.0734182E-001, 3.4764767E-002
 1.6001394E+000, 5.0734182E-001, 3.4941718E-002
 1.6500729E+000, 5.0734182E-001, 3.5086335E-002
 1.7000063E+000, 5.0734182E-001, 3.5228010E-002
 1.7501304E+000, 5.0734182E-001, 3.5279863E-002
 1.8000639E+000, 5.0734182E-001, 3.5378158E-002
 1.8501880E+000, 5.0734182E-001, 3.5482070E-002
 1.9001214E+000, 5.0734182E-001, 3.5559183E-002
 1.9500549E+000, 5.0734182E-001, 3.5593311E-002
 2.0001790E+000, 5.0734182E-001, 3.5695470E-002
 2.0501125E+000, 5.0734182E-001, 3.5752695E-002
 2.1000460E+000, 5.0734182E-001, 3.5827685E-002
 2.1501700E+000, 5.0734182E-001, 3.5882300E-002
 2.2001035E+000, 5.0734182E-001, 3.5948990E-002
 2.2500370E+000, 5.0734213E-001, 3.5985339E-002
 2.3001610E+000, 5.0734936E-001, 3.5986751E-002
 2.3500945E+000, 5.0738527E-001, 3.5960236E-002
 2.4000280E+000, 5.0745434E-001, 3.6051281E-002
 2.4501521E+000, 5.0754022E-001, 3.6134766E-002
 2.5000856E+000, 5.0763519E-001, 3.6238844E-002
 2.5500190E+000, 5.0773728E-001, 3.6243303E-002
 2.6001431E+000, 5.0784551E-001, 3.6309871E-002
 2.6500766E+000, 5.0795875E-001, 3.6325505E-002
 2.7000101E+000, 5.0807557E-001, 3.6307378E-002
 2.7501341E+000, 5.0819550E-001, 3.6352609E-002
 2.8000676E+000, 5.0831735E-001, 3.6293938E-002
 2.8500011E+000, 5.0844048E-001, 3.6332023E-002
 2.9001252E+000, 5.0856468E-001, 3.6254375E-002
 2.9500586E+000, 5.0868959E-001, 3.6303880E-002
 3.0001827E+000, 5.0881486E-001, 3.6218839E-002
 3.0501162E+000, 5.0894041E-001, 3.6263819E-002
 3.1000497E+000, 5.0906566E-001, 3.6211794E-002
 3.1501737E+000, 5.0919123E-001, 3.6244307E-002
 3.2001072E+000, 5.0931672E-001, 3.6192049E-002
 3.2500407E+000, 5.0944201E-001, 3.6216909E-002
 3.3001648E+000, 5.0956748E-001, 3.6146410E-002
 3.3500983E+000, 5.0969305E-001, 3.6243694E-002
 3.4000317E+000, 5.0981827E-001, 3.6084426E-002
 3.4501558E+000, 5.0994367E-001, 3.6144885E-002
 3.5000893E+000, 5.1006898E-001, 3.6088635E-002
 3.5500228E+000, 5.1019405E-001, 3.6125080E-002
 3.6001468E+000, 5.1031930E-001, 3.5977636E-002
 3.6500803E+000, 5.1044463E-001, 3.6073087E-002
 3.7000138E+000, 5.1056971E-001, 3.5930770E-002
 3.7501379E+000, 5.1069497E-001, 3.5995772E-002
 3.8000713E+000, 5.1082014E-001, 3.6022395E-002
 3.8500048E+000, 5.1094507E-001, 3.5967888E-002
 3.9001289E+000, 5.1107019E-001, 3.6016167E-002
 3.9500624E+000, 5.1119534E-001, 3.5968855E-002
 4.0001864E+000, 5.1132055E-001, 3.5980640E-002
 4.0501199E+000, 5.1144575E-001, 3.5967288E-002
 4.1000534E+000, 5.1157063E-001, 3.5966761E-002
 4.1501775E+000, 5.1169572E-001, 3.5962806E-002
 4.2001110E+000, 5.1182078E-001, 3.5954367E-002
 4.2500444E+000, 5.1194559E-001, 3.5982505E-002
 4.3001685E+000, 5.1207070E-001, 3.6098380E-002
 4.3501020E+000, 5.1219586E-001, 3.6108724E-002
 4.4000355E+000, 5.1232074E-001, 3.6055385E-002
 4.4501595E+000, 5.1244578E-001, 3.5952289E-002
 4.5000930E+000, 5.1257081E-001, 3.5931977E-002
 4.5500265E+000, 5.1269559E-001, 3.5879731E-002
 4.6001506E+000, 5.1282062E-001, 3.5860176E-002
 4.6500840E+000, 5.1294572E-001, 3.5863632E-002
 4.7000175E+000, 5.1307061E-001, 3.5856565E-002
 4.7501416E+000, 5.1319565E-001, 3.5848477E-002
 4.8000751E+000, 5.1332066E-001, 3.5784596E-002
 4.8500086E+000, 5.1344542E-001, 3.5618162E-002
 4.9001326E+000, 5.1357041E-001, 3.5614768E-002
 4.9500661E+000, 5.1369543E-001, 3.5603123E-002
 5.0001902E+000, 5.1382053E-001, 3.5595242E-002
 5.0501236E+000, 5.1394561E-001, 3.5592038E-002
 5.1000571E+000, 5.1407039E-001, 3.5587687E-002
 5.1501812E+000, 5.1419538E-001, 3.5490056E-002
 5.2001147E+000, 5.1432035E-001, 3.5327797E-002
 5.2500482E+000, 5.1444509E-001, 3.5344927E-002
 5.3001722E+000, 5.1457013E-001, 3.5468802E-002
 5.3501057E+000, 5.1469523E-001, 3.5467009E-002
 5.4000392E+000, 5.1482003E-001, 3.5462798E-002
 5.4501633E+000, 5.1494501E-001, 3.5455872E-002
 5.5000967E+000, 5.1506998E-001, 3.5445043E-002
 5.5500302E+000, 5.1519471E-001, 3.5439731E-002
 5.6001543E+000, 5.1531969E-001, 3.5433576E-002
 5.6500878E+000, 5.1544476E-001, 3.5425803E-002
 5.7000212E+000, 5.1556959E-001, 3.5418116E-002
 5.7501453E+000, 5.1569459E-001, 3.5410276E-002
 5.8000788E+000, 5.1581956E-001, 3.5401518E-002
 5.8500123E+000, 5.1594428E-001, 3.5394908E-002
 5.9001363E+000, 5.1606923E-001, 3.5388774E-002
 5.9500698E+000, 5.1619423E-001, 3.5381597E-002
 6.0000033E+000, 5.1631907E-001, 3.5373672E-002
 6.0501274E+000, 5.1644410E-001, 3.5363616E-002
 6.1000609E+000, 5.1656908E-001, 3.5355954E-002
 6.1501849E+000, 5.1669404E-001, 3.5352087E-002
 6.2001184E+000, 5.1681899E-001, 3.5344622E-002
 6.2500519E+000, 5.1694370E-001, 3.5485824E-002
 6.3001760E+000, 5.1706873E-001, 3.5502132E-002
 6.3501094E+000, 5.1719380E-001, 3.5504765E-002
 6.4000429E+000, 5.1731856E-001, 3.5502414E-002
 6.4501670E+000, 5.1744351E-001, 3.5499670E-002
 6.5001005E+000, 5.1756846E-001, 3.5500913E-002
 6.5500339E+000, 5.1769316E-001, 3.5508135E-002
 6.6001580E+000, 5.1781811E-001, 3.5521272E-002
 6.6500915E+000, 5.1794316E-001, 3.5536163E-002
 6.7000250E+000, 5.1806797E-001, 3.5536439E-002
 6.7501490E+000, 5.1819294E-001, 3.5521940E-002
 6.8000825E+000, 5.1831788E-001, 3.5518398E-002
 6.8500160E+000, 5.1844258E-001, 3.5519013E-002
 6.9001401E+000, 5.1856751E-001, 3.5516452E-002
 6.9500736E+000, 5.1869250E-001, 3.5506256E-002
 7.0000070E+000, 5.1881733E-001, 3.5522077E-002
 7.0501311E+000, 5.1894233E-001, 3.5680608E-002
 7.1000646E+000, 5.1906728E-001, 3.5679981E-002
 7.1501886E+000, 5.1919222E-001, 3.5670299E-002
 7.2001221E+000, 5.1931714E-001, 3.5661907E-002
 7.2500556E+000, 5.1944185E-001, 3.5652635E-002
 7.3001797E+000, 5.1956687E-001, 3.5644971E-002
 7.3501132E+000, 5.1969191E-001, 3.5630686E-002
 7.4000466E+000, 5.1981664E-001, 3.5621170E-002
 7.4501707E+000, 5.1994158E-001, 3.5610586E-002
 7.5001042E+000, 5.2006651E-001, 3.5598627E-002
 7.5500377E+000, 5.2019119E-001, 3.5587452E-002
 7.6001617E+000, 5.2031614E-001, 3.5580502E-002
 7.6500952E+000, 5.2044118E-001, 3.5570091E-002
 7.7000287E+000, 5.2056596E-001, 3.5557176E-002
 7.7501528E+000, 5.2069090E-001, 3.5547926E-002
 7.8000862E+000, 5.2081583E-001, 3.5539127E-002
 7.8500197E+000, 5.2094051E-001, 3.5529420E-002
 7.9001438E+000, 5.2106543E-001, 3.5515482E-002
 7.9500773E+000, 5.2119041E-001, 3.5485006E-002
 8.0000108E+000, 5.2131521E-001, 3.5486806E-002
 8.0501348E+000, 5.2144018E-001, 3.5553388E-002
 8.1000683E+000, 5.2156510E-001, 3.5494344E-002
 8.1500018E+000, 5.2168978E-001, 3.5306085E-002
 8.2001259E+000, 5.2181471E-001, 3.5372842E-002
 8.2500593E+000, 5.2193963E-001, 3.5460881E-002
 8.3001834E+000, 5.2206464E-001, 3.5450975E-002
 8.3501169E+000, 5.2218966E-001, 3.5444959E-002
 8.4000504E+000, 5.2231436E-001, 3.5472963E-002
 8.4501744E+000, 5.2243927E-001, 3.5468493E-002
 8.5001079E+000, 5.2256418E-001, 3.5461366E-002
 8.5500414E+000, 5.2268884E-001, 3.5458376E-002
 8.6001655E+000, 5.2281377E-001, 3.5447115E-002
 8.6500989E+000, 5.2293880E-001, 3.5388319E-002
 8.7000324E+000, 5.2306356E-001, 3.5542613E-002
 8.7501565E+000, 5.2318847E-001, 3.5556125E-002
 8.8000900E+000, 5.2331338E-001, 3.5639666E-002
 8.8500235E+000, 5.2343803E-001, 3.5796311E-002
 8.9001475E+000, 5.2356293E-001, 3.5679028E-002
 8.9500810E+000, 5.2368792E-001, 3.5702033E-002
 9.0000145E+000, 5.2381269E-001, 3.5900579E-002
 9.0501386E+000, 5.2393763E-001, 3.5674674E-002
 9.1000720E+000, 5.2406253E-001, 3.5941889E-002
 9.1500055E+000, 5.2418720E-001, 3.5644622E-002
 9.2001296E+000, 5.2431207E-001, 3.6044116E-002
 9.2500631E+000, 5.2443700E-001, 3.5562905E-002
 9.3001871E+000, 5.2456198E-001, 3.6158010E-002
 9.3501206E+000, 5.2468699E-001, 3.5566435E-002
 9.4000541E+000, 5.2481165E-001, 3.6263693E-002
 9.4501782E+000, 5.2493656E-001, 3.5502033E-002
 9.5001116E+000, 5.2506142E-001, 3.6416362E-002
 9.5500451E+000, 5.2518609E-001, 3.5494570E-002
 9.6001692E+000, 5.2531101E-001, 3.6494262E-002
 9.6501027E+000, 5.2543604E-001, 3.5461022E-002
 9.7000362E+000, 5.2556074E-001, 3.6511416E-002
 9.7501602E+000, 5.2568565E-001, 3.5505730E-002
 9.8000937E+000, 5.2581052E-001, 3.6497945E-002
 9.8500272E+000, 5.2593517E-001, 3.5467378E-002
 9.9001512E+000, 5.2606004E-001, 3.6451242E-002
 9.9500847E+000, 5.2618502E-001, 3.5466935E-002
 1.0000018E+001, 5.2630975E-001, 3.6501233E-002
 1.0050142E+001, 5.2643470E-001, 3.5470657E-002
 1.0100076E+001, 5.2655955E-001, 3.6514074E-002
 1.0150009E+001, 5.2668422E-001, 3.5454292E-002
 1.0200133E+001, 5.2680906E-001, 3.6477366E-002
 1.0250067E+001, 5.2693399E-001, 3.5441893E-002
 1.0300000E+001, 5.2705871E-001, 3.6448892E-002
 1.0350124E+001, 5.2718371E-001, 3.5433534E-002
 1.0400058E+001, 5.2730857E-001, 3.6407026E-002
 1.0450182E+001, 5.2743347E-001, 3.5423997E-002
 1.0500115E+001, 5.2755830E-001, 3.6336929E-002
 1.0550049E+001, 5.2768297E-001, 3.5429291E-002
 1.0600173E+001, 5.2780788E-001, 3.6272218E-002
 1.0650106E+001, 5.2793290E-001, 3.5405351E-002
 1.0700040E+001, 5.2805754E-001, 3.6211243E-002
 1.0750164E+001, 5.2818245E-001, 3.5395316E-002
 1.0800097E+001, 5.2830728E-001, 3.6220853E-002
 1.0850031E+001, 5.2843193E-001, 3.5351843E-002
 1.0900155E+001, 5.2855678E-001, 3.6171806E-002
 1.0950088E+001, 5.2868176E-001, 3.5519074E-002
 1.1000022E+001, 5.2880647E-001, 3.6168243E-002
 1.1050146E+001, 5.2893139E-001, 3.5647331E-002
 1.1100079E+001, 5.2905623E-001, 3.6121082E-002
 1.1150013E+001, 5.2918086E-001, 3.5667202E-002
 1.1200137E+001, 5.2930570E-001, 3.6058022E-002
 1.1250071E+001, 5.2943061E-001, 3.5776443E-002
 1.1300004E+001, 5.2955535E-001, 3.5959534E-002
 1.1350128E+001, 5.2968028E-001, 3.5873481E-002
 1.1400062E+001, 5.2980515E-001, 3.5908590E-002
 1.1450186E+001, 5.2993000E-001, 3.5983570E-002
 1.1500119E+001, 5.3005485E-001, 3.5842969E-002
 1.1550053E+001, 5.3017945E-001, 3.6075579E-002
 1.1600177E+001, 5.3030438E-001, 3.5786967E-002
 1.1650110E+001, 5.3042934E-001, 3.6111991E-002
 1.1700044E+001, 5.3055401E-001, 3.5742391E-002
 1.1750168E+001, 5.3067886E-001, 3.6186786E-002
 1.1800101E+001, 5.3080371E-001, 3.5700183E-002
 1.1850035E+001, 5.3092830E-001, 3.6250484E-002
 1.1900159E+001, 5.3105318E-001, 3.5673581E-002
 1.1950092E+001, 5.3117813E-001, 3.6260325E-002
 1.2000026E+001, 5.3130283E-001, 3.5638674E-002
 1.2050150E+001, 5.3142770E-001, 3.6263128E-002
 1.2100083E+001, 5.3155255E-001, 3.5604380E-002
 1.2150017E+001, 5.3167714E-001, 3.6311098E-002
 1.2200141E+001, 5.3180198E-001, 3.5550207E-002
 1.2250074E+001, 5.3192687E-001, 3.6265632E-002
 1.2300008E+001, 5.3205160E-001, 3.5529507E-002
 1.2350132E+001, 5.3217649E-001, 3.6136560E-002
 1.2400065E+001, 5.3230134E-001, 3.5510210E-002
 1.2450189E+001, 5.3242617E-001, 3.6131729E-002
 1.2500123E+001, 5.3255100E-001, 3.5442814E-002
 1.2550056E+001, 5.3267559E-001, 3.6070777E-002
 1.2600180E+001, 5.3280051E-001, 3.5430991E-002
 1.2650114E+001, 5.3292546E-001, 3.6028540E-002
 1.2700047E+001, 5.3305009E-001, 3.5390207E-002
 1.2750171E+001, 5.3317492E-001, 3.6016491E-002
 1.2800105E+001, 5.3329975E-001, 3.5377055E-002
 1.2850038E+001, 5.3342432E-001, 3.5957493E-002
 1.2900162E+001, 5.3354920E-001, 3.5316415E-002
 1.2950096E+001, 5.3367413E-001, 3.5850371E-002
 1.3000029E+001, 5.3379881E-001, 3.5319955E-002
 1.3050153E+001, 5.3392364E-001, 3.5735729E-002
 1.3100087E+001, 5.3404848E-001, 3.5234144E-002
 1.3150020E+001, 5.3417304E-001, 3.5689466E-002
 1.3200144E+001, 5.3429787E-001, 3.5191907E-002
 1.3250078E+001, 5.3442273E-001, 3.5510886E-002
 1.3300011E+001, 5.3454745E-001, 3.5183256E-002
 1.3350136E+001, 5.3467231E-001, 3.5446613E-002
 1.3400069E+001, 5.3479715E-001, 3.5145294E-002
 1.3450002E+001, 5.3492172E-001, 3.5291160E-002
 1.3500127E+001, 5.3504653E-001, 3.5141713E-002
 1.3550060E+001, 5.3517135E-001, 3.5254834E-002
 1.3600184E+001, 5.3529627E-001, 3.5104997E-002
 1.3650118E+001, 5.3542118E-001, 3.5092791E-002
 1.3700051E+001, 5.3554578E-001, 3.5080900E-002
 1.3750175E+001, 5.3567058E-001, 3.5220409E-002
 1.3800109E+001, 5.3579534E-001, 3.5403094E-002
 1.3850042E+001, 5.3591992E-001, 3.5500628E-002
 1.3900166E+001, 5.3604491E-001, 3.4270666E-002
 1.3950100E+001, 5.3616974E-001, 3.5417795E-002
 1.4000033E+001, 5.3629445E-001, 3.4269053E-002
 1.4050157E+001, 5.3641923E-001, 3.5294269E-002
 1.4100091E+001, 5.3654400E-001, 3.4484014E-002
 1.4150024E+001, 5.3666847E-001, 3.5080935E-002
 1.4200010E+001, 5.3679310E-001, 3.4760802E-002
 1.4250071E+001, 5.3691814E-001, 3.3451363E-002
 1.4300171E+001, 5.3704306E-001, 3.4560306E-002
 1.4350039E+001, 5.3716797E-001, 3.2359509E-002
 1.4400071E+001, 5.3729234E-001, 3.3769019E-002
 1.4450123E+001, 5.3741740E-001, 3.2980944E-002
 1.4500094E+001, 5.3754187E-001, 3.4123662E-002
 1.4550175E+001, 5.3766695E-001, 3.2608163E-002
 1.4600125E+001, 5.3779147E-001, 3.3960459E-002
 1.4650024E+001, 5.3791627E-001, 3.2465768E-002
 1.4700103E+001, 5.3804077E-001, 3.3839050E-002
 1.4750124E+001, 5.3816583E-001, 3.3721363E-002
 1.4800069E+001, 5.3829033E-001, 3.3591926E-002
 1.4850121E+001, 5.3841530E-001, 3.3151629E-002
 1.4900131E+001, 5.3853995E-001, 3.3724931E-002
 1.4950136E+001, 5.3866489E-001, 3.2708560E-002
 1.5000208E+001, 5.3878955E-001, 3.3795953E-002
 1.5050034E+001, 5.3891437E-001, 3.3540979E-002
 1.5100062E+001, 5.3903877E-001, 3.3671999E-002
 1.5150136E+001, 5.3916379E-001, 3.2593956E-002
 1.5200049E+001, 5.3928833E-001, 3.3770669E-002
 1.5250128E+001, 5.3941326E-001, 3.3427170E-002
 1.5300206E+001, 5.3953803E-001, 3.3628949E-002
 1.5350029E+001, 5.3966282E-001, 3.2522727E-002
 1.5400065E+001, 5.3978723E-001, 3.3714907E-002
 1.5450074E+001, 5.3991219E-001, 3.2381412E-002
 1.5500025E+001, 5.4003674E-001, 3.3450005E-002
 1.5550033E+001, 5.4016160E-001, 3.3260353E-002
 1.5600154E+001, 5.4028632E-001, 3.3558815E-002
 1.5650175E+001, 5.4041140E-001, 3.2234353E-002
 1.5700129E+001, 5.4053592E-001, 3.3305459E-002
 1.5750145E+001, 5.4066077E-001, 3.3219873E-002
 1.5800057E+001, 5.4078527E-001, 3.3331212E-002
 1.5850076E+001, 5.4091009E-001, 3.2416247E-002
 1.5900051E+001, 5.4103469E-001, 3.2921985E-002
 1.5950029E+001, 5.4115951E-001, 3.3020946E-002
 1.6000066E+001, 5.4128408E-001, 3.2567929E-002
 1.6050123E+001, 5.4140909E-001, 3.3037669E-002
 1.6100144E+001, 5.4153375E-001, 3.2478186E-002
 1.6150203E+001, 5.4165877E-001, 3.3286212E-002
 1.6200167E+001, 5.4178335E-001, 3.2286839E-002
 1.6250052E+001, 5.4190805E-001, 3.2982681E-002
 1.6300077E+001, 5.4203250E-001, 3.1829028E-002
 1.6350149E+001, 5.4215751E-001, 3.3356860E-002
 1.6400048E+001, 5.4228200E-001, 3.1319918E-002
 1.6450187E+001, 5.4240695E-001, 3.3896149E-002
 1.6500033E+001, 5.4253154E-001, 3.1609794E-002
 1.6550130E+001, 5.4265632E-001, 3.3177889E-002
 1.6600128E+001, 5.4278099E-001, 3.0732217E-002
 1.6650182E+001, 5.4290588E-001, 3.3715992E-002
 1.6700141E+001, 5.4303058E-001, 3.1349762E-002
 1.6750078E+001, 5.4315526E-001, 3.3244324E-002
 1.6800193E+001, 5.4327993E-001, 3.1113768E-002
 1.6850151E+001, 5.4340481E-001, 3.3074953E-002
 1.6900134E+001, 5.4352942E-001, 3.1925486E-002
 1.6950146E+001, 5.4365417E-001, 3.2861416E-002
 1.7000200E+001, 5.4377890E-001, 3.0775723E-002
 1.7050174E+001, 5.4390362E-001, 3.2727076E-002
 1.7100003E+001, 5.4402815E-001, 3.1850597E-002
 1.7150147E+001, 5.4415280E-001, 3.2553981E-002
 1.7200191E+001, 5.4427777E-001, 3.1101604E-002
 1.7250059E+001, 5.4440235E-001, 3.1663186E-002
 1.7300068E+001, 5.4452695E-001, 3.2290715E-002
 1.7350199E+001, 5.4465170E-001, 3.2599853E-002
 1.7400024E+001, 5.4477648E-001, 3.1016623E-002
 1.7450153E+001, 5.4490108E-001, 3.1416008E-002
 1.7500082E+001, 5.4502594E-001, 3.1391733E-002
 1.7550155E+001, 5.4515051E-001, 3.1341683E-002
 1.7600079E+001, 5.4527537E-001, 3.2142754E-002
 1.7650104E+001, 5.4539993E-001, 3.1528669E-002
 1.7700013E+001, 5.4552462E-001, 3.1283401E-002
 1.7750096E+001, 5.4564920E-001, 3.1011902E-002
 1.7800007E+001, 5.4577395E-001, 3.1770025E-002
 1.7850165E+001, 5.4589864E-001, 3.1485796E-002
 1.7900085E+001, 5.4602357E-001, 3.1562405E-002
 1.7950010E+001, 5.4614791E-001, 2.9769997E-002
 1.8000206E+001, 5.4627289E-001, 3.2474194E-002
 1.8050115E+001, 5.4639768E-001, 3.0505429E-002
 1.8100148E+001, 5.4652234E-001, 3.2068370E-002
 1.8150125E+001, 5.4664696E-001, 3.0785266E-002
 1.8200171E+001, 5.4677174E-001, 3.0945954E-002
 1.8250082E+001, 5.4689634E-001, 3.1069247E-002
 1.8300017E+001, 5.4702087E-001, 3.1726178E-002
 1.8350184E+001, 5.4714562E-001, 2.9740637E-002
 1.8400128E+001, 5.4727046E-001, 3.0893154E-002
 1.8450171E+001, 5.4739518E-001, 3.0954032E-002
 1.8500162E+001, 5.4751987E-001, 3.1280104E-002
 1.8550031E+001, 5.4764439E-001, 3.0138176E-002
 1.8600051E+001, 5.4776890E-001, 3.0169391E-002
 1.8650116E+001, 5.4789376E-001, 3.1397781E-002
 1.8700201E+001, 5.4801854E-001, 3.1110987E-002
 1.8750006E+001, 5.4814319E-001, 3.0440754E-002
 1.8800085E+001, 5.4826767E-001, 2.9832290E-002
 1.8850113E+001, 5.4839254E-001, 3.0706271E-002
 1.8900097E+001, 5.4851717E-001, 2.9591322E-002
 1.8950176E+001, 5.4864201E-001, 3.0208110E-002
 1.9000145E+001, 5.4876662E-001, 3.0053154E-002
 1.9050100E+001, 5.4889129E-001, 3.1203931E-002
 1.9100071E+001, 5.4901586E-001, 2.9403697E-002
 1.9150181E+001, 5.4914065E-001, 3.0788204E-002
 1.9200119E+001, 5.4926531E-001, 2.9878975E-002
 1.9250114E+001, 5.4938997E-001, 2.9975439E-002
 1.9300053E+001, 5.4951447E-001, 3.0707526E-002
 1.9350097E+001, 5.4963915E-001, 3.0850278E-002
 1.9400074E+001, 5.4976387E-001, 2.9239109E-002
 1.9450033E+001, 5.4988849E-001, 3.0151001E-002
 1.9500189E+001, 5.5001322E-001, 3.0388629E-002
 1.9550054E+001, 5.5013797E-001, 2.9740256E-002
 1.9600034E+001, 5.5026235E-001, 3.0380945E-002
 1.9650091E+001, 5.5038712E-001, 3.0445401E-002
 1.9700050E+001, 5.5051185E-001, 2.9444356E-002
 1.9750198E+001, 5.5063668E-001, 3.0203927E-002
 1.9800187E+001, 5.5076142E-001, 3.0130357E-002
 1.9850069E+001, 5.5088596E-001, 2.9600232E-002
 1.9900159E+001, 5.5101055E-001, 3.0446046E-002
 1.9950103E+001, 5.5113527E-001, 3.0093406E-002
 2.0000130E+001, 5.5125988E-001, 2.9438210E-002
 2.0050155E+001, 5.5138463E-001, 2.9591921E-002
 2.0100019E+001, 5.5150908E-001, 2.9714417E-002
 2.0150191E+001, 5.5163386E-001, 2.9172047E-002
 2.0200033E+001, 5.5175853E-001, 2.9716027E-002
 2.0250109E+001, 5.5188308E-001, 3.0138964E-002
 2.0300144E+001, 5.5200783E-001, 2.9749207E-002
 2.0350123E+001, 5.5213254E-001, 2.9409582E-002
 2.0400103E+001, 5.5225711E-001, 2.9532242E-002
 2.0450109E+001, 5.5238180E-001, 2.9271376E-002
 2.0500064E+001, 5.5250635E-001, 2.9315253E-002
 2.0550195E+001, 5.5263108E-001, 2.9845287E-002
 2.0600011E+001, 5.5275562E-001, 2.9225942E-002
 2.0650084E+001, 5.5288013E-001, 2.9115853E-002
 2.0700122E+001, 5.5300496E-001, 2.9265742E-002
 2.0750136E+001, 5.5312969E-001, 2.9774995E-002
 2.0800172E+001, 5.5325443E-001, 2.9249560E-002
 2.0850202E+001, 5.5337916E-001, 2.8933325E-002
 2.0900024E+001, 5.5350360E-001, 2.9147678E-002
 2.0950162E+001, 5.5362819E-001, 2.8814508E-002
 2.1000177E+001, 5.5375300E-001, 2.9052121E-002
 2.1050145E+001, 5.5387763E-001, 2.9360781E-002
 2.1100054E+001, 5.5400207E-001, 2.9092091E-002
 2.1150047E+001, 5.5412657E-001, 2.8888750E-002
 2.1200058E+001, 5.5425121E-001, 2.9295595E-002
 2.1250069E+001, 5.5437592E-001, 2.9047817E-002
 2.1300080E+001, 5.5450056E-001, 2.9069615E-002
 2.1350092E+001, 5.5462524E-001, 2.9047104E-002
 2.1400103E+001, 5.5474992E-001, 2.9211674E-002
 2.1450114E+001, 5.5487455E-001, 2.9011597E-002
 2.1500125E+001, 5.5499919E-001, 2.9091732E-002
 2.1550136E+001, 5.5512384E-001, 2.9169856E-002
 2.1600148E+001, 5.5524848E-001, 2.9100350E-002
 2.1650159E+001, 5.5537314E-001, 2.8975904E-002
 2.1700170E+001, 5.5549780E-001, 2.9176897E-002
 2.1750181E+001, 5.5562244E-001, 2.9116703E-002
 2.1800192E+001, 5.5574708E-001, 2.8996292E-002
 2.1850204E+001, 5.5587174E-001, 2.9041715E-002
 2.1900006E+001, 5.5599614E-001, 2.9039502E-002
 2.1950018E+001, 5.5612050E-001, 2.9206889E-002
 2.2000029E+001, 5.5624517E-001, 2.9082419E-002
 2.2050040E+001, 5.5636981E-001, 2.9330548E-002
 2.2100051E+001, 5.5649446E-001, 2.9017991E-002
 2.2150062E+001, 5.5661907E-001, 2.9322984E-002
 2.2200074E+001, 5.5674375E-001, 2.9122194E-002
 2.2250085E+001, 5.5686837E-001, 2.9435982E-002
 2.2300096E+001, 5.5699303E-001, 2.8966054E-002
 2.2350107E+001, 5.5711764E-001, 2.9602105E-002
 2.2400118E+001, 5.5724231E-001, 2.8964171E-002
 2.2450130E+001, 5.5736693E-001, 2.9466992E-002
 2.2500141E+001, 5.5749159E-001, 2.9082342E-002
 2.2550152E+001, 5.5761619E-001, 2.9597118E-002
 2.2600163E+001, 5.5774087E-001, 2.8967055E-002
 2.2650174E+001, 5.5786547E-001, 2.9709761E-002
 2.2700186E+001, 5.5799012E-001, 2.9004712E-002
 2.2750197E+001, 5.5811474E-001, 2.9630347E-002
 2.2800208E+001, 5.5823940E-001, 2.9086158E-002
 2.2850011E+001, 5.5836374E-001, 2.9656497E-002
 2.2900022E+001, 5.5848811E-001, 2.9127144E-002
 2.2950033E+001, 5.5861277E-001, 2.9518688E-002
 2.3000044E+001, 5.5873737E-001, 2.9357523E-002
 2.3050056E+001, 5.5886205E-001, 2.9249655E-002
 2.3100067E+001, 5.5898657E-001, 2.9809351E-002
 2.3150078E+001, 5.5911135E-001, 2.8670418E-002
 2.3200089E+001, 5.5923582E-001, 3.0709084E-002
 2.3250100E+001, 5.5936058E-001, 2.8321988E-002
 2.3300112E+001, 5.5948507E-001, 3.0752829E-002
 2.3350036E+001, 5.5960973E-001, 2.8154963E-002
 2.3400126E+001, 5.5973420E-001, 3.0764838E-002
 2.3450177E+001, 5.5985907E-001, 2.8286655E-002
 2.3500172E+001, 5.5998364E-001, 3.0652717E-002
 2.3550028E+001, 5.6010811E-001, 2.8403805E-002
 2.3600110E+001, 5.6023258E-001, 3.0500507E-002
 2.3650151E+001, 5.6035730E-001, 2.8869426E-002
 2.3700135E+001, 5.6048198E-001, 2.9994487E-002
 2.3750210E+001, 5.6060658E-001, 2.9529684E-002
 2.3800061E+001, 5.6073115E-001, 2.9199546E-002
 2.3850134E+001, 5.6085552E-001, 3.0280820E-002
 2.3900165E+001, 5.6098042E-001, 2.8482242E-002
 2.3950118E+001, 5.6110482E-001, 3.0899663E-002
 2.4000103E+001, 5.6122950E-001, 2.8001054E-002
 2.4050149E+001, 5.6135390E-001, 3.1341816E-002
 2.4100102E+001, 5.6147866E-001, 2.7585245E-002
 2.4150175E+001, 5.6160309E-001, 3.1624391E-002
 2.4200104E+001, 5.6172786E-001, 2.7619120E-002
 2.4250208E+001, 5.6185232E-001, 3.1191618E-002
 2.4300113E+001, 5.6197703E-001, 2.8054001E-002
 2.4350094E+001, 5.6210137E-001, 3.1177624E-002
 2.4400080E+001, 5.6222592E-001, 2.8224356E-002
 2.4450005E+001, 5.6235041E-001, 3.0335891E-002
 2.4500078E+001, 5.6247492E-001, 2.9346418E-002
 2.4550090E+001, 5.6259974E-001, 2.9150285E-002
 2.4600027E+001, 5.6272409E-001, 3.0662875E-002
 2.4650041E+001, 5.6284881E-001, 2.8412439E-002
 2.4700123E+001, 5.6297334E-001, 3.1532382E-002
 2.4750206E+001, 5.6309825E-001, 2.7924692E-002
 2.4800003E+001, 5.6322253E-001, 3.1364850E-002
 2.4850059E+001, 5.6334698E-001, 2.8458252E-002
 2.4900031E+001, 5.6347157E-001, 3.0603920E-002
 2.4950094E+001, 5.6359611E-001, 2.9489250E-002
 2.5000072E+001, 5.6372080E-001, 2.9772656E-002
 2.5050118E+001, 5.6384530E-001, 3.0408460E-002
 2.5100071E+001, 5.6397002E-001, 2.8278708E-002
 2.5150024E+001, 5.6409431E-001, 3.1643231E-002
 2.5200192E+001, 5.6421915E-001, 2.8497150E-002
 2.5250059E+001, 5.6434366E-001, 3.0974426E-002
 2.5300078E+001, 5.6446814E-001, 2.8696766E-002
 2.5350038E+001, 5.6459265E-001, 3.0870303E-002
 2.5400132E+001, 5.6471723E-001, 2.9460428E-002
 2.5450173E+001, 5.6484204E-001, 2.9661697E-002
 2.5500007E+001, 5.6496632E-001, 3.0488971E-002
 2.5550048E+001, 5.6509081E-001, 2.9585699E-002
 2.5600100E+001, 5.6521537E-001, 3.0955975E-002
 2.5650035E+001, 5.6534003E-001, 2.8121207E-002
 2.5700108E+001, 5.6546453E-001, 3.1020591E-002
 2.5750159E+001, 5.6558926E-001, 2.9402473E-002
 2.5800210E+001, 5.6571393E-001, 3.0312580E-002
 2.5850078E+001, 5.6583835E-001, 2.9777642E-002
 2.5900022E+001, 5.6596272E-001, 2.9943344E-002
 2.5950088E+001, 5.6608725E-001, 3.0129290E-002
 2.6000066E+001, 5.6621188E-001, 2.9692881E-002
 2.6050150E+001, 5.6633644E-001, 3.0419847E-002
 2.6100202E+001, 5.6646122E-001, 2.9424878E-002
 2.6150103E+001, 5.6658564E-001, 3.0565406E-002
 2.6200208E+001, 5.6671026E-001, 2.9261835E-002
 2.6250012E+001, 5.6683458E-001, 3.0624295E-002
 2.6300062E+001, 5.6695897E-001, 2.9521061E-002
 2.6350076E+001, 5.6708353E-001, 3.1072101E-002
 2.6400145E+001, 5.6720819E-001, 2.9314065E-002
 2.6450037E+001, 5.6733269E-001, 2.9889113E-002
 2.6500042E+001, 5.6745712E-001, 3.0215783E-002
 2.6550036E+001, 5.6758166E-001, 3.0043327E-002
 2.6600208E+001, 5.6770642E-001, 3.0055079E-002
 2.6650037E+001, 5.6783099E-001, 3.0316484E-002
 2.6700067E+001, 5.6795530E-001, 3.0011743E-002
 2.6750125E+001, 5.6808000E-001, 3.0351778E-002
 2.6800103E+001, 5.6820451E-001, 3.0639092E-002
 2.6850073E+001, 5.6832903E-001, 2.9449554E-002
 2.6900026E+001, 5.6845341E-001, 3.0443956E-002
 2.6950090E+001, 5.6857799E-001, 3.0142741E-002
 2.7000153E+001, 5.6870264E-001, 3.0085467E-002
 2.7050217E+001, 5.6882736E-001, 3.0351148E-002
 2.7100200E+001, 5.6895194E-001, 3.0278877E-002
 2.7150156E+001, 5.6907635E-001, 3.0382657E-002
 2.7200022E+001, 5.6920068E-001, 3.0261594E-002
 2.7250108E+001, 5.6932514E-001, 2.9968251E-002
 2.7300193E+001, 5.6944984E-001, 3.0784338E-002
 2.7350060E+001, 5.6957432E-001, 3.0479535E-002
 2.7400146E+001, 5.6969877E-001, 2.9796833E-002
 2.7450013E+001, 5.6982323E-001, 3.0160580E-002
 2.7500098E+001, 5.6994768E-001, 2.9831213E-002
 2.7550184E+001, 5.7007244E-001, 2.9554729E-002
 2.7600038E+001, 5.7019686E-001, 2.9326426E-002
 2.7650131E+001, 5.7032136E-001, 2.9742836E-002
 2.7700208E+001, 5.7044603E-001, 3.1057716E-002
 2.7750189E+001, 5.7057064E-001, 3.0222756E-002
 2.7800117E+001, 5.7069504E-001, 3.0121784E-002
 2.7850085E+001, 5.7081944E-001, 3.0302036E-002
 2.7900053E+001, 5.7094382E-001, 3.0688119E-002
 2.7950022E+001, 5.7106823E-001, 3.0287060E-002
 2.8000127E+001, 5.7119284E-001, 3.1208898E-002
 2.8050021E+001, 5.7131731E-001, 3.0956586E-002
 2.8100143E+001, 5.7144190E-001, 2.9843861E-002
 2.8150037E+001, 5.7156642E-001, 3.0775306E-002
 2.8200158E+001, 5.7169094E-001, 3.0223519E-002
 2.8250052E+001, 5.7181549E-001, 3.0157382E-002
 2.8300174E+001, 5.7194001E-001, 3.0149137E-002
 2.8350068E+001, 5.7206444E-001, 3.0040239E-002
 2.8400189E+001, 5.7218915E-001, 2.7248270E-002
 2.8450083E+001, 5.7231367E-001, 2.3833482E-002
 2.8500205E+001, 5.7243818E-001, 2.7124497E-002
 2.8550043E+001, 5.7256276E-001, 2.4141177E-002
 2.8600121E+001, 5.7268686E-001, 2.8171824E-002
 2.8650038E+001, 5.7281165E-001, 2.4790239E-002
 2.8700244E+001, 5.7293602E-001, 2.7610011E-002
 2.8750163E+001, 5.7306091E-001, 2.6325030E-002
 2.8800127E+001, 5.7318501E-001, 2.7500219E-002
 2.8850185E+001, 5.7330975E-001, 2.7231052E-002
 2.8900001E+001, 5.7343384E-001, 2.5684891E-002
 2.8950004E+001, 5.7355828E-001, 2.8133929E-002
 2.9000001E+001, 5.7368260E-001, 2.6477757E-002
 2.9050024E+001, 5.7380724E-001, 2.8972241E-002
 2.9100034E+001, 5.7393168E-001, 2.6034930E-002
 2.9150176E+001, 5.7405642E-001, 2.9405190E-002
 2.9200184E+001, 5.7418105E-001, 2.6189472E-002
 2.9250067E+001, 5.7430541E-001, 2.9319111E-002
 2.9300234E+001, 5.7442995E-001, 2.6389845E-002
 2.9350061E+001, 5.7455435E-001, 2.9264712E-002
 2.9400149E+001, 5.7467881E-001, 2.6423756E-002
 2.9450169E+001, 5.7480330E-001, 2.8867269E-002
 2.9500053E+001, 5.7492782E-001, 2.7389151E-002
 2.9550043E+001, 5.7505199E-001, 2.8255090E-002
 2.9600116E+001, 5.7517674E-001, 2.7853597E-002
 2.9650190E+001, 5.7530119E-001, 2.7275465E-002
 2.9700145E+001, 5.7542594E-001, 2.8589399E-002
 2.9750123E+001, 5.7555014E-001, 2.6844677E-002
 2.9800120E+001, 5.7567479E-001, 2.8691095E-002
 2.9850082E+001, 5.7579903E-001, 2.5871128E-002
 2.9900198E+001, 5.7592366E-001, 2.9000226E-002
 2.9950078E+001, 5.7604810E-001, 2.6796097E-002
 3.0000105E+001, 5.7617237E-001, 2.8985110E-002
 3.0050112E+001, 5.7629708E-001, 2.8033600E-002
 3.0100240E+001, 5.7642143E-001, 2.5337430E-002
 3.0150032E+001, 5.7654606E-001, 2.6825949E-002
 3.0200081E+001, 5.7667024E-001, 2.3433717E-002
 3.0250202E+001, 5.7679490E-001, 2.4087093E-002
 3.0300080E+001, 5.7691947E-001, 2.4487482E-002
 3.0350163E+001, 5.7704363E-001, 2.3472693E-002
 3.0400151E+001, 5.7716836E-001, 2.6395471E-002
 3.0450164E+001, 5.7729274E-001, 2.6385502E-002
 3.0500151E+001, 5.7741732E-001, 2.4751085E-002
 3.0550056E+001, 5.7754153E-001, 2.3604139E-002
 3.0600003E+001, 5.7766578E-001, 2.6198836E-002
 3.0650180E+001, 5.7779056E-001, 2.4565282E-002
 3.0700223E+001, 5.7791520E-001, 2.4041702E-002
 3.0750209E+001, 5.7803962E-001, 2.1478114E-002
 3.0800120E+001, 5.7816395E-001, 2.4133513E-002
 3.0850025E+001, 5.7828826E-001, 2.4127980E-002
 3.0900009E+001, 5.7841261E-001, 2.7663936E-002
 3.0950055E+001, 5.7853709E-001, 2.3308062E-002
 3.1000145E+001, 5.7866167E-001, 2.7248693E-002
 3.1050042E+001, 5.7878602E-001, 2.5889079E-002
 3.1100059E+001, 5.7891039E-001, 2.7103039E-002
 3.1150108E+001, 5.7903507E-001, 2.4527356E-002
 3.1200157E+001, 5.7915959E-001, 2.4125822E-002
 3.1250206E+001, 5.7928420E-001, 2.1074987E-002
 3.1300229E+001, 5.7940866E-001, 2.3713184E-002
 3.1350089E+001, 5.7953293E-001, 1.9457585E-002
 3.1400218E+001, 5.7965738E-001, 2.4859513E-002
 3.1450142E+001, 5.7978186E-001, 2.1515223E-002
 3.1500066E+001, 5.7990614E-001, 2.6763359E-002
 3.1550239E+001, 5.8003074E-001, 2.5730853E-002
 3.1600163E+001, 5.8015531E-001, 2.6323887E-002
 3.1650087E+001, 5.8027967E-001, 2.6147867E-002
 3.1700011E+001, 5.8040410E-001, 2.2233314E-002
 3.1750185E+001, 5.8052846E-001, 2.2115570E-002
 3.1800159E+001, 5.8065349E-001, 2.4975995E-002
 3.1850160E+001, 5.8077759E-001, 2.0054507E-002
 3.1900212E+001, 5.8090228E-001, 2.1547338E-002
 3.1950082E+001, 5.8102653E-001, 1.7573165E-002
 3.2000227E+001, 5.8115109E-001, 2.0348224E-002
 3.2050094E+001, 5.8127554E-001, 1.7603477E-002
 3.2100059E+001, 5.8139961E-001, 1.9797905E-002
 3.2150081E+001, 5.8152425E-001, 1.9770456E-002
 3.2200086E+001, 5.8164845E-001, 1.8185863E-002
 3.2250221E+001, 5.8177349E-001, 2.2665454E-002
 3.2300151E+001, 5.8189776E-001, 1.7230319E-002
 3.2350113E+001, 5.8202213E-001, 1.7213510E-002
 3.2400154E+001, 5.8214631E-001, 1.7272706E-002
 3.2450183E+001, 5.8227090E-001, 1.6857369E-002
 3.2500147E+001, 5.8239542E-001, 1.8396543E-002
 3.2550146E+001, 5.8251943E-001, 1.6730889E-002
 3.2600144E+001, 5.8264438E-001, 1.7574260E-002
 3.2650120E+001, 5.8276812E-001, 1.7547297E-002
 3.2700144E+001, 5.8289300E-001, 1.6704944E-002
 3.2750000E+001, 5.8301667E-001, 1.7711477E-002
 3.2800176E+001, 5.8314163E-001, 1.5981044E-002
 3.2850012E+001, 5.8326561E-001, 1.8383305E-002
 3.2900191E+001, 5.8339050E-001, 1.3980214E-002
 3.2950242E+001, 5.8351478E-001, 1.8403359E-002
 3.3000065E+001, 5.8363935E-001, 9.0836088E-003
 3.3050064E+001, 5.8376324E-001, 1.9240863E-002
 3.3100170E+001, 5.8388796E-001, 8.3840984E-003
 3.3150190E+001, 5.8401246E-001, 1.5894934E-002
 3.3200027E+001, 5.8413681E-001, 1.2464392E-002
 3.3250046E+001, 5.8426095E-001, 1.6326939E-002
 3.3300284E+001, 5.8438566E-001, 5.6885659E-003
 3.3350093E+001, 5.8451032E-001, 3.0009720E-003
 3.3400159E+001, 5.8463469E-001, 3.3746188E-003
 3.3450208E+001, 5.8475924E-001, 2.4634756E-003
 3.3500151E+001, 5.8488364E-001, 1.6825135E-003
 3.3550012E+001, 5.8500795E-001, 1.2558212E-003
 3.3600015E+001, 5.8513231E-001, 1.5682762E-003
 3.3650018E+001, 5.8525677E-001, 1.1954767E-003
 3.3700021E+001, 5.8538128E-001, 3.2398921E-004
 3.3750023E+001, 5.8550574E-001, 2.5298910E-005
 3.3800026E+001, 5.8563021E-001, 0.0000000E+000
 3.3850029E+001, 5.8575473E-001, 0.0000000E+000
 3.3900032E+001, 5.8587919E-001, 0.0000000E+000
 3.3950034E+001, 5.8600365E-001, 0.0000000E+000
 3.4000037E+001, 5.8612811E-001, 0.0000000E+000
 3.4050628E+001, 5.8625327E-001, 0.0000000E+000
 3.4100455E+001, 5.8637828E-001, 0.0000000E+000
 3.4150281E+001, 5.8650230E-001, 0.0000000E+000
 3.4200107E+001, 5.8662630E-001, 0.0000000E+000
 3.4250580E+001, 5.8675109E-001, 0.0000000E+000
 3.4300407E+001, 5.8687587E-001, 0.0000000E+000
 3.4350233E+001, 5.8699983E-001, 0.0000000E+000
 3.4400059E+001, 5.8712378E-001, 0.0000000E+000
 3.4450533E+001, 5.8724853E-001, 0.0000000E+000
 3.4500359E+001, 5.8737333E-001, 0.0000000E+000
 3.4550185E+001, 5.8749733E-001, 0.0000000E+000
 3.4600012E+001, 5.8762135E-001, 0.0000000E+000
 3.4650485E+001, 5.8774620E-001, 0.0000000E+000
 3.4700635E+001, 5.8785377E-001, 0.0000000E+000
 3.4750461E+001, 5.8785377E-001, 0.0000000E+000
 3.4800287E+001, 5.8785377E-001, 0.0000000E+000
 3.4850114E+001, 5.8785377E-001, 0.0000000E+000
 3.4900652E+001, 5.8785377E-001, 0.0000000E+000
 3.4950478E+001, 5.8785377E-001, 0.0000000E+000
 3.5000304E+001, 5.8785377E-001, 0.0000000E+000
 3.5050131E+001, 5.8785377E-001, 0.0000000E+000
 3.5100242E+001, 5.8785377E-001, 0.0000000E+000
 3.5150353E+001, 5.8785377E-001, 0.0000000E+000
 3.5200072E+001, 5.8785377E-001, 0.0000000E+000
 3.5250647E+001, 5.8785377E-001, 0.0000000E+000
 3.5300357E+001, 5.8785377E-001, 0.0000000E+000
 3.5350958E+001, 5.8785377E-001, 0.0000000E+000
 3.5400894E+001, 5.8785377E-001, 0.0000000E+000
 3.5450830E+001, 5.8785377E-001, 0.0000000E+000
 3.5500765E+001, 5.8785377E-001, 0.0000000E+000
 3.5550701E+001, 5.8785377E-001, 0.0000000E+000
 3.5600637E+001, 5.8785377E-001, 0.0000000E+000
 3.5650573E+001, 5.8785377E-001, 0.0000000E+000
 3.5700508E+001, 5.8785377E-001, 0.0000000E+000
 3.5750444E+001, 5.8785377E-001, 0.0000000E+000
 3.5800380E+001, 5.8785377E-001, 0.0000000E+000
 3.5850316E+001, 5.8785377E-001, 0.0000000E+000
 3.5900252E+001, 5.8785377E-001, 0.0000000E+000
 3.5950187E+001, 5.8785377E-001, 0.0000000E+000
 3.6000123E+001, 5.8785377E-001, 0.0000000E+000
 3.6050059E+001, 5.8785377E-001, 0.0000000E+000
 3.6101382E+001, 5.8785377E-001, 0.0000000E+000
 3.6151317E+001, 5.8785377E-001, 0.0000000E+000
 3.6201253E+001, 5.8785377E-001, 0.0000000E+000
 3.6251189E+001, 5.8785377E-001, 0.0000000E+000
 3.6301125E+001, 5.8785377E-001, 0.0000000E+000
 3.6351061E+001, 5.8785377E-001, 0.0000000E+000
 3.6400996E+001, 5.8785377E-001, 0.0000000E+000
 3.6450932E+001, 5.8785377E-001, 0.0000000E+000
 3.6500868E+001, 5.8785377E-001, 0.0000000E+000
 3.6550804E+001, 5.8785377E-001, 0.0000000E+000
 3.6600739E+001, 5.8785377E-001, 0.0000000E+000
 3.6650675E+001, 5.8785377E-001, 0.0000000E+000
 3.6700611E+001, 5.8785377E-001, 0.0000000E+000
 3.6750547E+001, 5.8785377E-001, 0.0000000E+000
 3.6800483E+001, 5.8785377E-001, 0.0000000E+000
 3.6850418E+001, 5.8785377E-001, 0.0000000E+000
 3.6900354E+001, 5.8785377E-001, 0.0000000E+000
 3.6950290E+001, 5.8785377E-001, 0.0000000E+000
 3.7000226E+001, 5.8785377E-001, 0.0000000E+000
 3.7050161E+001, 5.8785377E-001, 0.0000000E+000
 3.7100097E+001, 5.8785377E-001, 0.0000000E+000
 3.7150033E+001, 5.8785377E-001, 0.0000000E+000
 3.7201356E+001, 5.8785377E-001, 0.0000000E+000
 3.7251292E+001, 5.8785377E-001, 0.0000000E+000
 3.7301227E+001, 5.8785377E-001, 0.0000000E+000
 3.7351163E+001, 5.8785377E-001, 0.0000000E+000
 3.7401099E+001, 5.8785377E-001, 0.0000000E+000
 3.7451035E+001, 5.8785377E-001, 0.0000000E+000
 3.7500970E+001, 5.8785377E-001, 0.0000000E+000
 3.7550906E+001, 5.8785377E-001, 0.0000000E+000
 3.7600842E+001, 5.8785377E-001, 0.0000000E+000
 3.7650778E+001, 5.8785377E-001, 0.0000000E+000
 3.7700714E+001, 5.8785377E-001, 0.0000000E+000
 3.7750649E+001, 5.8785377E-001, 0.0000000E+000
 3.7800585E+001, 5.8785377E-001, 0.0000000E+000
 3.7850521E+001, 5.8785377E-001, 0.0000000E+000
 3.7900457E+001, 5.8785377E-001, 0.0000000E+000
 3.7950392E+001, 5.8785377E-001, 0.0000000E+000
 3.8000328E+001, 5.8785377E-001, 0.0000000E+000
 3.8050264E+001, 5.8785377E-001, 0.0000000E+000
 3.8100200E+001, 5.8785377E-001, 0.0000000E+000
 3.8150136E+001, 5.8785377E-001, 0.0000000E+000
 3.8200071E+001, 5.8785377E-001, 0.0000000E+000
 3.8250007E+001, 5.8785377E-001, 0.0000000E+000
 3.8301330E+001, 5.8785377E-001, 0.0000000E+000
 3.8351266E+001, 5.8785377E-001, 0.0000000E+000
 3.8401201E+001, 5.8785377E-001, 0.0000000E+000
 3.8451137E+001, 5.8785377E-001, 0.0000000E+000
 3.8501073E+001, 5.8785377E-001, 0.0000000E+000
 3.8551009E+001, 5.8785377E-001, 0.0000000E+000
 3.8600945E+001, 5.8785377E-001, 0.0000000E+000
 3.8650880E+001, 5.8785377E-001, 0.0000000E+000
 3.8700816E+001, 5.8785377E-001, 0.0000000E+000
 3.8750752E+001, 5.8785377E-001, 0.0000000E+000
 3.8800688E+001, 5.8785377E-001, 0.0000000E+000
 3.8850623E+001, 5.8785377E-001, 0.0000000E+000
 3.8900559E+001, 5.8785377E-001, 0.0000000E+000
 3.8950495E+001, 5.8785377E-001, 0.0000000E+000
 3.9000431E+001, 5.8785377E-001, 0.0000000E+000
 3.9050367E+001, 5.8785377E-001, 0.0000000E+000
 3.9100302E+001, 5.8785377E-001, 0.0000000E+000
 3.9150238E+001, 5.8785377E-001, 0.0000000E+000
 3.9200174E+001, 5.8785377E-001, 0.0000000E+000
 3.9250110E+001, 5.8785377E-001, 0.0000000E+000
 3.9300045E+001, 5.8785377E-001, 0.0000000E+000
 3.9351368E+001, 5.8785377E-001, 0.0000000E+000
 3.9401304E+001, 5.8785377E-001, 0.0000000E+000
 3.9451240E+001, 5.8785377E-001, 0.0000000E+000
 3.9501176E+001, 5.8785377E-001, 0.0000000E+000
 3.9551111E+001, 5.8785377E-001, 0.0000000E+000
 3.9601047E+001, 5.8785377E-001, 0.0000000E+000
 3.9650983E+001, 5.8785377E-001, 0.0000000E+000
 3.9700919E+001, 5.8785377E-001, 0.0000000E+000
 3.9750854E+001, 5.8785377E-001, 0.0000000E+000
 3.9800790E+001, 5.8785377E-001, 0.0000000E+000
 3.9850726E+001, 5.8785377E-001, 0.0000000E+000
 3.9900662E+001, 5.8785377E-001, 0.0000000E+000
 3.9950598E+001, 5.8785377E-001, 0.0000000E+000
 4.0000533E+001, 5.8785377E-001, 0.0000000E+000
 4.0050469E+001, 5.8785377E-001, 0.0000000E+000
 4.0100405E+001, 5.8785377E-001, 0.0000000E+000
 4.0150341E+001, 5.8785377E-001, 0.0000000E+000
 4.0200276E+001, 5.8785377E-001, 0.0000000E+000
 4.0250212E+001, 5.8785377E-001, 0.0000000E+000
 4.0300148E+001, 5.8785377E-001, 0.0000000E+000
 4.0350084E+001, 5.8785377E-001, 0.0000000E+000
 4.0400019E+001, 5.8785377E-001, 0.0000000E+000
 4.0451342E+001, 5.8785377E-001, 0.0000000E+000
 4.0501278E+001, 5.8785377E-001, 0.0000000E+000
 4.0551214E+001, 5.8785377E-001, 0.0000000E+000
 4.0601150E+001, 5.8785377E-001, 0.0000000E+000
 4.0651085E+001, 5.8785377E-001, 0.0000000E+000
 4.0701021E+001, 5.8785377E-001, 0.0000000E+000
 4.0750957E+001, 5.8785377E-001, 0.0000000E+000
 4.0800893E+001, 5.8785377E-001, 0.0000000E+000
 4.0850829E+001, 5.8785377E-001, 0.0000000E+000
 4.0900764E+001, 5.8785377E-001, 0.0000000E+000
 4.0950700E+001, 5.8785377E-001, 0.0000000E+000
 4.1000636E+001, 5.8785377E-001, 0.0000000E+000
 4.1050572E+001, 5.8785377E-001, 0.0000000E+000
 4.1100507E+001, 5.8785377E-001, 0.0000000E+000
 4.1150443E+001, 5.8785377E-001, 0.0000000E+000
 4.1200379E+001, 5.8785377E-001, 0.0000000E+000
 4.1250315E+001, 5.8785377E-001, 0.0000000E+000
 4.1300251E+001, 5.8785377E-001, 0.0000000E+000
 4.1350186E+001, 5.8785377E-001, 0.0000000E+000
 4.1400122E+001, 5.8785377E-001, 0.0000000E+000
 4.1450058E+001, 5.8785377E-001, 0.0000000E+000
 4.1501381E+001, 5.8785377E-001, 0.0000000E+000
 4.1551316E+001, 5.8785377E-001, 0.0000000E+000
 4.1601252E+001, 5.8785377E-001, 0.0000000E+000
 4.1651188E+001, 5.8785377E-001, 0.0000000E+000
 4.1701124E+001, 5.8785377E-001, 0.0000000E+000
 4.1751060E+001, 5.8785377E-001, 0.0000000E+000
 4.1800995E+001, 5.8785377E-001, 0.0000000E+000
 4.1850931E+001, 5.8785377E-001, 0.0000000E+000
 4.1900867E+001, 5.8785377E-001, 0.0000000E+000
 4.1950803E+001, 5.8785377E-001, 0.0000000E+000
 4.2000000E+001, 5.8785377E-001, 0.0000000E+000
