cm,m/s,m/s,m/s,m/s,m/s,m/s,m/s,m/s,m/s,m/s,m/s,m/s,m/s,m/s,m/s,m/s,m/s,m/s,m/s,m/s,m/s,m/s,K,K,K,K,K,K,K,K,K,K,K,m/s,m/s,m/s,m/s,m/s,m/s,m/s,m/s,m/s,m/s,m/s,m/s,m/s,m/s,m/s,m/s,m/s,m/s,m/s,m/s,m/s,m/s,C,C,C,C,C,C,C,C,C,C,C,m/s*m/s,m/s*m/s,m/s*m/s,m/s*m/s,m/s*m/s,m/s*m/s,m/s*m/s,m/s*m/s,m/s*m/s,m/s*m/s,m/s*m/s,m/s*C,m/s*C,m/s*C,m/s*C,m/s*C,m/s*C,m/s*C,m/s*C,m/s*C,m/s*C,m/s*C,m/s*C,m/s*C,m/s*C,m/s*C,m/s*C,m/s*C,m/s*C,m/s*C,m/s*C,m/s*C,m/s*C,cm,K,mol/mol,mol/mol,mol/mol,mol/mol,mol/mol,mol/mol
r,Up2,Up4,Up6,Up8,Up10,Up12,Up14,Up16,Up18,Up20,Up30,Wp2,Wp4,Wp6,Wp8,Wp10,Wp12,Wp14,Wp16,Wp18,Wp20,Wp30,Tp2,Tp4,Tp6,Tp8,Tp10,Tp12,Tp14,Tp16,Tp18,Tp20,Tp30,Urms2,Urms4,Urms6,Urms8,Urms10,Urms12,Urms14,Urms16,Urms18,Urms20,Urms30,Wrms2,Wrms4,Wrms6,Wrms8,Wrms10,Wrms12,Wrms14,Wrms16,Wrms18,Wrms20,Wrms30,Trms2,Trms4,Trms6,Trms8,Trms10,Trms12,Trms14,Trms16,Trms18,Trms20,Trms30,UW2,UW4,UW6,UW8,UW10,UW12,UW14,UW16,UW18,UW20,UW30,TW2,TW4,TW6,TW8,TW10,TW12,TW14,TW16,TW18,TW20,TW30,TU2,TU4,TU6,TU8,TU10,TU12,TU14,TU16,TU18,TU20,TU30,z,T_CL,X_O2,X_CO2,X_CO,X_FUEL,X_H2O,X_H2
-4.0000000E+000,-3.1716268E-001,-3.7638147E-001,-3.3207671E-001,-2.6275051E-001,-1.9840798E-001,-1.4266814E-001,-9.8192143E-002,-7.0362791E-002,-4.5085958E-002,-1.5795743E-002, 1.6034678E-002, 2.0300478E-001, 5.2629270E-001, 8.5521557E-001, 1.1443549E+000, 1.3640142E+000, 1.5286043E+000, 1.6649309E+000, 1.7768187E+000, 1.8750726E+000, 1.9620119E+000, 2.2933752E+000, 1.0824738E+003, 1.2379480E+003, 1.2378830E+003, 1.1897917E+003, 1.1157240E+003, 1.0521022E+003, 1.0056782E+003, 9.7729077E+002, 9.4836736E+002, 9.1304534E+002, 8.0636742E+002, 2.0362258E-001, 2.2093391E-001, 2.3671575E-001, 2.5743523E-001, 2.7735687E-001, 3.0482397E-001, 3.3523946E-001, 3.5651754E-001, 3.8753603E-001, 4.2546978E-001, 4.9454274E-001, 1.8762825E-001, 3.0898917E-001, 4.4921805E-001, 5.9102580E-001, 7.0111148E-001, 7.8261178E-001, 8.3449247E-001, 8.7354458E-001, 9.0892125E-001, 9.3559512E-001, 9.8836171E-001, 2.9600840E+002, 2.5810510E+002, 2.6294735E+002, 2.8105373E+002, 2.8904684E+002, 2.8935030E+002, 2.8824457E+002, 2.8962891E+002, 2.9065180E+002, 2.8997205E+002, 2.6458903E+002,-9.7375197E-003,-1.9340490E-002,-3.0885252E-002,-2.8684451E-002,-1.9506830E-003, 3.1062741E-002, 6.3114871E-002, 8.1994995E-002, 1.0973096E-001, 1.4133681E-001, 1.5768801E-001, 1.7254387E+001, 4.2290945E+001, 7.3410762E+001, 1.1090637E+002, 1.4155956E+002, 1.6140394E+002, 1.7342901E+002, 1.8057343E+002, 1.8888036E+002, 1.9472043E+002, 1.7253292E+002,-1.9356794E+001,-2.6714079E+000,-6.0643856E-001,-1.5492453E+000, 5.3626225E+000, 1.4552035E+001, 2.2594557E+001, 2.7583225E+001, 3.4632467E+001, 4.4879560E+001, 5.1199079E+001, 1.0000000E+000, 6.0515066E+002, 1.2377483E-002, 1.9156675E-002, 1.6638462E-002, 6.6068472E-001, 7.4006770E-002, 0.0000000E+000
-3.0000000E+000,-2.0058664E-001,-3.0407099E-001,-3.0082441E-001,-2.6316359E-001,-2.1643393E-001,-1.7184655E-001,-1.2876122E-001,-1.0040557E-001,-7.2663505E-002,-4.8349353E-002, 1.2600381E-002, 1.3291603E-001, 4.9584415E-001, 8.9488128E-001, 1.2575897E+000, 1.5542520E+000, 1.7964504E+000, 1.9934278E+000, 2.1419705E+000, 2.2577862E+000, 2.3589767E+000, 2.6641104E+000, 8.7464912E+002, 1.1681482E+003, 1.2765021E+003, 1.3030459E+003, 1.2836840E+003, 1.2533438E+003, 1.2153825E+003, 1.1846534E+003, 1.1438583E+003, 1.1010578E+003, 9.3841152E+002, 1.9289750E-001, 2.0350740E-001, 2.1594018E-001, 2.3244070E-001, 2.5738780E-001, 2.7761646E-001, 3.0358265E-001, 3.2583735E-001, 3.5808523E-001, 3.9498099E-001, 5.0802223E-001, 1.4267551E-001, 2.3700010E-001, 3.3234935E-001, 4.5385807E-001, 6.0124518E-001, 7.3371537E-001, 8.2656113E-001, 8.9987573E-001, 9.6108617E-001, 1.0012818E+000, 1.0988680E+000, 2.7179209E+002, 2.7273228E+002, 2.3790526E+002, 2.1931458E+002, 2.2992690E+002, 2.4243059E+002, 2.5672791E+002, 2.6593007E+002, 2.7496317E+002, 2.7823844E+002, 2.6589549E+002,-1.3251459E-002,-1.2486806E-002,-1.3502764E-002,-1.4329681E-002,-1.2104597E-002,-5.0085195E-004, 2.1875978E-002, 4.1472093E-002, 6.6606858E-002, 9.7126123E-002, 1.3825100E-001, 2.1156667E+001, 3.1048257E+001, 3.5046290E+001, 4.3616222E+001, 7.4339979E+001, 1.0375995E+002, 1.2704787E+002, 1.4367665E+002, 1.6391621E+002, 1.7638652E+002, 1.9074443E+002,-2.6641025E+001,-1.4841228E+001,-3.2127371E+000, 5.0436855E+000, 7.3384466E+000, 1.1195724E+001, 1.7376650E+001, 2.2021973E+001, 2.8739545E+001, 3.5875672E+001, 4.2248819E+001, 3.0000000E+000, 8.3545945E+002, 1.6009108E-002, 3.2934249E-002, 2.5972328E-002, 4.5986025E-001, 1.2163692E-001, 0.0000000E+000
-2.0000000E+000,-1.4775662E-001,-2.3418521E-001,-2.4863220E-001,-2.3840559E-001,-2.1786983E-001,-1.9237238E-001,-1.6368993E-001,-1.4313097E-001,-1.1514026E-001,-8.8160103E-002,-1.2984568E-002, 8.6224084E-002, 4.2326334E-001, 8.3283540E-001, 1.2279516E+000, 1.5746944E+000, 1.8633687E+000, 2.0971940E+000, 2.2819300E+000, 2.4337978E+000, 2.5627333E+000, 2.8870888E+000, 8.0378083E+002, 1.0534195E+003, 1.1764116E+003, 1.2480683E+003, 1.2841052E+003, 1.2902010E+003, 1.2785675E+003, 1.2601172E+003, 1.2343816E+003, 1.1971834E+003, 1.0249659E+003, 1.7095524E-001, 2.0450714E-001, 2.1056732E-001, 2.2352566E-001, 2.4114948E-001, 2.6289507E-001, 2.9098658E-001, 3.0873064E-001, 3.3257836E-001, 3.7481079E-001, 5.0953271E-001, 1.2713574E-001, 2.1121831E-001, 2.9332972E-001, 3.8803833E-001, 5.0000740E-001, 6.1845149E-001, 7.3144573E-001, 8.3106138E-001, 9.1624022E-001, 9.8222155E-001, 1.1667392E+000, 2.5968347E+002, 2.8123526E+002, 2.5547889E+002, 2.2696875E+002, 2.1394499E+002, 2.1245743E+002, 2.1244902E+002, 2.1919113E+002, 2.3029703E+002, 2.4524575E+002, 2.6240626E+002,-7.8425093E-003,-1.2149237E-002,-1.3743845E-002,-1.5241223E-002,-1.6839872E-002,-1.4991068E-002,-9.1440052E-003, 2.6659780E-003, 1.7335479E-002, 4.6207795E-002, 8.3448103E-002, 2.1608456E+001, 3.5782786E+001, 3.7130760E+001, 3.3854338E+001, 3.8728380E+001, 5.1018883E+001, 6.9987902E+001, 8.8012505E+001, 1.1250512E+002, 1.3983647E+002, 2.0261884E+002,-1.5814383E+001,-1.5729620E+001,-1.0964714E+001,-5.0340739E+000,-1.5921085E+000, 3.0266993E+000, 6.8650353E+000, 1.0143046E+001, 1.3666099E+001, 2.2431184E+001, 3.0229796E+001, 5.0000000E+000, 9.6765605E+002, 1.6702369E-002, 4.1060174E-002, 2.9711289E-002, 3.6038369E-001, 1.4606217E-001, 0.0000000E+000
-1.0000000E+000,-1.2507649E-001,-1.9291160E-001,-2.1729161E-001,-2.2360646E-001,-2.2164744E-001,-2.1272936E-001,-2.0306069E-001,-1.9379327E-001,-1.7451782E-001,-1.4553280E-001,-4.1300709E-002, 5.6742639E-002, 3.6332530E-001, 7.6365574E-001, 1.1625183E+000, 1.5318145E+000, 1.8546474E+000, 2.1275789E+000, 2.3538161E+000, 2.5367441E+000, 2.6875940E+000, 3.0326872E+000, 7.6943600E+002, 9.7553426E+002, 1.0941669E+003, 1.1699617E+003, 1.2267971E+003, 1.2604385E+003, 1.2793784E+003, 1.2852018E+003, 1.2813912E+003, 1.2598083E+003, 1.0885753E+003, 1.5946855E-001, 2.0710221E-001, 2.1576972E-001, 2.2458137E-001, 2.3963251E-001, 2.6264664E-001, 2.8899696E-001, 3.1080970E-001, 3.3997756E-001, 3.7477306E-001, 5.1991044E-001, 1.2215643E-001, 2.0480026E-001, 2.7326160E-001, 3.5638031E-001, 4.4732312E-001, 5.4868802E-001, 6.5692210E-001, 7.6163810E-001, 8.6323520E-001, 9.4878649E-001, 1.1996381E+000, 2.3107606E+002, 2.8094584E+002, 2.6892876E+002, 2.4603275E+002, 2.2501022E+002, 2.0597944E+002, 1.9515695E+002, 1.9848324E+002, 2.0764726E+002, 2.2140852E+002, 2.5539358E+002,-2.4246208E-003,-7.9917958E-003,-1.2705181E-002,-1.5454384E-002,-1.8859568E-002,-2.4880412E-002,-2.7864541E-002,-2.6884221E-002,-2.2517173E-002,-1.0280900E-002,-5.7093712E-003, 1.9185025E+001, 4.0276466E+001, 4.0474826E+001, 3.6515358E+001, 2.9499744E+001, 2.9815899E+001, 3.6280524E+001, 4.7643806E+001, 6.8394835E+001, 1.0194923E+002, 2.0483493E+002,-4.2014322E+000,-7.8991283E+000,-9.4921215E+000,-7.2425101E+000,-4.9979468E+000,-3.0379976E+000, 3.1227445E-001, 2.5262576E+000, 6.6161950E+000, 1.0332295E+001, 1.4059423E+001, 7.0000000E+000, 1.0555869E+003, 1.6130338E-002, 4.6838177E-002, 3.1910095E-002, 2.9789133E-001, 1.6244652E-001, 0.0000000E+000
-5.0000000E-003,-1.2488646E-001,-1.8728274E-001,-2.1508806E-001,-2.2608907E-001,-2.3099622E-001,-2.2885297E-001,-2.2490294E-001,-2.1812458E-001,-2.0374676E-001,-1.8031840E-001,-5.2053105E-002, 5.0019738E-002, 3.4960924E-001, 7.4530106E-001, 1.1426436E+000, 1.5188793E+000, 1.8522719E+000, 2.1340052E+000, 2.3717207E+000, 2.5623256E+000, 2.7150940E+000, 3.0833954E+000, 7.5994680E+002, 9.5568670E+002, 1.0615881E+003, 1.1380786E+003, 1.2027922E+003, 1.2473018E+003, 1.2741320E+003, 1.2871004E+003, 1.2900578E+003, 1.2735732E+003, 1.1096916E+003, 1.6637114E-001, 2.1666061E-001, 2.2604065E-001, 2.3317282E-001, 2.4550637E-001, 2.6665749E-001, 2.9116277E-001, 3.1143840E-001, 3.4243402E-001, 3.8228330E-001, 5.3125386E-001, 1.2329618E-001, 2.0353330E-001, 2.7016147E-001, 3.4845543E-001, 4.3179409E-001, 5.2267376E-001, 6.2847257E-001, 7.3143035E-001, 8.4003693E-001, 9.4332220E-001, 1.2023966E+000, 2.2192380E+002, 2.7499582E+002, 2.6343064E+002, 2.4861756E+002, 2.3152731E+002, 2.1132669E+002, 1.9502230E+002, 1.9095890E+002, 1.9234327E+002, 2.0739312E+002, 2.5051693E+002,-2.9316569E-004,-5.4898971E-003,-9.7703727E-003,-1.3502468E-002,-1.8566421E-002,-2.6381274E-002,-3.4336263E-002,-3.9225145E-002,-3.8023237E-002,-3.6434716E-002,-5.3457891E-002, 1.8539955E+001, 3.9983189E+001, 4.2401320E+001, 4.0226776E+001, 3.2366070E+001, 2.5632881E+001, 2.7275557E+001, 3.3381732E+001, 5.2443617E+001, 9.0525516E+001, 2.0279732E+002,-6.8555826E-001,-5.0177233E+000,-6.5375690E+000,-5.9469987E+000,-4.8604590E+000,-3.8080362E+000,-1.9005974E+000, 1.6068513E-001, 3.5379500E+000, 5.4837656E+000, 5.6070529E+000, 9.0000000E+000, 1.1105184E+003, 1.6594215E-002, 5.0483011E-002, 3.2630227E-002, 2.5904640E-001, 1.7145476E-001, 0.0000000E+000
 1.0000000E+000,-3.7481155E-002,-8.1975960E-002,-8.5268610E-002,-7.5268064E-002,-5.2830952E-002,-2.8576408E-002,-2.8644498E-003, 1.7655150E-002, 3.9854743E-002, 6.0130977E-002, 4.8601617E-002, 6.0703650E-002, 3.5602756E-001, 7.3992842E-001, 1.1281857E+000, 1.4810084E+000, 1.7972459E+000, 2.0751757E+000, 2.3063235E+000, 2.5012887E+000, 2.6596747E+000, 3.0529697E+000, 7.5655130E+002, 9.4512413E+002, 1.0507670E+003, 1.1294477E+003, 1.1810161E+003, 1.2173527E+003, 1.2444024E+003, 1.2572067E+003, 1.2698374E+003, 1.2626636E+003, 1.1193565E+003, 1.5720684E-001, 2.0093254E-001, 2.2299670E-001, 2.3972463E-001, 2.5394907E-001, 2.7322240E-001, 2.9855930E-001, 3.1738214E-001, 3.4888624E-001, 3.9461189E-001, 5.2162982E-001, 1.2571213E-001, 2.1277062E-001, 2.9455484E-001, 3.7825148E-001, 4.6996104E-001, 5.6073863E-001, 6.4786707E-001, 7.5021461E-001, 8.5337782E-001, 9.4865287E-001, 1.2150386E+000, 2.2011878E+002, 2.6961933E+002, 2.5885814E+002, 2.4577826E+002, 2.3027948E+002, 2.1372991E+002, 2.0469301E+002, 2.0161129E+002, 2.0081251E+002, 2.0560897E+002, 2.5584602E+002,-7.7967573E-003,-1.2516362E-002,-1.5916428E-002,-1.5478587E-002,-1.1594796E-002,-1.2725706E-003, 1.2356979E-002, 2.3789450E-002, 4.7095043E-002, 8.5044194E-002, 1.5414372E-001, 1.8005922E+001, 3.7589697E+001, 4.4768499E+001, 4.3783473E+001, 4.0233288E+001, 3.8847181E+001, 4.0398743E+001, 4.7745271E+001, 6.3172153E+001, 9.1952942E+001, 2.1209919E+002,-1.3986784E+001,-1.7208330E+001,-1.7101176E+001,-1.4253727E+001,-1.1312804E+001,-6.3843033E+000,-9.4827219E-001, 2.3230049E+000, 5.0823321E+000, 1.2083884E+001, 2.4392292E+001, 1.1000000E+001, 1.1732691E+003, 1.8375585E-002, 5.4524445E-002, 3.2832291E-002, 2.1394755E-001, 1.8027841E-001, 0.0000000E+000
 2.0000000E+000,-9.7229804E-002,-1.7959393E-001,-1.8915853E-001,-1.6820630E-001,-1.3013664E-001,-8.4624204E-002,-3.8032889E-002,-8.8670875E-003, 1.4008371E-002, 3.4836194E-002, 4.8230453E-002, 9.3154805E-002, 4.1539446E-001, 7.9859115E-001, 1.1696199E+000, 1.4974976E+000, 1.7772089E+000, 2.0097352E+000, 2.1979915E+000, 2.3440016E+000, 2.4760858E+000, 2.8857415E+000, 8.1146141E+002, 1.0317754E+003, 1.1445455E+003, 1.1979729E+003, 1.2272839E+003, 1.2365897E+003, 1.2360914E+003, 1.2346791E+003, 1.2224783E+003, 1.2011283E+003, 1.0808453E+003, 1.7572237E-001, 2.0640125E-001, 2.2144706E-001, 2.3764047E-001, 2.5427091E-001, 2.8185332E-001, 3.1680839E-001, 3.4333753E-001, 3.7573052E-001, 4.1722631E-001, 5.3796683E-001, 1.4703426E-001, 2.4499020E-001, 3.4206912E-001, 4.5503522E-001, 5.6391790E-001, 6.6494734E-001, 7.6277695E-001, 8.5493655E-001, 9.5016581E-001, 1.0233216E+000, 1.2291826E+000, 2.4617906E+002, 2.9124302E+002, 2.7638973E+002, 2.5248712E+002, 2.3771940E+002, 2.2579063E+002, 2.1837251E+002, 2.1805132E+002, 2.2259175E+002, 2.3239269E+002, 2.7048265E+002,-1.1470990E-002,-1.9259012E-002,-2.1323873E-002,-1.8446416E-002,-9.7796382E-003, 7.2626337E-003, 2.9522715E-002, 5.2953580E-002, 9.7147282E-002, 1.4327823E-001, 2.4184730E-001, 1.9703743E+001, 4.2168700E+001, 4.9137309E+001, 5.5515082E+001, 6.0879054E+001, 6.7357544E+001, 7.7167393E+001, 8.6334395E+001, 1.0727943E+002, 1.3530627E+002, 2.3213429E+002,-2.2509228E+001,-2.4143498E+001,-1.9253043E+001,-1.1494951E+001,-6.0520222E+000,-4.4937505E-001, 5.4697455E+000, 1.0013645E+001, 1.7083696E+001, 2.4715578E+001, 4.5462918E+001, 1.3000000E+001, 1.2390079E+003, 2.2761823E-002, 5.8506339E-002, 3.1735903E-002, 1.6569074E-001, 1.8643701E-001, 0.0000000E+000
 3.0000000E+000,-1.7899666E-001,-2.7596308E-001,-2.7213060E-001,-2.3111351E-001,-1.7581038E-001,-1.1450704E-001,-5.6094665E-002,-2.3135889E-002, 2.6149337E-003, 2.4029885E-002, 4.1585532E-002, 1.4469170E-001, 4.8226181E-001, 8.4828852E-001, 1.1798267E+000, 1.4650106E+000, 1.6922188E+000, 1.8717915E+000, 2.0261100E+000, 2.1542312E+000, 2.2555865E+000, 2.6564368E+000, 9.2343835E+002, 1.1536043E+003, 1.2348862E+003, 1.2451266E+003, 1.2314043E+003, 1.2064046E+003, 1.1806411E+003, 1.1626332E+003, 1.1362124E+003, 1.1073394E+003, 1.0021961E+003, 1.9217212E-001, 2.1412362E-001, 2.2547363E-001, 2.3954685E-001, 2.6348701E-001, 2.9997504E-001, 3.3748244E-001, 3.6534381E-001, 4.0285243E-001, 4.3935952E-001, 5.4542428E-001, 1.7386455E-001, 2.8534877E-001, 4.0463631E-001, 5.4257311E-001, 6.6046355E-001, 7.7459464E-001, 8.7389896E-001, 9.4834346E-001, 1.0041012E+000, 1.0536396E+000, 1.2000389E+000, 2.9471643E+002, 2.9411291E+002, 2.6971176E+002, 2.7169514E+002, 2.6691016E+002, 2.6500060E+002, 2.6564579E+002, 2.6464508E+002, 2.6253916E+002, 2.6560650E+002, 2.8133429E+002,-1.2164365E-002,-1.9046036E-002,-2.2426351E-002,-1.7215625E-002, 1.1057973E-003, 2.6013822E-002, 6.5778930E-002, 9.9867294E-002, 1.4576746E-001, 1.9602971E-001, 2.8217516E-001, 2.4093057E+001, 4.2418531E+001, 5.7277518E+001, 8.6773291E+001, 1.0659940E+002, 1.2735134E+002, 1.4607282E+002, 1.5415904E+002, 1.6295574E+002, 1.7402451E+002, 2.4176471E+002,-2.5219181E+001,-1.2645080E+001,-1.3573043E+000, 9.8858826E-001, 6.2626521E+000, 1.1601426E+001, 2.0892817E+001, 2.7241716E+001, 3.4660901E+001, 4.3110177E+001, 5.9456821E+001, 1.4995000E+001, 1.2644089E+003, 2.6836135E-002, 5.9951350E-002, 3.0588363E-002, 1.4135701E-001, 1.8724511E-001, 0.0000000E+000
 4.0000000E+000,-2.5829332E-001,-3.3953274E-001,-3.1386581E-001,-2.5873886E-001,-1.9009293E-001,-1.1998411E-001,-6.7200640E-002,-3.8348121E-002,-1.0213070E-002, 9.4910069E-003, 2.3211992E-002, 1.8563476E-001, 5.1339837E-001, 8.3320628E-001, 1.1046893E+000, 1.3039552E+000, 1.4620893E+000, 1.6146963E+000, 1.7418137E+000, 1.8550561E+000, 1.9556535E+000, 2.3678768E+000, 1.0350406E+003, 1.2008647E+003, 1.2184051E+003, 1.1636531E+003, 1.1012876E+003, 1.0541935E+003, 1.0320861E+003, 1.0183571E+003, 9.9898199E+002, 9.7475033E+002, 9.0362085E+002, 2.1166605E-001, 2.2883387E-001, 2.3805481E-001, 2.4800418E-001, 2.8221883E-001, 3.2245745E-001, 3.6359439E-001, 3.9368682E-001, 4.2966073E-001, 4.6355807E-001, 5.4507064E-001, 2.0771001E-001, 3.4424626E-001, 4.8784815E-001, 6.1885587E-001, 7.4810621E-001, 8.4263706E-001, 8.9141494E-001, 9.3517098E-001, 9.6876978E-001, 1.0032221E+000, 1.1431441E+000, 2.9430146E+002, 2.7790133E+002, 2.9648011E+002, 3.0527243E+002, 3.0852150E+002, 3.0420376E+002, 2.9903878E+002, 2.9793355E+002, 2.9546358E+002, 2.9378789E+002, 2.9414909E+002,-1.2693128E-002,-2.4656796E-002,-3.3483901E-002,-2.2938733E-002, 8.9592366E-004, 3.9241798E-002, 8.4816558E-002, 1.1959735E-001, 1.6087584E-001, 1.9792530E-001, 2.8131442E-001, 2.0994040E+001, 5.2973078E+001, 9.3203864E+001, 1.2779829E+002, 1.6347140E+002, 1.8422995E+002, 1.8896250E+002, 1.9325473E+002, 1.9672111E+002, 2.0176333E+002, 2.4059641E+002,-1.7264929E+001,-3.3520654E+000,-1.7271419E+000, 1.0320434E+000, 6.7277978E+000, 1.6431288E+001, 3.0540089E+001, 3.8223210E+001, 4.7122333E+001, 5.5544833E+001, 6.5669467E+001, 1.7000000E+001, 1.2869434E+003, 3.3787572E-002, 6.1041300E-002, 2.8476991E-002, 1.1285380E-001, 1.8547320E-001, 0.0000000E+000
 5.0000000E+000,-3.0287161E-001,-3.5693075E-001,-3.2056293E-001,-2.5797042E-001,-1.9105832E-001,-1.3359052E-001,-8.6142029E-002,-5.8419999E-002,-3.3601757E-002,-1.7654877E-002, 3.0765675E-003, 2.1432818E-001, 5.1871895E-001, 7.9053121E-001, 9.8702023E-001, 1.1304435E+000, 1.2527304E+000, 1.3608292E+000, 1.4659388E+000, 1.5657210E+000, 1.6510351E+000, 2.0459098E+000, 1.1113585E+003, 1.1839646E+003, 1.1271235E+003, 1.0283738E+003, 9.4760906E+002, 9.0151897E+002, 8.8243646E+002, 8.7236726E+002, 8.6233875E+002, 8.5389945E+002, 8.0270590E+002, 2.4217412E-001, 2.4651418E-001, 2.4409038E-001, 2.6346266E-001, 2.9467749E-001, 3.3851783E-001, 3.8330738E-001, 4.1255568E-001, 4.4642539E-001, 4.7468883E-001, 5.3407567E-001, 2.3495642E-001, 3.9116195E-001, 5.2346694E-001, 6.5801455E-001, 7.5188662E-001, 8.0229993E-001, 8.3356692E-001, 8.5828145E-001, 8.8117686E-001, 9.0469259E-001, 1.0239149E+000, 2.7779169E+002, 2.9174471E+002, 3.0578373E+002, 3.1825916E+002, 3.0884823E+002, 2.9781316E+002, 2.9326790E+002, 2.9516533E+002, 2.9650308E+002, 2.9406941E+002, 2.9152886E+002,-1.4229617E-002,-3.3176161E-002,-3.6187168E-002,-2.4693124E-002, 7.0500917E-003, 4.9230376E-002, 8.9785870E-002, 1.1694690E-001, 1.4492686E-001, 1.7599205E-001, 2.4257591E-001, 2.3147585E+001, 7.5812221E+001, 1.1128467E+002, 1.5276958E+002, 1.7507991E+002, 1.8184594E+002, 1.7966076E+002, 1.8085409E+002, 1.8217536E+002, 1.8123710E+002, 2.1080344E+002,-8.2093813E+000,-7.3835361E+000,-8.6241680E+000,-8.5143871E+000, 8.8758752E-001, 1.5366271E+001, 3.0934546E+001, 3.9534862E+001, 4.8628661E+001, 5.6637937E+001, 6.5851822E+001, 1.9000000E+001, 1.2946141E+003, 4.2690867E-002, 6.1085561E-002, 2.5707367E-002, 8.8555755E-002, 1.8028191E-001, 0.0000000E+000
 6.0000000E+000,-3.0933731E-001,-3.4783937E-001,-3.0253308E-001,-2.4412432E-001,-1.9196713E-001,-1.4628543E-001,-1.0900778E-001,-8.8861752E-002,-6.3154400E-002,-4.7721658E-002,-1.7628658E-002, 2.2928069E-001, 5.1231157E-001, 7.4447576E-001, 9.2118823E-001, 1.0331949E+000, 1.1231890E+000, 1.1978614E+000, 1.2756368E+000, 1.3501447E+000, 1.4171424E+000, 1.7550493E+000, 1.1408244E+003, 1.1421223E+003, 1.0459127E+003, 9.4526300E+002, 8.6636637E+002, 8.1713001E+002, 7.8693267E+002, 7.7418681E+002, 7.6391572E+002, 7.5390480E+002, 7.1410622E+002, 2.7745390E-001, 2.6104674E-001, 2.6209571E-001, 2.8109583E-001, 3.1652181E-001, 3.5808022E-001, 3.9847025E-001, 4.2376430E-001, 4.5185405E-001, 4.7778592E-001, 5.2276002E-001, 2.5885384E-001, 4.2204008E-001, 5.5712438E-001, 6.6305588E-001, 7.2071406E-001, 7.4168182E-001, 7.5980296E-001, 7.7333390E-001, 7.8837174E-001, 8.0562108E-001, 8.9909596E-001, 2.7482040E+002, 3.0978021E+002, 3.1669622E+002, 3.1433140E+002, 2.9791377E+002, 2.8375230E+002, 2.8221183E+002, 2.8493678E+002, 2.8606637E+002, 2.8638455E+002, 2.7962540E+002,-1.7294509E-002,-3.4793922E-002,-3.3363222E-002,-4.6416774E-003, 3.3429826E-002, 6.0087165E-002, 8.5096269E-002, 1.0201745E-001, 1.1770552E-001, 1.3458778E-001, 1.9767304E-001, 3.3506420E+001, 9.0863844E+001, 1.2658951E+002, 1.5633038E+002, 1.6289921E+002, 1.5874366E+002, 1.5778820E+002, 1.5743867E+002, 1.5651532E+002, 1.5643352E+002, 1.6834789E+002,-7.0969391E+000,-7.9003764E+000,-1.4032078E+001,-7.6948037E+000, 5.9686358E+000, 1.8701695E+001, 2.9624973E+001, 3.8283505E+001, 4.6336066E+001, 5.3784998E+001, 6.3288839E+001, 2.1000000E+001, 1.2865078E+003, 5.2826089E-002, 6.0230859E-002, 2.2562820E-002, 6.8715755E-002, 1.7252228E-001, 0.0000000E+000
 7.0000000E+000,-2.9028403E-001,-3.2887179E-001,-2.8814736E-001,-2.4078162E-001,-1.9308957E-001,-1.5915332E-001,-1.3327425E-001,-1.1255318E-001,-9.0974286E-002,-7.4594253E-002,-4.6278563E-002, 2.4194093E-001, 5.1517612E-001, 7.1819039E-001, 8.6707291E-001, 9.7942374E-001, 1.0490705E+000, 1.1020698E+000, 1.1463681E+000, 1.1924965E+000, 1.2416990E+000, 1.5015861E+000, 1.1481406E+003, 1.1064549E+003, 9.8709183E+002, 8.9753708E+002, 8.4068298E+002, 7.8538150E+002, 7.4257016E+002, 7.2362201E+002, 7.0306323E+002, 6.8500163E+002, 6.4559806E+002, 3.0718870E-001, 2.8130125E-001, 2.7072165E-001, 2.9206875E-001, 3.3563922E-001, 3.7853281E-001, 4.1079638E-001, 4.3151959E-001, 4.5290561E-001, 4.7034906E-001, 5.0832102E-001, 2.7054642E-001, 4.3568531E-001, 5.7316265E-001, 6.4590323E-001, 6.7941000E-001, 6.9385721E-001, 6.9357114E-001, 6.9937777E-001, 7.0638681E-001, 7.1972962E-001, 7.9588924E-001, 2.7987817E+002, 3.1901131E+002, 3.1759407E+002, 3.0893086E+002, 2.9873301E+002, 2.8815560E+002, 2.7988061E+002, 2.7830592E+002, 2.7990001E+002, 2.8313198E+002, 2.6883861E+002,-1.9436870E-002,-3.4175752E-002,-2.3271008E-002, 2.3940968E-002, 6.0824475E-002, 8.1459547E-002, 8.8751525E-002, 8.9700270E-002, 9.2442698E-002, 9.3596124E-002, 1.4865716E-001, 4.2852321E+001, 9.3294730E+001, 1.3395753E+002, 1.4976410E+002, 1.5282383E+002, 1.4754675E+002, 1.4164612E+002, 1.3868985E+002, 1.3638251E+002, 1.3585919E+002, 1.3315407E+002,-5.3334853E+000,-1.1337343E+001,-1.6500483E+001,-5.2399998E-001, 1.5037829E+001, 2.5545946E+001, 3.3340918E+001, 3.8052735E+001, 4.3567814E+001, 4.9225451E+001, 5.3685016E+001, 2.3000000E+001, 1.2622194E+003, 6.4120662E-002, 5.8315289E-002, 1.9358007E-002, 5.2951071E-002, 1.6249978E-001, 0.0000000E+000
 8.0000000E+000,-2.6857243E-001,-3.1269465E-001,-2.8765186E-001,-2.5092038E-001,-2.1011910E-001,-1.7594955E-001,-1.4294662E-001,-1.2295023E-001,-1.0452743E-001,-9.3655929E-002,-6.9609694E-002, 2.6270664E-001, 5.2029694E-001, 7.0078488E-001, 8.4106445E-001, 9.3228879E-001, 9.8951879E-001, 1.0214601E+000, 1.0506978E+000, 1.0751074E+000, 1.0911005E+000, 1.2965099E+000, 1.1600191E+003, 1.0737400E+003, 9.4931959E+002, 8.7723209E+002, 8.1947914E+002, 7.6317315E+002, 7.1500132E+002, 6.8830458E+002, 6.6711187E+002, 6.3953919E+002, 5.9939150E+002, 3.3207532E-001, 2.9575711E-001, 2.7415947E-001, 3.0222036E-001, 3.4446169E-001, 3.8480014E-001, 4.2345063E-001, 4.4384338E-001, 4.6013647E-001, 4.6798470E-001, 4.8742717E-001, 2.7193785E-001, 4.4545258E-001, 5.5757944E-001, 6.0837914E-001, 6.3218986E-001, 6.4489071E-001, 6.4892713E-001, 6.4348000E-001, 6.4390141E-001, 6.4670807E-001, 7.0009411E-001, 2.8486462E+002, 3.1275304E+002, 3.1343672E+002, 3.0783487E+002, 3.0492616E+002, 2.9761940E+002, 2.8925062E+002, 2.8372560E+002, 2.8223495E+002, 2.7803944E+002, 2.6204379E+002,-1.6724961E-002,-3.1318236E-002, 7.8416797E-003, 5.4167763E-002, 8.1705741E-002, 9.4902363E-002, 9.6473544E-002, 9.1084285E-002, 7.8092568E-002, 6.9129179E-002, 9.5154342E-002, 4.2262901E+001, 9.5022832E+001, 1.2653196E+002, 1.3513507E+002, 1.4078716E+002, 1.4106578E+002, 1.3552237E+002, 1.2950116E+002, 1.2376284E+002, 1.1953666E+002, 1.0932281E+002, 4.8863868E-001,-1.7476427E+001,-8.6575157E+000, 1.2914770E+001, 2.6459791E+001, 3.4841788E+001, 4.1292205E+001, 4.4812397E+001, 4.6015256E+001, 4.6456761E+001, 4.3923672E+001, 2.5000000E+001, 1.2276387E+003, 7.5469284E-002, 5.5734228E-002, 1.6418254E-002, 4.0915482E-002, 1.5164801E-001, 0.0000000E+000
 9.0000000E+000,-2.5103723E-001,-3.1253325E-001,-3.0210938E-001,-2.6618491E-001,-2.2443217E-001,-1.8771912E-001,-1.5389751E-001,-1.3099589E-001,-1.1084680E-001,-1.0067255E-001,-8.5418102E-002, 2.7966164E-001, 5.1720051E-001, 6.8364710E-001, 7.9703977E-001, 8.7847208E-001, 9.2079800E-001, 9.4424290E-001, 9.5698804E-001, 9.5864807E-001, 9.6022543E-001, 1.1186652E+000, 1.1788697E+003, 1.0396417E+003, 9.2809364E+002, 8.5153977E+002, 7.8693634E+002, 7.2841112E+002, 6.9074649E+002, 6.6754596E+002, 6.4262024E+002, 6.1471861E+002, 5.6981946E+002, 3.5067269E-001, 2.9265566E-001, 2.7063161E-001, 2.9903851E-001, 3.4186353E-001, 3.8168948E-001, 4.2771885E-001, 4.5258179E-001, 4.7365533E-001, 4.7289328E-001, 4.6852736E-001, 2.8419251E-001, 4.5136034E-001, 5.3403957E-001, 5.8296740E-001, 6.1596122E-001, 6.2014520E-001, 6.1554119E-001, 6.0441848E-001, 5.9214715E-001, 5.8165872E-001, 6.3824915E-001, 2.8848003E+002, 3.1114562E+002, 3.1390891E+002, 3.2493387E+002, 3.1853688E+002, 3.0818054E+002, 2.9812324E+002, 2.9118565E+002, 2.8512444E+002, 2.7375177E+002, 2.5488805E+002,-1.1847174E-002,-1.4541847E-002, 3.6170628E-002, 7.5625012E-002, 1.0017816E-001, 1.0787062E-001, 1.0297176E-001, 9.6677704E-002, 8.2515069E-002, 6.1050084E-002, 6.4362720E-002, 4.4730394E+001, 9.6416526E+001, 1.1926364E+002, 1.3851704E+002, 1.4276573E+002, 1.3571567E+002, 1.2712393E+002, 1.1982877E+002, 1.1052788E+002, 1.0218250E+002, 9.0595743E+001, 7.3028303E+000,-1.5131943E+001, 8.3536694E+000, 2.8374183E+001, 3.7172554E+001, 4.1093197E+001, 4.4117543E+001, 4.6498053E+001, 4.9149336E+001, 4.5970152E+001, 3.6649690E+001, 2.7000000E+001, 1.1951016E+003, 8.5352641E-002, 5.3309387E-002, 1.3952625E-002, 3.1331290E-002, 1.4202526E-001, 0.0000000E+000
 1.0000000E+001,-2.4752439E-001,-3.2234416E-001,-3.1401619E-001,-2.7206441E-001,-2.2550451E-001,-1.8984886E-001,-1.5846583E-001,-1.3830651E-001,-1.1291676E-001,-9.7574764E-002,-9.8195789E-002, 2.7812084E-001, 4.8494597E-001, 6.2635973E-001, 7.2315373E-001, 7.8083877E-001, 8.1584853E-001, 8.3021467E-001, 8.3891951E-001, 8.4269881E-001, 8.4882183E-001, 9.7223709E-001, 1.1727703E+003, 9.9216876E+002, 8.7818516E+002, 7.9679788E+002, 7.3377335E+002, 6.8278361E+002, 6.5170979E+002, 6.3835888E+002, 6.2188560E+002, 6.0773955E+002, 5.4975343E+002, 3.5460878E-001, 2.7439696E-001, 2.5089053E-001, 2.8781748E-001, 3.4099441E-001, 3.9326581E-001, 4.3258372E-001, 4.5294031E-001, 4.7614589E-001, 4.8211144E-001, 4.5886613E-001, 2.9937247E-001, 4.5343961E-001, 5.2108625E-001, 5.8584097E-001, 6.1325667E-001, 6.1476418E-001, 5.9693365E-001, 5.6862625E-001, 5.4522374E-001, 5.3839079E-001, 6.0469942E-001, 3.0470613E+002, 3.3100919E+002, 3.4167577E+002, 3.5105561E+002, 3.4035835E+002, 3.1959780E+002, 3.0141501E+002, 2.9135579E+002, 2.7968111E+002, 2.7345821E+002, 2.4731914E+002,-7.4700831E-003, 5.5141029E-003, 5.2642406E-002, 8.7693651E-002, 1.1497244E-001, 1.2409874E-001, 1.1259514E-001, 1.0110997E-001, 8.1419966E-002, 5.9283866E-002, 5.3335765E-002, 5.2251261E+001, 1.0679391E+002, 1.3322177E+002, 1.5752184E+002, 1.5688263E+002, 1.4397511E+002, 1.2254693E+002, 1.0636364E+002, 9.2163224E+001, 8.3782297E+001, 8.2825483E+001, 5.3604261E+000,-3.2236394E+000, 2.3452946E+001, 4.0570753E+001, 4.8974323E+001, 4.9201278E+001, 4.7568901E+001, 4.4334240E+001, 4.4197704E+001, 4.3291980E+001, 3.2366080E+001, 2.9000000E+001, 1.1577645E+003, 9.5104831E-002, 5.0655124E-002, 1.1545747E-002, 2.3973893E-002, 1.3204373E-001, 0.0000000E+000
 1.1000000E+001,-2.4853513E-001,-3.2938566E-001,-3.1831689E-001,-2.7274072E-001,-2.2721092E-001,-1.9102917E-001,-1.5913592E-001,-1.3980979E-001,-1.1197660E-001,-9.8059797E-002,-1.0371983E-001, 2.7008381E-001, 4.5948291E-001, 5.9178976E-001, 6.8183372E-001, 7.2762313E-001, 7.5605105E-001, 7.7334563E-001, 7.8183426E-001, 7.8910088E-001, 7.9325606E-001, 9.0800319E-001, 1.1574469E+003, 9.5135066E+002, 8.4259338E+002, 7.6551064E+002, 7.0026937E+002, 6.5988583E+002, 6.3633138E+002, 6.2599478E+002, 6.1581348E+002, 6.0295945E+002, 5.4337563E+002, 3.5055214E-001, 2.5902364E-001, 2.3967223E-001, 2.8141369E-001, 3.4293265E-001, 3.9730252E-001, 4.3575523E-001, 4.5366431E-001, 4.7735548E-001, 4.8278902E-001, 4.5573705E-001, 3.0134870E-001, 4.4140957E-001, 5.2385786E-001, 5.8672711E-001, 6.0370774E-001, 6.0265400E-001, 5.9052452E-001, 5.6330312E-001, 5.3581449E-001, 5.2738429E-001, 5.9010658E-001, 3.1128246E+002, 3.3380464E+002, 3.6108103E+002, 3.6603091E+002, 3.4695165E+002, 3.2415904E+002, 3.0824907E+002, 2.9468017E+002, 2.7903303E+002, 2.7161056E+002, 2.4392858E+002,-6.0308358E-003, 1.6710540E-002, 5.4566627E-002, 9.1558719E-002, 1.2131425E-001, 1.2733549E-001, 1.1883313E-001, 1.0455421E-001, 8.4144311E-002, 5.9211360E-002, 4.6860175E-002, 5.4650661E+001, 1.0738031E+002, 1.4550648E+002, 1.6562729E+002, 1.6140166E+002, 1.4395418E+002, 1.2390384E+002, 1.0476008E+002, 8.6030929E+001, 7.6749256E+001, 7.8024597E+001, 1.9806301E+000, 4.1060299E+000, 2.7504392E+001, 4.2577499E+001, 5.1891308E+001, 5.1483480E+001, 5.1064380E+001, 4.5588443E+001, 4.1825596E+001, 4.0555732E+001, 3.0499418E+001, 3.1000000E+001, 1.1130398E+003, 1.0476385E-001, 4.7568161E-002, 9.5040298E-003, 1.8345745E-002, 1.2191135E-001, 0.0000000E+000
 1.2000000E+001,-2.5000667E-001,-3.5570847E-001,-3.2004421E-001,-2.6158218E-001,-2.1829603E-001,-1.8845316E-001,-1.6162130E-001,-1.4438383E-001,-1.2101543E-001,-9.5162041E-002,-1.1382394E-001, 2.1725614E-001, 3.7708686E-001, 4.6641883E-001, 4.8411326E-001, 5.1239730E-001, 5.4990282E-001, 5.7959232E-001, 5.9794350E-001, 6.2038801E-001, 6.4037585E-001, 7.0506053E-001, 1.0610471E+003, 8.3792744E+002, 7.0567449E+002, 6.2052466E+002, 5.9669765E+002, 5.8564294E+002, 5.8130176E+002, 5.8425417E+002, 5.8529623E+002, 5.7312181E+002, 5.1597962E+002, 3.1378417E-001, 2.0198139E-001, 2.1069329E-001, 2.7883529E-001, 3.4942755E-001, 4.0628104E-001, 4.2996952E-001, 4.4548641E-001, 4.6120460E-001, 4.7199397E-001, 4.3304119E-001, 2.8137538E-001, 4.1114831E-001, 4.8431219E-001, 5.0460995E-001, 5.1022561E-001, 5.1568760E-001, 5.0547380E-001, 5.0694798E-001, 4.9667490E-001, 4.9167716E-001, 5.3508866E-001, 3.2717943E+002, 3.8971311E+002, 3.8219944E+002, 3.4536765E+002, 3.2413132E+002, 3.0545243E+002, 2.9205001E+002, 2.8561271E+002, 2.7596341E+002, 2.6359994E+002, 2.2337896E+002, 2.2091840E-003, 2.1118851E-002, 4.6813192E-002, 8.2074194E-002, 1.0902259E-001, 1.2038199E-001, 1.0742223E-001, 9.9515835E-002, 8.0914766E-002, 6.7301984E-002, 3.7932371E-002, 5.6482358E+001, 1.2316387E+002, 1.4391008E+002, 1.3548576E+002, 1.2343609E+002, 1.1085927E+002, 9.7485682E+001, 8.7678856E+001, 7.3991261E+001, 6.6599407E+001, 5.9438101E+001,-7.8418677E+000, 1.9293739E+001, 2.7587606E+001, 4.0049523E+001, 4.7273781E+001, 4.8633524E+001, 4.6627459E+001, 4.2617055E+001, 3.5642845E+001, 3.3818910E+001, 2.2962822E+001, 3.3000000E+001, 1.0663404E+003, 1.1374849E-001, 4.4411644E-002, 7.8334188E-003, 1.4036945E-002, 1.1236502E-001, 0.0000000E+000
 1.3000000E+001,-2.5830978E-001,-3.5528691E-001,-2.9297020E-001,-2.4668463E-001,-2.0925203E-001,-1.8117914E-001,-1.5945941E-001,-1.4568856E-001,-1.3048822E-001,-9.8379353E-002,-1.1636023E-001, 1.8411282E-001, 3.1350902E-001, 3.0871798E-001, 3.1479462E-001, 3.5164723E-001, 4.0284165E-001, 4.3885979E-001, 4.6664544E-001, 4.9346377E-001, 5.2241270E-001, 5.9442959E-001, 9.7215253E+002, 7.0075701E+002, 5.4048770E+002, 5.1502808E+002, 5.2810458E+002, 5.3435033E+002, 5.4048762E+002, 5.4593547E+002, 5.5326949E+002, 5.4616970E+002, 4.9041117E+002, 2.5598618E-001, 1.7181517E-001, 2.0254844E-001, 2.6942142E-001, 3.4009387E-001, 3.8911247E-001, 4.1601237E-001, 4.2741453E-001, 4.4065112E-001, 4.5361569E-001, 4.2257013E-001, 2.5041591E-001, 3.7073043E-001, 3.7105753E-001, 3.5997386E-001, 3.8093146E-001, 4.1263062E-001, 4.3778580E-001, 4.5112753E-001, 4.6443570E-001, 4.6268648E-001, 4.9751762E-001, 3.4794103E+002, 3.8519549E+002, 3.1984822E+002, 2.9083839E+002, 2.9577222E+002, 2.8920308E+002, 2.7948184E+002, 2.7278474E+002, 2.7092499E+002, 2.5686444E+002, 2.1037794E+002, 1.6890257E-002, 1.1778562E-002, 3.3961747E-002, 4.9847833E-002, 6.8671796E-002, 8.5609548E-002, 8.8136303E-002, 8.2311879E-002, 7.1761049E-002, 6.0464183E-002, 3.6488504E-002, 5.1248386E+001, 1.0431897E+002, 8.5591321E+001, 7.5464746E+001, 7.8299356E+001, 8.1461969E+001, 7.6903535E+001, 7.0185617E+001, 6.6302247E+001, 6.2144352E+001, 5.1321708E+001, 1.1160864E+001, 1.6288440E+001, 1.9225716E+001, 2.4189018E+001, 3.3937940E+001, 3.7594082E+001, 3.6671004E+001, 3.2261148E+001, 2.8507958E+001, 2.7737425E+001, 1.8710304E+001, 3.4995000E+001, 1.0198276E+003, 1.2210542E-001, 4.1367765E-002, 6.3368598E-003, 1.0578093E-002, 1.0338016E-001, 0.0000000E+000
 1.4000000E+001,-2.6937381E-001,-3.3754763E-001,-2.7535464E-001,-2.4116412E-001,-2.0854533E-001,-1.8057979E-001,-1.5907737E-001,-1.4683309E-001,-1.3344018E-001,-1.0106858E-001,-1.1875907E-001, 1.6514055E-001, 2.6267240E-001, 2.2966014E-001, 2.3986717E-001, 2.7970979E-001, 3.3336370E-001, 3.7715679E-001, 4.0346950E-001, 4.2912039E-001, 4.6099966E-001, 5.3745359E-001, 9.2055485E+002, 5.9601694E+002, 4.6223851E+002, 4.6639853E+002, 4.9465367E+002, 5.1252336E+002, 5.2195885E+002, 5.2369081E+002, 5.3160876E+002, 5.3066727E+002, 4.7708914E+002, 2.1193052E-001, 1.5719473E-001, 1.9952907E-001, 2.5803955E-001, 3.2496628E-001, 3.7613762E-001, 4.0284667E-001, 4.1555269E-001, 4.2731083E-001, 4.4199897E-001, 4.1558321E-001, 2.4115933E-001, 3.3588669E-001, 3.0203341E-001, 2.9814785E-001, 3.1681543E-001, 3.6324101E-001, 3.9993271E-001, 4.2237719E-001, 4.4097190E-001, 4.4633684E-001, 4.7789886E-001, 3.7930530E+002, 3.5505262E+002, 2.7052587E+002, 2.6342260E+002, 2.7525375E+002, 2.7875774E+002, 2.7722211E+002, 2.6967389E+002, 2.6406453E+002, 2.5297815E+002, 2.0392758E+002, 1.9635740E-002, 1.0209148E-002, 2.4506793E-002, 3.2100829E-002, 4.5360207E-002, 6.6223391E-002, 7.3766565E-002, 7.1833134E-002, 6.4414190E-002, 5.6037267E-002, 3.7589433E-002, 5.5966734E+001, 8.0543721E+001, 5.7870598E+001, 5.4177733E+001, 5.7491720E+001, 6.6600941E+001, 6.7412568E+001, 6.3566108E+001, 6.1391393E+001, 5.8219686E+001, 4.9063231E+001, 2.5165729E+001, 1.3228644E+001, 1.3630051E+001, 1.5485903E+001, 2.3522889E+001, 2.9816476E+001, 2.9852542E+001, 2.8082687E+001, 2.4577907E+001, 2.5963631E+001, 1.6959488E+001, 3.7000000E+001, 9.7903494E+002, 1.2910179E-001, 3.8773340E-002, 5.1041849E-003, 7.9459756E-003, 9.5804291E-002, 0.0000000E+000
 1.4995000E+001,-2.9925806E-001,-2.8774293E-001,-2.5364886E-001,-2.3512883E-001,-2.1502316E-001,-1.8372468E-001,-1.6056821E-001,-1.4813676E-001,-1.3587957E-001,-1.0626950E-001,-1.2368490E-001, 1.1832991E-001, 1.4744299E-001, 1.3045308E-001, 1.3639080E-001, 1.6172100E-001, 2.0708479E-001, 2.5622730E-001, 2.9705537E-001, 3.2162717E-001, 3.5016864E-001, 4.4726767E-001, 6.5984100E+002, 3.7865699E+002, 3.6810497E+002, 3.9204190E+002, 4.2401851E+002, 4.5605226E+002, 4.8132587E+002, 4.8424739E+002, 4.8662369E+002, 4.9602338E+002, 4.5071502E+002, 1.4129768E-001, 1.3862597E-001, 1.7654584E-001, 2.2140573E-001, 2.7578484E-001, 3.3271388E-001, 3.6740669E-001, 3.8049779E-001, 3.9798651E-001, 4.1208837E-001, 3.9875061E-001, 1.8074569E-001, 1.8911376E-001, 1.7964266E-001, 1.9365885E-001, 2.1740533E-001, 2.6089847E-001, 3.1820198E-001, 3.6657110E-001, 3.8952066E-001, 4.0599653E-001, 4.4357287E-001, 3.4694954E+002, 1.8969948E+002, 1.7940090E+002, 2.0965651E+002, 2.2834245E+002, 2.4402048E+002, 2.5760226E+002, 2.5495903E+002, 2.4965121E+002, 2.3764485E+002, 1.8590334E+002, 7.3665872E-003, 4.1144162E-003, 7.3470361E-003, 8.6638981E-003, 1.2945765E-002, 2.9132433E-002, 4.4298868E-002, 4.9042534E-002, 5.3448724E-002, 4.7284770E-002, 3.8300408E-002, 3.0133205E+001, 1.9423133E+001, 1.7878690E+001, 2.0612794E+001, 2.6460859E+001, 3.6781907E+001, 4.4747297E+001, 4.8077961E+001, 5.1024674E+001, 4.7976746E+001, 4.3628850E+001, 2.3122116E+001, 3.3799598E+000, 3.7713912E+000, 3.0474361E+000, 5.7846519E+000, 1.4033701E+001, 1.6079357E+001, 1.7718674E+001, 1.9797784E+001, 2.1397640E+001, 1.5058803E+001, 3.9000000E+001, 9.3647486E+002, 1.3545199E-001, 3.6261526E-002, 4.1100299E-003, 6.0753305E-003, 8.8858814E-002, 0.0000000E+000
 1.6000000E+001,-3.1171369E-001,-2.5146700E-001,-2.3597102E-001,-2.2568445E-001,-2.1579326E-001,-1.9237474E-001,-1.6730490E-001,-1.5061886E-001,-1.3859272E-001,-1.1713817E-001,-1.2710998E-001, 2.2127289E-001, 1.1446296E-001, 9.4932349E-002, 9.0360351E-002, 9.1093078E-002, 1.1656286E-001, 1.5643183E-001, 1.9229824E-001, 2.3170829E-001, 2.6707596E-001, 3.6184275E-001, 3.1965026E+002, 3.1293050E+002, 3.2507984E+002, 3.4354886E+002, 3.6820722E+002, 3.9615901E+002, 4.2407530E+002, 4.3710747E+002, 4.4769388E+002, 4.4962579E+002, 4.2116023E+002, 1.1129444E-001, 1.1636573E-001, 1.4309934E-001, 1.8118710E-001, 2.2279588E-001, 2.7261134E-001, 3.1943604E-001, 3.3853808E-001, 3.6437527E-001, 3.7840193E-001, 3.7842069E-001, 1.1239387E-001, 1.0236853E-001, 1.1444172E-001, 1.3874975E-001, 1.6163648E-001, 1.8839173E-001, 2.3570617E-001, 2.9010083E-001, 3.3968447E-001, 3.5982482E-001, 4.1510650E-001, 3.5152790E+001, 7.2902791E+001, 1.2133106E+002, 1.5965305E+002, 1.8013679E+002, 2.0480167E+002, 2.1806105E+002, 2.2403230E+002, 2.2472425E+002, 2.1206316E+002, 1.6777550E+002,-6.6786840E-003,-2.4039512E-003,-1.2756470E-003,-1.9967605E-004,-2.7402900E-004, 4.6423962E-003, 1.7068177E-002, 2.5149386E-002, 3.8445767E-002, 4.1626172E-002, 3.4656582E-002,-1.1970038E+000, 1.2726218E+000, 4.3782927E+000, 6.4759669E+000, 7.7672554E+000, 1.4846012E+001, 2.3923881E+001, 2.9169576E+001, 3.7118771E+001, 4.1523725E+001, 4.0398092E+001, 1.0595869E+000,-3.4367137E-001,-8.6749581E-001,-2.3838190E+000,-3.6694606E+000, 3.2100795E+000, 6.6360884E+000, 1.0446524E+001, 1.3630531E+001, 1.7466247E+001, 1.4589184E+001, 4.1000000E+001, 8.9445299E+002, 1.4140860E-001, 3.3764913E-002, 3.3091261E-003, 4.6478825E-003, 8.2322811E-002, 0.0000000E+000
NaN,NaN,NaN,NaN,NaN,NaN,NaN,NaN,NaN,NaN,NaN,NaN,NaN,NaN,NaN,NaN,NaN,NaN,NaN,NaN,NaN,NaN,NaN,NaN,NaN,NaN,NaN,NaN,NaN,NaN,NaN,NaN,NaN,NaN,NaN,NaN,NaN,NaN,NaN,NaN,NaN,NaN,NaN,NaN,NaN,NaN,NaN,NaN,NaN,NaN,NaN,NaN,NaN,NaN,NaN,NaN,NaN,NaN,NaN,NaN,NaN,NaN,NaN,NaN,NaN,NaN,NaN,NaN,NaN,NaN,NaN,NaN,NaN,NaN,NaN,NaN,NaN,NaN,NaN,NaN,NaN,NaN,NaN,NaN,NaN,NaN,NaN,NaN,NaN,NaN,NaN,NaN,NaN,NaN,NaN,NaN,NaN,NaN,NaN,NaN, 4.3000000E+001, 8.5312016E+002, 1.4689952E-001, 3.1388901E-002, 2.6410403E-003, 3.5036077E-003, 7.6287290E-002, 0.0000000E+000
NaN,NaN,NaN,NaN,NaN,NaN,NaN,NaN,NaN,NaN,NaN,NaN,NaN,NaN,NaN,NaN,NaN,NaN,NaN,NaN,NaN,NaN,NaN,NaN,NaN,NaN,NaN,NaN,NaN,NaN,NaN,NaN,NaN,NaN,NaN,NaN,NaN,NaN,NaN,NaN,NaN,NaN,NaN,NaN,NaN,NaN,NaN,NaN,NaN,NaN,NaN,NaN,NaN,NaN,NaN,NaN,NaN,NaN,NaN,NaN,NaN,NaN,NaN,NaN,NaN,NaN,NaN,NaN,NaN,NaN,NaN,NaN,NaN,NaN,NaN,NaN,NaN,NaN,NaN,NaN,NaN,NaN,NaN,NaN,NaN,NaN,NaN,NaN,NaN,NaN,NaN,NaN,NaN,NaN,NaN,NaN,NaN,NaN,NaN,NaN, 4.5000000E+001, 8.1501425E+002, 1.5169330E-001, 2.9281300E-002, 2.0769669E-003, 2.6634636E-003, 7.0988642E-002, 0.0000000E+000
NaN,NaN,NaN,NaN,NaN,NaN,NaN,NaN,NaN,NaN,NaN,NaN,NaN,NaN,NaN,NaN,NaN,NaN,NaN,NaN,NaN,NaN,NaN,NaN,NaN,NaN,NaN,NaN,NaN,NaN,NaN,NaN,NaN,NaN,NaN,NaN,NaN,NaN,NaN,NaN,NaN,NaN,NaN,NaN,NaN,NaN,NaN,NaN,NaN,NaN,NaN,NaN,NaN,NaN,NaN,NaN,NaN,NaN,NaN,NaN,NaN,NaN,NaN,NaN,NaN,NaN,NaN,NaN,NaN,NaN,NaN,NaN,NaN,NaN,NaN,NaN,NaN,NaN,NaN,NaN,NaN,NaN,NaN,NaN,NaN,NaN,NaN,NaN,NaN,NaN,NaN,NaN,NaN,NaN,NaN,NaN,NaN,NaN,NaN,NaN, 4.7000000E+001, 7.7442327E+002, 1.5663848E-001, 2.7034801E-002, 1.5753373E-003, 1.8803893E-003, 6.5537315E-002, 0.0000000E+000
NaN,NaN,NaN,NaN,NaN,NaN,NaN,NaN,NaN,NaN,NaN,NaN,NaN,NaN,NaN,NaN,NaN,NaN,NaN,NaN,NaN,NaN,NaN,NaN,NaN,NaN,NaN,NaN,NaN,NaN,NaN,NaN,NaN,NaN,NaN,NaN,NaN,NaN,NaN,NaN,NaN,NaN,NaN,NaN,NaN,NaN,NaN,NaN,NaN,NaN,NaN,NaN,NaN,NaN,NaN,NaN,NaN,NaN,NaN,NaN,NaN,NaN,NaN,NaN,NaN,NaN,NaN,NaN,NaN,NaN,NaN,NaN,NaN,NaN,NaN,NaN,NaN,NaN,NaN,NaN,NaN,NaN,NaN,NaN,NaN,NaN,NaN,NaN,NaN,NaN,NaN,NaN,NaN,NaN,NaN,NaN,NaN,NaN,NaN,NaN, 4.9000000E+001, 7.5102487E+002, 1.5941649E-001, 2.5766880E-002, 1.2945262E-003, 1.4853526E-003, 6.2464761E-002, 0.0000000E+000
NaN,NaN,NaN,NaN,NaN,NaN,NaN,NaN,NaN,NaN,NaN,NaN,NaN,NaN,NaN,NaN,NaN,NaN,NaN,NaN,NaN,NaN,NaN,NaN,NaN,NaN,NaN,NaN,NaN,NaN,NaN,NaN,NaN,NaN,NaN,NaN,NaN,NaN,NaN,NaN,NaN,NaN,NaN,NaN,NaN,NaN,NaN,NaN,NaN,NaN,NaN,NaN,NaN,NaN,NaN,NaN,NaN,NaN,NaN,NaN,NaN,NaN,NaN,NaN,NaN,NaN,NaN,NaN,NaN,NaN,NaN,NaN,NaN,NaN,NaN,NaN,NaN,NaN,NaN,NaN,NaN,NaN,NaN,NaN,NaN,NaN,NaN,NaN,NaN,NaN,NaN,NaN,NaN,NaN,NaN,NaN,NaN,NaN,NaN,NaN, 5.1000000E+001, 7.2173513E+002, 1.6282391E-001, 2.4164737E-002, 9.9509123E-004, 1.1033231E-003, 5.8691097E-002, 0.0000000E+000
NaN,NaN,NaN,NaN,NaN,NaN,NaN,NaN,NaN,NaN,NaN,NaN,NaN,NaN,NaN,NaN,NaN,NaN,NaN,NaN,NaN,NaN,NaN,NaN,NaN,NaN,NaN,NaN,NaN,NaN,NaN,NaN,NaN,NaN,NaN,NaN,NaN,NaN,NaN,NaN,NaN,NaN,NaN,NaN,NaN,NaN,NaN,NaN,NaN,NaN,NaN,NaN,NaN,NaN,NaN,NaN,NaN,NaN,NaN,NaN,NaN,NaN,NaN,NaN,NaN,NaN,NaN,NaN,NaN,NaN,NaN,NaN,NaN,NaN,NaN,NaN,NaN,NaN,NaN,NaN,NaN,NaN,NaN,NaN,NaN,NaN,NaN,NaN,NaN,NaN,NaN,NaN,NaN,NaN,NaN,NaN,NaN,NaN,NaN,NaN, 5.3000000E+001, 6.9677181E+002, 1.6561867E-001, 2.2830731E-002, 7.7478508E-004, 7.9143664E-004, 5.5606467E-002, 0.0000000E+000
NaN,NaN,NaN,NaN,NaN,NaN,NaN,NaN,NaN,NaN,NaN,NaN,NaN,NaN,NaN,NaN,NaN,NaN,NaN,NaN,NaN,NaN,NaN,NaN,NaN,NaN,NaN,NaN,NaN,NaN,NaN,NaN,NaN,NaN,NaN,NaN,NaN,NaN,NaN,NaN,NaN,NaN,NaN,NaN,NaN,NaN,NaN,NaN,NaN,NaN,NaN,NaN,NaN,NaN,NaN,NaN,NaN,NaN,NaN,NaN,NaN,NaN,NaN,NaN,NaN,NaN,NaN,NaN,NaN,NaN,NaN,NaN,NaN,NaN,NaN,NaN,NaN,NaN,NaN,NaN,NaN,NaN,NaN,NaN,NaN,NaN,NaN,NaN,NaN,NaN,NaN,NaN,NaN,NaN,NaN,NaN,NaN,NaN,NaN,NaN, 5.4995000E+001, 6.7291883E+002, 1.6818954E-001, 2.1594454E-002, 5.7773984E-004, 5.4587484E-004, 5.2761557E-002, 0.0000000E+000
NaN,NaN,NaN,NaN,NaN,NaN,NaN,NaN,NaN,NaN,NaN,NaN,NaN,NaN,NaN,NaN,NaN,NaN,NaN,NaN,NaN,NaN,NaN,NaN,NaN,NaN,NaN,NaN,NaN,NaN,NaN,NaN,NaN,NaN,NaN,NaN,NaN,NaN,NaN,NaN,NaN,NaN,NaN,NaN,NaN,NaN,NaN,NaN,NaN,NaN,NaN,NaN,NaN,NaN,NaN,NaN,NaN,NaN,NaN,NaN,NaN,NaN,NaN,NaN,NaN,NaN,NaN,NaN,NaN,NaN,NaN,NaN,NaN,NaN,NaN,NaN,NaN,NaN,NaN,NaN,NaN,NaN,NaN,NaN,NaN,NaN,NaN,NaN,NaN,NaN,NaN,NaN,NaN,NaN,NaN,NaN,NaN,NaN,NaN,NaN, 5.7000000E+001, 6.4751515E+002, 1.7095865E-001, 2.0194216E-002, 4.3614817E-004, 3.9814204E-004, 4.9699954E-002, 0.0000000E+000
NaN,NaN,NaN,NaN,NaN,NaN,NaN,NaN,NaN,NaN,NaN,NaN,NaN,NaN,NaN,NaN,NaN,NaN,NaN,NaN,NaN,NaN,NaN,NaN,NaN,NaN,NaN,NaN,NaN,NaN,NaN,NaN,NaN,NaN,NaN,NaN,NaN,NaN,NaN,NaN,NaN,NaN,NaN,NaN,NaN,NaN,NaN,NaN,NaN,NaN,NaN,NaN,NaN,NaN,NaN,NaN,NaN,NaN,NaN,NaN,NaN,NaN,NaN,NaN,NaN,NaN,NaN,NaN,NaN,NaN,NaN,NaN,NaN,NaN,NaN,NaN,NaN,NaN,NaN,NaN,NaN,NaN,NaN,NaN,NaN,NaN,NaN,NaN,NaN,NaN,NaN,NaN,NaN,NaN,NaN,NaN,NaN,NaN,NaN,NaN, 5.9000000E+001, 6.2351759E+002, 1.7348188E-001, 1.8901525E-002, 3.2588730E-004, 2.8200434E-004, 4.6913882E-002, 0.0000000E+000
