s,C,C,C,C,C,C,C,C,C,C,C,C,C,C,C,C,C,C,kW/m2,kW/m2,kW/m2,kW/m2,m/s,m/s,m/s,m/s,m/s,m/s,m/s,m/s,m/s,m/s,m/s,m/s,m/s,m/s,m/s,m/s,m/s,m/s,m/s,m/s,m/s,m/s
Time,NE-Corner-Temp-01,NE-Corner-Temp-02,NE-Corner-Temp-03,NE-Corner-Temp-04,NE-Corner-Temp-05,NE-Corner-Temp-06,SE-Corner-Temp-01,SE-Corner-Temp-02,SE-Corner-Temp-03,SE-Corner-Temp-04,SE-Corner-Temp-05,SE-Corner-Temp-06,NW-Ceiling-Temp,NE-Ceiling-Temp,SW-Ceiling-Temp,SE-Ceiling-Temp,Burner-Temp-01,Burner-Temp-02,Wall-GHF,CEILING-GHF,FLOOR-GHF,BURNER-GHF,DOOR-VELOCITY-5,DOOR-VELOCITY-4,DOOR-VELOCITY-3,DOOR-VELOCITY-2,DOOR-VELOCITY-1,DOOR-U-VELOCITY-5,DOOR-U-VELOCITY-4,DOOR-U-VELOCITY-3,DOOR-U-VELOCITY-2,DOOR-U-VELOCITY-1,DOOR-V-VELOCITY-5,DOOR-V-VELOCITY-4,DOOR-V-VELOCITY-3,DOOR-V-VELOCITY-2,DOOR-V-VELOCITY-1,DOOR-W-VELOCITY-5,DOOR-W-VELOCITY-4,DOOR-W-VELOCITY-3,DOOR-W-VELOCITY-2,DOOR-W-VELOCITY-1,WINDOW-U-VELOCITY-1,WINDOW-U-VELOCITY-2
 0.000E+00, 2.700E+01, 2.700E+01, 2.700E+01, 2.700E+01, 2.700E+01, 2.700E+01, 2.700E+01, 2.700E+01, 2.700E+01, 2.700E+01, 2.700E+01, 2.700E+01, 2.700E+01, 2.700E+01, 2.700E+01, 2.700E+01, 2.700E+01, 2.700E+01,-4.948E-04,-8.829E-04,-8.389E-04,-5.209E-04, 1.015E-02, 7.585E-03, 6.689E-03, 9.051E-03, 7.673E-03, 2.506E-04, 6.805E-03,-1.063E-02, 2.764E-03, 1.019E-02,-8.932E-03,-9.315E-03, 1.603E-03,-2.525E-04,-1.310E-03, 4.948E-03,-4.388E-03,-3.062E-03, 1.187E-02,-7.831E-04,-9.462E-04, 2.801E-04
 1.000E+01, 3.186E+02, 1.474E+02, 1.230E+02, 7.636E+01, 4.679E+01, 2.839E+01, 2.771E+02, 2.213E+02, 1.963E+02, 1.464E+02, 7.034E+01, 3.266E+01, 5.833E+02, 4.399E+02, 4.174E+02, 3.717E+02, 5.998E+02, 5.599E+02, 6.556E+00, 2.806E+00, 1.030E+00, 1.329E+01, 1.381E-01, 1.385E-01, 1.595E-01, 2.242E-01, 8.091E-01, 8.249E-03, 9.914E-03, 3.086E-02,-1.504E-02,-2.023E-01, 1.186E-01, 1.116E-01, 1.068E-01, 3.637E-02,-5.998E-01,-8.904E-04, 4.568E-04, 1.608E-02, 1.617E-02, 4.916E-02, 2.838E-01, 3.305E-02
 2.000E+01, 3.976E+02, 1.871E+02, 1.422E+02, 6.177E+01, 3.205E+01, 2.905E+01, 3.627E+02, 2.875E+02, 2.453E+02, 1.281E+02, 4.702E+01, 3.071E+01, 6.078E+02, 5.379E+02, 4.642E+02, 4.648E+02, 5.140E+02, 5.477E+02, 8.442E+00, 3.764E+00, 1.251E+00, 1.290E+01, 2.023E-01, 1.942E-01, 1.653E-01, 1.352E-01, 9.784E-01, 2.423E-02,-1.405E-02,-8.362E-03, 4.921E-03,-3.535E-01, 2.024E-01, 1.809E-01, 1.581E-01, 6.932E-02,-7.486E-01,-1.677E-02,-6.072E-02,-3.422E-02, 2.409E-02, 6.209E-02, 3.828E-01,-3.954E-02
 3.000E+01, 3.836E+02, 1.745E+02, 1.316E+02, 5.290E+01, 3.069E+01, 2.914E+01, 3.701E+02, 3.004E+02, 2.493E+02, 1.305E+02, 5.443E+01, 3.140E+01, 6.332E+02, 5.451E+02, 4.865E+02, 4.756E+02, 5.394E+02, 5.800E+02, 7.711E+00, 3.926E+00, 1.288E+00, 1.231E+01, 2.070E-01, 1.961E-01, 1.607E-01, 1.268E-01, 9.779E-01, 2.837E-02, 2.024E-02,-4.295E-02,-6.366E-03,-3.374E-01, 2.012E-01, 1.878E-01, 1.533E-01, 1.021E-02,-7.205E-01,-3.376E-02,-5.852E-02,-2.400E-02, 3.537E-02, 1.612E-01, 3.770E-01,-4.656E-02
 4.000E+01, 4.007E+02, 1.905E+02, 1.484E+02, 5.250E+01, 2.967E+01, 2.861E+01, 3.695E+02, 3.057E+02, 2.619E+02, 1.282E+02, 5.013E+01, 3.314E+01, 7.052E+02, 5.332E+02, 5.291E+02, 4.798E+02, 5.103E+02, 5.709E+02, 7.548E+00, 4.001E+00, 1.324E+00, 1.218E+01, 2.101E-01, 2.015E-01, 1.536E-01, 1.132E-01, 9.554E-01, 2.730E-02, 9.600E-04,-4.910E-03,-9.902E-03,-3.937E-01, 1.986E-01, 1.807E-01, 1.448E-01, 2.053E-02,-6.692E-01,-6.009E-02,-9.730E-02,-3.955E-02, 2.669E-02, 1.357E-01, 4.170E-01,-8.444E-02
 5.000E+01, 3.542E+02, 1.884E+02, 1.334E+02, 5.346E+01, 3.126E+01, 2.941E+01, 3.695E+02, 3.160E+02, 2.739E+02, 1.468E+02, 4.835E+01, 3.254E+01, 7.545E+02, 5.069E+02, 5.654E+02, 4.894E+02, 5.438E+02, 6.201E+02, 6.292E+00, 4.024E+00, 1.350E+00, 1.229E+01, 2.173E-01, 2.025E-01, 1.592E-01, 1.153E-01, 9.434E-01, 1.031E-02,-5.025E-02,-1.859E-02, 4.826E-02,-3.630E-01, 2.142E-01, 1.864E-01, 1.483E-01,-1.881E-02,-6.766E-01,-3.274E-02,-6.625E-02,-4.036E-02, 3.538E-02, 1.068E-01, 3.866E-01,-9.199E-02
 6.000E+01, 3.454E+02, 1.897E+02, 1.465E+02, 7.227E+01, 4.224E+01, 2.951E+01, 3.625E+02, 3.107E+02, 2.745E+02, 1.740E+02, 6.403E+01, 3.434E+01, 7.252E+02, 4.734E+02, 5.413E+02, 4.705E+02, 5.418E+02, 5.790E+02, 6.194E+00, 4.031E+00, 1.355E+00, 1.362E+01, 2.176E-01, 2.063E-01, 1.734E-01, 1.250E-01, 9.338E-01,-4.901E-03,-6.101E-02,-3.975E-02, 4.227E-02,-3.253E-01, 2.215E-01, 1.969E-01, 1.592E-01,-2.551E-02,-6.757E-01,-2.216E-02,-3.738E-02,-4.961E-02, 6.268E-02, 1.369E-01, 4.790E-01,-3.290E-02
 7.000E+01, 3.668E+02, 2.265E+02, 1.767E+02, 8.509E+01, 3.242E+01, 2.955E+01, 3.632E+02, 3.132E+02, 2.761E+02, 1.670E+02, 6.267E+01, 3.450E+01, 7.069E+02, 4.990E+02, 5.495E+02, 4.709E+02, 5.133E+02, 5.521E+02, 6.482E+00, 3.966E+00, 1.374E+00, 1.309E+01, 2.209E-01, 2.083E-01, 1.747E-01, 1.443E-01, 9.637E-01, 1.430E-02,-5.158E-02,-2.429E-02, 5.493E-02,-3.806E-01, 2.189E-01, 2.001E-01, 1.654E-01,-1.724E-02,-6.914E-01,-4.045E-02,-2.338E-02,-2.320E-02, 6.072E-02, 1.526E-01, 4.837E-01,-4.220E-03
 8.000E+01, 3.824E+02, 1.959E+02, 1.471E+02, 5.997E+01, 3.220E+01, 2.943E+01, 3.644E+02, 3.054E+02, 2.641E+02, 1.423E+02, 5.221E+01, 3.511E+01, 6.813E+02, 5.181E+02, 5.094E+02, 4.643E+02, 4.624E+02, 4.975E+02, 7.463E+00, 3.843E+00, 1.408E+00, 1.192E+01, 2.239E-01, 1.985E-01, 1.708E-01, 1.069E-01, 9.679E-01, 2.446E-02,-1.432E-02,-3.016E-02, 3.490E-02,-3.150E-01, 2.225E-01, 1.978E-01, 1.644E-01,-1.156E-02,-7.204E-01,-2.867E-02,-3.140E-02,-3.142E-02, 4.917E-02, 9.762E-02, 4.002E-01,-3.380E-02
 9.000E+01, 4.078E+02, 1.945E+02, 1.461E+02, 6.001E+01, 3.269E+01, 2.935E+01, 3.624E+02, 3.104E+02, 2.701E+02, 1.501E+02, 5.406E+01, 3.535E+01, 7.091E+02, 5.224E+02, 5.476E+02, 4.659E+02, 4.798E+02, 5.453E+02, 7.351E+00, 4.012E+00, 1.446E+00, 1.205E+01, 2.243E-01, 2.067E-01, 1.720E-01, 1.140E-01, 9.681E-01, 3.890E-02,-2.952E-02,-4.592E-02,-3.014E-03,-3.323E-01, 2.177E-01, 2.029E-01, 1.624E-01, 4.114E-02,-7.123E-01,-4.441E-02,-4.511E-02,-4.118E-02, 3.723E-02, 7.024E-02, 4.112E-01,-3.643E-02
 1.000E+02, 4.018E+02, 1.650E+02, 1.286E+02, 6.377E+01, 3.122E+01, 2.939E+01, 3.608E+02, 3.101E+02, 2.689E+02, 1.383E+02, 4.673E+01, 3.417E+01, 7.410E+02, 5.089E+02, 5.397E+02, 4.577E+02, 4.510E+02, 6.057E+02, 7.352E+00, 3.974E+00, 1.464E+00, 1.169E+01, 2.270E-01, 2.080E-01, 1.615E-01, 1.114E-01, 9.683E-01, 4.122E-02,-5.524E-02, 4.945E-04, 3.935E-02,-3.544E-01, 2.236E-01, 1.974E-01, 1.569E-01,-2.087E-02,-6.836E-01,-3.567E-02,-5.021E-02,-4.016E-02, 3.167E-02, 4.892E-02, 4.241E-01,-7.560E-02
 1.100E+02, 3.972E+02, 1.860E+02, 1.312E+02, 5.463E+01, 3.124E+01, 2.998E+01, 3.631E+02, 3.218E+02, 2.863E+02, 1.640E+02, 6.183E+01, 3.552E+01, 7.605E+02, 5.245E+02, 5.724E+02, 4.666E+02, 4.605E+02, 5.701E+02, 7.159E+00, 3.975E+00, 1.481E+00, 1.238E+01, 2.220E-01, 1.999E-01, 1.673E-01, 1.437E-01, 9.542E-01, 2.453E-02,-2.720E-02,-1.035E-02, 1.354E-02,-3.300E-01, 2.194E-01, 1.940E-01, 1.627E-01, 9.469E-03,-6.713E-01,-4.139E-02,-5.205E-02,-2.271E-02, 6.159E-02, 8.816E-02, 4.427E-01,-4.229E-02
 1.200E+02, 3.910E+02, 1.759E+02, 1.274E+02, 5.984E+01, 3.299E+01, 3.039E+01, 3.687E+02, 3.100E+02, 2.754E+02, 1.528E+02, 5.113E+01, 3.521E+01, 7.287E+02, 4.973E+02, 5.530E+02, 4.805E+02, 4.755E+02, 5.582E+02, 7.343E+00, 4.139E+00, 1.517E+00, 1.225E+01, 2.210E-01, 2.017E-01, 1.651E-01, 1.150E-01, 9.774E-01,-4.486E-02, 1.853E-02,-2.461E-03, 5.773E-02,-3.424E-01, 2.160E-01, 1.984E-01, 1.616E-01,-4.416E-02,-7.265E-01,-9.139E-03,-3.313E-02,-2.471E-02, 3.101E-02, 3.663E-02, 4.552E-01,-5.754E-02
 1.300E+02, 3.730E+02, 2.089E+02, 1.553E+02, 6.885E+01, 3.183E+01, 2.902E+01, 3.648E+02, 3.049E+02, 2.654E+02, 1.499E+02, 5.331E+01, 3.652E+01, 7.038E+02, 4.928E+02, 5.145E+02, 4.767E+02, 5.420E+02, 5.856E+02, 7.060E+00, 4.040E+00, 1.519E+00, 1.392E+01, 2.276E-01, 2.094E-01, 1.686E-01, 1.378E-01, 1.002E+00,-5.917E-02, 2.699E-02,-1.455E-02, 4.395E-02,-2.853E-01, 2.189E-01, 2.084E-01, 1.630E-01,-1.079E-02,-7.709E-01, 3.846E-03,-2.811E-02,-4.454E-02, 4.493E-02, 2.097E-02, 4.993E-01, 7.745E-03
 1.400E+02, 3.638E+02, 2.089E+02, 1.588E+02, 6.667E+01, 3.117E+01, 2.941E+01, 3.774E+02, 3.174E+02, 2.804E+02, 1.482E+02, 5.735E+01, 3.428E+01, 7.265E+02, 4.942E+02, 5.463E+02, 4.969E+02, 4.383E+02, 5.558E+02, 6.923E+00, 4.114E+00, 1.564E+00, 1.273E+01, 2.224E-01, 2.021E-01, 1.753E-01, 1.020E-01, 9.592E-01,-5.100E-02, 4.489E-03,-6.625E-03, 9.271E-03,-3.540E-01, 2.174E-01, 2.024E-01, 1.643E-01,-3.739E-02,-6.794E-01,-9.640E-03,-2.602E-02,-5.199E-02, 4.819E-02, 1.171E-01, 4.624E-01,-2.630E-02
 1.500E+02, 3.767E+02, 1.686E+02, 1.288E+02, 5.835E+01, 3.366E+01, 2.983E+01, 3.704E+02, 3.100E+02, 2.685E+02, 1.368E+02, 5.478E+01, 3.386E+01, 7.705E+02, 5.016E+02, 5.739E+02, 4.793E+02, 4.050E+02, 5.436E+02, 6.416E+00, 4.151E+00, 1.573E+00, 1.198E+01, 2.211E-01, 2.116E-01, 1.740E-01, 9.460E-02, 1.013E+00, 1.585E-02, 1.482E-02,-5.043E-02, 1.362E-02,-3.159E-01, 2.216E-01, 1.956E-01, 1.575E-01, 5.212E-03,-7.423E-01,-2.221E-02,-8.310E-02,-5.332E-02, 4.036E-02, 5.889E-02, 4.458E-01,-7.372E-03
 1.600E+02, 4.030E+02, 1.832E+02, 1.285E+02, 4.932E+01, 3.231E+01, 3.025E+01, 3.767E+02, 3.019E+02, 2.516E+02, 1.260E+02, 4.835E+01, 3.546E+01, 7.591E+02, 5.242E+02, 5.750E+02, 4.890E+02, 5.188E+02, 6.121E+02, 7.211E+00, 4.254E+00, 1.621E+00, 1.225E+01, 2.305E-01, 2.123E-01, 1.741E-01, 1.275E-01, 9.877E-01, 3.140E-02,-3.541E-02,-4.481E-02,-2.396E-02,-3.371E-01, 2.284E-01, 2.016E-01, 1.613E-01,-3.678E-02,-7.230E-01,-1.602E-02,-5.776E-02,-3.900E-02, 2.746E-02, 1.780E-02, 3.931E-01,-7.557E-02
 1.700E+02, 4.014E+02, 1.733E+02, 1.285E+02, 6.306E+01, 3.299E+01, 2.993E+01, 3.662E+02, 3.191E+02, 2.845E+02, 1.613E+02, 5.944E+01, 3.613E+01, 7.058E+02, 5.048E+02, 5.402E+02, 4.653E+02, 4.906E+02, 5.711E+02, 7.095E+00, 4.048E+00, 1.615E+00, 1.219E+01, 2.329E-01, 2.167E-01, 1.837E-01, 1.675E-01, 9.524E-01, 2.606E-02,-3.172E-02,-4.743E-02, 8.552E-03,-3.332E-01, 2.342E-01, 2.111E-01, 1.695E-01,-7.992E-02,-7.238E-01,-1.065E-02,-3.726E-02,-5.447E-02, 7.071E-02, 8.587E-02, 4.295E-01,-3.695E-02
 1.800E+02, 4.055E+02, 2.034E+02, 1.571E+02, 6.644E+01, 3.242E+01, 2.931E+01, 3.694E+02, 3.093E+02, 2.663E+02, 1.368E+02, 5.055E+01, 3.734E+01, 7.302E+02, 5.007E+02, 5.543E+02, 4.704E+02, 4.430E+02, 5.324E+02, 7.783E+00, 4.039E+00, 1.630E+00, 1.235E+01, 2.239E-01, 2.072E-01, 1.849E-01, 1.366E-01, 1.005E+00, 3.777E-03, 4.667E-02,-5.090E-02, 1.595E-02,-2.880E-01, 2.269E-01, 2.015E-01, 1.747E-01,-2.499E-03,-7.627E-01,-2.653E-02,-4.533E-02,-2.367E-02, 3.490E-02,-3.712E-02, 4.517E-01,-4.791E-02
 1.900E+02, 3.925E+02, 1.871E+02, 1.297E+02, 4.840E+01, 3.182E+01, 3.007E+01, 3.639E+02, 3.115E+02, 2.746E+02, 1.397E+02, 5.268E+01, 3.521E+01, 7.336E+02, 5.048E+02, 5.492E+02, 4.594E+02, 4.974E+02, 5.636E+02, 8.188E+00, 4.083E+00, 1.635E+00, 1.246E+01, 2.209E-01, 2.016E-01, 1.605E-01, 1.156E-01, 1.005E+00,-1.201E-02, 1.955E-03, 3.471E-02, 4.453E-02,-3.021E-01, 2.203E-01, 1.995E-01, 1.487E-01,-3.099E-02,-7.479E-01,-3.463E-02,-4.319E-02,-4.555E-02, 4.172E-02, 1.752E-02, 4.524E-01,-1.979E-02
 2.000E+02, 3.774E+02, 1.808E+02, 1.374E+02, 6.316E+01, 3.493E+01, 3.018E+01, 3.786E+02, 3.087E+02, 2.683E+02, 1.477E+02, 5.258E+01, 3.561E+01, 7.702E+02, 5.026E+02, 5.750E+02, 4.966E+02, 4.565E+02, 6.376E+02, 7.225E+00, 4.219E+00, 1.686E+00, 1.235E+01, 2.256E-01, 2.085E-01, 1.683E-01, 1.544E-01, 9.494E-01, 7.177E-03,-5.690E-02, 2.612E-03, 7.245E-02,-3.388E-01, 2.265E-01, 1.971E-01, 1.581E-01,-3.742E-02,-6.818E-01,-3.912E-02,-4.339E-02,-5.202E-02, 7.830E-02, 1.274E-01, 4.259E-01,-2.128E-02
 2.100E+02, 3.812E+02, 2.252E+02, 1.749E+02, 7.524E+01, 3.789E+01, 3.011E+01, 3.705E+02, 3.127E+02, 2.699E+02, 1.505E+02, 5.435E+01, 3.685E+01, 6.977E+02, 5.047E+02, 5.285E+02, 4.617E+02, 4.917E+02, 5.756E+02, 7.791E+00, 4.019E+00, 1.673E+00, 1.261E+01, 2.285E-01, 2.133E-01, 1.726E-01, 1.406E-01, 9.974E-01,-2.969E-03,-4.298E-02, 4.368E-03, 4.364E-02,-2.881E-01, 2.309E-01, 2.087E-01, 1.686E-01,-5.183E-02,-7.493E-01,-3.146E-02,-2.881E-02,-3.211E-02, 4.548E-02,-4.041E-02, 4.142E-01,-1.955E-02
 2.200E+02, 3.979E+02, 1.850E+02, 1.366E+02, 5.166E+01, 3.263E+01, 3.040E+01, 3.703E+02, 3.294E+02, 2.984E+02, 1.807E+02, 6.292E+01, 3.743E+01, 7.589E+02, 4.838E+02, 5.832E+02, 4.733E+02, 5.553E+02, 6.050E+02, 7.263E+00, 4.264E+00, 1.701E+00, 1.307E+01, 2.351E-01, 2.150E-01, 1.807E-01, 1.409E-01, 1.022E+00, 2.127E-02,-3.667E-02,-3.865E-02, 3.300E-02,-3.437E-01, 2.377E-01, 2.164E-01, 1.767E-01,-4.005E-02,-7.408E-01,-2.095E-02,-7.839E-03,-3.878E-02, 8.769E-02, 3.911E-03, 4.454E-01,-1.252E-02
 2.300E+02, 3.971E+02, 1.803E+02, 1.321E+02, 5.081E+01, 3.219E+01, 2.978E+01, 3.681E+02, 3.163E+02, 2.811E+02, 1.674E+02, 6.389E+01, 3.728E+01, 7.509E+02, 4.877E+02, 5.820E+02, 4.692E+02, 4.685E+02, 5.496E+02, 8.504E+00, 4.198E+00, 1.711E+00, 1.283E+01, 2.406E-01, 2.305E-01, 1.917E-01, 1.336E-01, 9.763E-01, 3.947E-02,-7.518E-02,-7.159E-02, 5.766E-02,-3.413E-01, 2.353E-01, 2.169E-01, 1.741E-01,-6.208E-02,-7.138E-01,-3.236E-02,-3.830E-02,-4.170E-02, 7.742E-02, 8.867E-02, 4.741E-01,-4.585E-02
 2.400E+02, 3.821E+02, 1.599E+02, 1.043E+02, 4.624E+01, 3.248E+01, 3.064E+01, 3.874E+02, 3.250E+02, 2.772E+02, 1.305E+02, 4.379E+01, 3.639E+01, 7.608E+02, 5.092E+02, 5.924E+02, 5.072E+02, 5.355E+02, 5.931E+02, 7.217E+00, 4.544E+00, 1.774E+00, 1.316E+01, 2.452E-01, 2.315E-01, 2.026E-01, 1.521E-01, 9.831E-01, 8.370E-02,-3.165E-02,-9.877E-02, 3.952E-02,-3.864E-01, 2.275E-01, 2.108E-01, 1.684E-01,-8.069E-02,-7.141E-01,-3.882E-02,-9.437E-02,-4.133E-02, 7.631E-02, 7.497E-02, 4.078E-01,-8.286E-02
 2.500E+02, 4.037E+02, 2.075E+02, 1.537E+02, 6.180E+01, 3.213E+01, 3.003E+01, 3.804E+02, 3.242E+02, 2.792E+02, 1.393E+02, 4.996E+01, 3.513E+01, 7.385E+02, 5.429E+02, 5.467E+02, 4.779E+02, 4.594E+02, 5.462E+02, 8.326E+00, 4.278E+00, 1.782E+00, 1.205E+01, 2.335E-01, 2.480E-01, 1.988E-01, 1.679E-01, 1.028E+00, 5.292E-02, 8.979E-02,-9.095E-02, 6.111E-02,-3.275E-01, 2.273E-01, 2.237E-01, 1.604E-01,-1.114E-01,-7.662E-01,-1.854E-02,-6.701E-02,-6.415E-02, 7.833E-02,-3.243E-02, 4.303E-01,-1.015E-01
 2.600E+02, 4.221E+02, 1.920E+02, 1.279E+02, 4.409E+01, 3.146E+01, 2.992E+01, 3.841E+02, 3.099E+02, 2.611E+02, 1.102E+02, 4.472E+01, 3.488E+01, 7.710E+02, 5.446E+02, 5.875E+02, 5.006E+02, 3.986E+02, 4.679E+02, 8.524E+00, 4.503E+00, 1.837E+00, 1.126E+01, 2.210E-01, 2.103E-01, 1.761E-01, 1.080E-01, 1.004E+00, 3.050E-03, 5.072E-02, 7.510E-03, 3.013E-02,-3.736E-01, 2.206E-01, 1.986E-01, 1.453E-01,-6.930E-02,-7.300E-01,-3.021E-02,-5.531E-02,-8.128E-02, 4.285E-02, 4.428E-02, 4.285E-01,-4.954E-02
 2.700E+02, 4.103E+02, 1.745E+02, 1.315E+02, 5.469E+01, 3.289E+01, 2.995E+01, 3.756E+02, 3.235E+02, 2.736E+02, 1.461E+02, 5.189E+01, 3.586E+01, 7.742E+02, 4.913E+02, 5.985E+02, 4.885E+02, 4.229E+02, 5.190E+02, 7.747E+00, 4.300E+00, 1.826E+00, 1.240E+01, 2.304E-01, 2.141E-01, 1.705E-01, 1.586E-01, 9.694E-01,-3.126E-02, 2.096E-02, 3.306E-02, 8.497E-02,-3.536E-01, 2.309E-01, 2.030E-01, 1.548E-01,-7.626E-02,-6.975E-01,-9.651E-03,-6.381E-02,-5.903E-02, 6.129E-02, 8.084E-02, 4.377E-01,-3.958E-02
 2.800E+02, 3.604E+02, 1.909E+02, 1.475E+02, 5.741E+01, 3.334E+01, 3.056E+01, 3.792E+02, 3.278E+02, 2.894E+02, 1.399E+02, 5.280E+01, 3.797E+01, 7.964E+02, 4.743E+02, 5.896E+02, 4.999E+02, 4.518E+02, 5.561E+02, 7.085E+00, 4.433E+00, 1.832E+00, 1.262E+01, 2.359E-01, 2.124E-01, 1.680E-01, 1.025E-01, 1.006E+00, 1.039E-03,-3.311E-02, 7.366E-03, 5.442E-04,-3.311E-01, 2.347E-01, 2.017E-01, 1.602E-01,-4.972E-02,-7.341E-01,-2.977E-02,-5.456E-02,-4.603E-02, 4.686E-02,-3.282E-02, 4.649E-01,-3.942E-02
 2.900E+02, 4.004E+02, 1.884E+02, 1.424E+02, 5.933E+01, 3.437E+01, 2.998E+01, 3.670E+02, 3.161E+02, 2.762E+02, 1.492E+02, 5.351E+01, 3.820E+01, 7.017E+02, 4.879E+02, 5.242E+02, 4.593E+02, 5.261E+02, 5.778E+02, 7.704E+00, 4.040E+00, 1.806E+00, 1.391E+01, 2.404E-01, 2.176E-01, 1.882E-01, 1.286E-01, 1.047E+00, 2.176E-02,-1.599E-02,-5.254E-02, 1.435E-02,-2.728E-01, 2.360E-01, 2.139E-01, 1.717E-01,-6.498E-02,-8.279E-01,-3.490E-02,-3.806E-02,-4.487E-02, 8.411E-02,-5.700E-02, 4.733E-01,-3.238E-02
 3.000E+02, 3.962E+02, 2.024E+02, 1.576E+02, 7.378E+01, 4.013E+01, 3.135E+01, 3.837E+02, 3.051E+02, 2.570E+02, 1.145E+02, 4.504E+01, 3.642E+01, 7.456E+02, 5.284E+02, 5.847E+02, 5.024E+02, 4.428E+02, 5.389E+02, 8.173E+00, 4.395E+00, 1.862E+00, 1.196E+01, 2.424E-01, 2.258E-01, 1.836E-01, 9.752E-02, 1.048E+00, 2.988E-02,-1.297E-02,-3.575E-02, 2.160E-02,-2.747E-01, 2.392E-01, 2.080E-01, 1.632E-01,-3.635E-02,-8.052E-01,-3.189E-02,-9.051E-02,-7.617E-02, 5.231E-02,-1.413E-01, 4.691E-01,-4.258E-02
 3.100E+02, 6.353E+02, 3.266E+02, 2.588E+02, 9.866E+01, 3.641E+01, 3.171E+01, 5.843E+02, 4.845E+02, 4.356E+02, 2.326E+02, 6.969E+01, 3.817E+01, 1.164E+03, 7.811E+02, 1.043E+03, 8.350E+02, 7.256E+02, 8.510E+02, 1.498E+01, 1.194E+01, 4.164E+00, 1.656E+01, 2.504E-01, 2.278E-01, 1.893E-01, 2.015E-01, 1.289E+00,-3.382E-03,-2.665E-03,-6.499E-02, 1.133E-01,-3.058E-01, 2.506E-01, 2.247E-01, 1.669E-01,-1.493E-01,-1.007E+00,-3.842E-02,-4.372E-02,-5.108E-02, 8.933E-02,-2.670E-02, 6.349E-01, 2.950E-02
 3.200E+02, 7.859E+02, 3.697E+02, 2.562E+02, 8.187E+01, 3.690E+01, 3.354E+01, 6.144E+02, 5.279E+02, 4.646E+02, 2.318E+02, 6.917E+01, 4.158E+01, 1.196E+03, 8.178E+02, 1.091E+03, 8.630E+02, 6.597E+02, 7.985E+02, 1.892E+01, 1.372E+01, 4.734E+00, 1.533E+01, 2.802E-01, 2.603E-01, 2.137E-01, 2.174E-01, 1.408E+00, 7.283E-02,-5.784E-03,-8.527E-02, 1.364E-01,-2.463E-01, 2.742E-01, 2.477E-01, 1.850E-01,-1.485E-01,-1.166E+00,-3.145E-02,-7.145E-02,-5.187E-02, 8.631E-02,-1.085E-01, 6.924E-01, 1.378E-02
 3.300E+02, 9.577E+02, 3.459E+02, 1.964E+02, 4.825E+01, 3.607E+01, 3.350E+01, 6.249E+02, 5.331E+02, 4.684E+02, 2.357E+02, 7.144E+01, 4.226E+01, 1.186E+03, 8.976E+02, 1.083E+03, 9.010E+02, 5.449E+02, 7.083E+02, 2.685E+01, 1.314E+01, 4.989E+00, 1.362E+01, 2.824E-01, 2.555E-01, 2.004E-01, 1.983E-01, 1.422E+00, 3.653E-02, 5.419E-02,-2.186E-02, 1.045E-01,-2.794E-01, 2.807E-01, 2.375E-01, 1.731E-01,-1.090E-01,-1.189E+00,-4.096E-02,-6.856E-02,-6.159E-02, 6.180E-02,-9.127E-02, 5.995E-01,-7.455E-03
 3.400E+02, 8.529E+02, 3.822E+02, 2.378E+02, 6.101E+01, 3.759E+01, 3.419E+01, 6.294E+02, 5.468E+02, 4.726E+02, 2.290E+02, 7.284E+01, 4.599E+01, 1.219E+03, 8.443E+02, 1.093E+03, 8.890E+02, 6.198E+02, 7.538E+02, 2.308E+01, 1.373E+01, 5.095E+00, 1.501E+01, 2.783E-01, 2.503E-01, 1.910E-01, 2.077E-01, 1.469E+00,-7.135E-03, 4.359E-02, 1.774E-02, 1.420E-01,-2.353E-01, 2.827E-01, 2.317E-01, 1.756E-01,-8.999E-02,-1.209E+00,-3.164E-02,-8.918E-02,-7.232E-02, 6.844E-02,-1.505E-01, 6.317E-01, 1.698E-02
 3.500E+02, 9.154E+02, 3.042E+02, 1.812E+02, 5.707E+01, 3.811E+01, 3.460E+01, 6.069E+02, 5.323E+02, 4.881E+02, 2.525E+02, 7.781E+01, 4.483E+01, 1.200E+03, 7.745E+02, 1.101E+03, 8.069E+02, 5.098E+02, 7.846E+02, 2.504E+01, 1.339E+01, 5.065E+00, 1.456E+01, 2.816E-01, 2.519E-01, 1.936E-01, 2.023E-01, 1.490E+00,-1.687E-02, 3.169E-03, 2.843E-02, 8.588E-02,-1.948E-01, 2.819E-01, 2.351E-01, 1.858E-01,-1.809E-01,-1.257E+00,-4.119E-02,-8.691E-02,-4.713E-02, 1.040E-01,-1.281E-01, 6.958E-01,-4.648E-03
 3.600E+02, 7.473E+02, 3.511E+02, 2.449E+02, 1.045E+02, 4.245E+01, 3.565E+01, 6.131E+02, 5.172E+02, 4.739E+02, 2.803E+02, 1.003E+02, 4.645E+01, 1.213E+03, 7.359E+02, 1.091E+03, 8.090E+02, 7.571E+02, 8.857E+02, 1.820E+01, 1.356E+01, 5.164E+00, 1.773E+01, 3.009E-01, 2.745E-01, 2.220E-01, 2.096E-01, 1.419E+00, 5.948E-02,-7.406E-02,-6.862E-02, 1.065E-01,-1.976E-01, 2.903E-01, 2.616E-01, 2.012E-01,-1.554E-01,-1.190E+00,-6.187E-02,-3.000E-02,-4.544E-02, 8.559E-02,-9.418E-02, 7.057E-01, 4.378E-02
 3.700E+02, 7.869E+02, 3.599E+02, 2.384E+02, 7.494E+01, 3.835E+01, 3.538E+01, 6.100E+02, 5.239E+02, 4.754E+02, 2.410E+02, 6.969E+01, 4.548E+01, 1.200E+03, 7.340E+02, 1.106E+03, 8.422E+02, 7.099E+02, 8.094E+02, 1.977E+01, 1.415E+01, 5.240E+00, 1.626E+01, 3.025E-01, 2.735E-01, 2.183E-01, 2.093E-01, 1.421E+00, 8.024E-02,-5.068E-02,-7.118E-02, 1.336E-01,-2.096E-01, 2.932E-01, 2.640E-01, 2.016E-01,-9.520E-02,-1.175E+00,-5.000E-02,-4.634E-02,-3.395E-02, 9.051E-02,-1.556E-01, 7.173E-01,-2.999E-03
 3.800E+02, 8.113E+02, 4.019E+02, 2.638E+02, 7.641E+01, 4.008E+01, 3.536E+01, 5.986E+02, 5.228E+02, 4.869E+02, 2.830E+02, 8.763E+01, 4.693E+01, 1.199E+03, 6.901E+02, 1.110E+03, 7.781E+02, 7.719E+02, 8.173E+02, 2.176E+01, 1.345E+01, 5.309E+00, 1.719E+01, 3.024E-01, 2.678E-01, 2.237E-01, 2.593E-01, 1.400E+00, 3.386E-02,-4.805E-03,-6.545E-02, 1.225E-01,-2.162E-01, 2.961E-01, 2.632E-01, 2.023E-01,-2.024E-01,-1.165E+00,-3.831E-02,-6.814E-02,-6.242E-02, 9.707E-02,-4.145E-02, 7.150E-01, 1.981E-02
 3.900E+02, 8.085E+02, 3.491E+02, 2.226E+02, 6.912E+01, 3.916E+01, 3.546E+01, 6.172E+02, 5.310E+02, 4.713E+02, 2.387E+02, 6.227E+01, 4.746E+01, 1.206E+03, 7.221E+02, 1.102E+03, 8.586E+02, 6.463E+02, 8.440E+02, 2.101E+01, 1.483E+01, 5.454E+00, 1.623E+01, 3.015E-01, 2.785E-01, 2.167E-01, 2.494E-01, 1.446E+00, 3.539E-02,-4.906E-02,-5.839E-02, 1.511E-01,-2.664E-01, 2.984E-01, 2.751E-01, 2.034E-01,-1.796E-01,-1.203E+00,-4.983E-02,-4.633E-02,-6.126E-02, 9.622E-02,-1.036E-01, 6.415E-01, 7.350E-02
 4.000E+02, 7.799E+02, 3.369E+02, 2.245E+02, 7.838E+01, 4.168E+01, 3.579E+01, 6.216E+02, 5.185E+02, 4.480E+02, 2.220E+02, 6.405E+01, 4.906E+01, 1.221E+03, 7.687E+02, 1.084E+03, 8.849E+02, 6.841E+02, 8.344E+02, 2.075E+01, 1.426E+01, 5.654E+00, 1.673E+01, 3.055E-01, 2.783E-01, 2.141E-01, 2.519E-01, 1.424E+00, 8.659E-02,-5.789E-02,-6.006E-02, 1.621E-01,-2.173E-01, 2.958E-01, 2.705E-01, 1.961E-01,-1.483E-01,-1.184E+00,-4.032E-02,-3.829E-02,-5.653E-02, 5.285E-02,-1.234E-01, 6.900E-01, 3.814E-03
 4.100E+02, 8.609E+02, 3.611E+02, 2.452E+02, 7.579E+01, 4.091E+01, 3.555E+01, 6.080E+02, 5.354E+02, 4.875E+02, 2.201E+02, 8.053E+01, 4.919E+01, 1.217E+03, 7.566E+02, 1.124E+03, 8.337E+02, 7.332E+02, 8.528E+02, 2.258E+01, 1.415E+01, 5.604E+00, 1.657E+01, 3.105E-01, 2.819E-01, 2.261E-01, 2.450E-01, 1.466E+00, 6.724E-02,-4.793E-02,-7.197E-02, 1.431E-01,-1.875E-01, 3.040E-01, 2.721E-01, 2.050E-01,-1.717E-01,-1.247E+00,-2.510E-02,-4.042E-02,-4.925E-02, 7.962E-02,-1.450E-01, 7.123E-01, 2.497E-02
 4.200E+02, 8.442E+02, 3.314E+02, 2.068E+02, 7.642E+01, 4.877E+01, 3.802E+01, 6.311E+02, 5.313E+02, 4.785E+02, 2.525E+02, 7.997E+01, 4.925E+01, 1.210E+03, 7.809E+02, 1.120E+03, 8.572E+02, 6.512E+02, 7.834E+02, 2.121E+01, 1.426E+01, 5.639E+00, 1.608E+01, 3.207E-01, 3.048E-01, 2.347E-01, 2.576E-01, 1.463E+00, 1.132E-01,-9.853E-02,-9.849E-02, 1.524E-01,-1.797E-01, 3.046E-01, 2.834E-01, 1.961E-01,-1.889E-01,-1.227E+00,-3.960E-02,-3.937E-02,-7.083E-02, 6.411E-02,-1.518E-01, 6.867E-01, 1.893E-02
 4.300E+02, 8.761E+02, 3.732E+02, 2.367E+02, 8.557E+01, 4.038E+01, 3.580E+01, 6.296E+02, 5.311E+02, 4.726E+02, 2.244E+02, 7.225E+01, 4.950E+01, 1.247E+03, 8.035E+02, 1.129E+03, 8.490E+02, 6.632E+02, 7.989E+02, 2.487E+01, 1.411E+01, 5.745E+00, 1.597E+01, 3.044E-01, 2.830E-01, 2.449E-01, 2.732E-01, 1.483E+00, 3.400E-02, 3.117E-02,-6.075E-02, 1.582E-01,-1.674E-01, 3.022E-01, 2.743E-01, 2.060E-01,-1.813E-01,-1.260E+00,-3.957E-02,-5.458E-02,-5.798E-02, 8.013E-02,-1.137E-01, 6.039E-01, 3.327E-02
 4.400E+02, 8.043E+02, 2.739E+02, 1.713E+02, 7.944E+01, 4.322E+01, 3.694E+01, 6.268E+02, 5.185E+02, 4.524E+02, 2.361E+02, 7.461E+01, 4.925E+01, 1.238E+03, 7.572E+02, 1.128E+03, 8.856E+02, 6.976E+02, 7.871E+02, 2.117E+01, 1.466E+01, 5.868E+00, 1.645E+01, 3.026E-01, 2.723E-01, 1.944E-01, 2.508E-01, 1.459E+00,-1.273E-02, 3.217E-02, 5.483E-03, 1.103E-01,-2.193E-01, 3.018E-01, 2.516E-01, 1.525E-01,-2.001E-01,-1.240E+00,-2.084E-02,-9.890E-02,-8.116E-02, 9.589E-02,-1.301E-01, 6.533E-01, 6.346E-02
 4.500E+02, 8.104E+02, 3.438E+02, 2.112E+02, 7.760E+01, 4.397E+01, 3.753E+01, 6.129E+02, 5.043E+02, 4.361E+02, 2.271E+02, 7.763E+01, 5.000E+01, 1.202E+03, 7.327E+02, 1.100E+03, 8.313E+02, 8.005E+02, 8.689E+02, 2.237E+01, 1.378E+01, 5.888E+00, 1.802E+01, 3.125E-01, 2.850E-01, 2.218E-01, 2.120E-01, 1.475E+00, 5.010E-02,-4.892E-02,-5.043E-02, 5.693E-02,-1.908E-01, 3.066E-01, 2.618E-01, 2.027E-01,-2.003E-01,-1.228E+00,-5.461E-02,-9.904E-02,-6.070E-02, 9.579E-02,-9.734E-02, 6.452E-01, 1.178E-02
 4.600E+02, 7.552E+02, 3.430E+02, 2.135E+02, 6.206E+01, 4.280E+01, 3.777E+01, 6.288E+02, 5.205E+02, 4.510E+02, 2.073E+02, 6.771E+01, 5.108E+01, 1.219E+03, 7.192E+02, 1.140E+03, 8.325E+02, 7.730E+02, 9.241E+02, 1.913E+01, 1.470E+01, 5.946E+00, 1.813E+01, 3.105E-01, 2.873E-01, 2.257E-01, 2.216E-01, 1.477E+00, 3.086E-02,-6.617E-02,-4.999E-02, 1.468E-01,-1.441E-01, 3.113E-01, 2.760E-01, 2.143E-01,-1.744E-01,-1.210E+00,-4.950E-02,-5.436E-02,-5.049E-02, 8.908E-02,-1.595E-01, 6.962E-01, 9.502E-03
 4.700E+02, 7.990E+02, 3.814E+02, 2.569E+02, 7.742E+01, 4.198E+01, 3.656E+01, 6.369E+02, 5.443E+02, 4.851E+02, 2.364E+02, 7.771E+01, 5.190E+01, 1.231E+03, 7.312E+02, 1.127E+03, 8.724E+02, 7.208E+02, 8.941E+02, 2.021E+01, 1.452E+01, 6.082E+00, 1.803E+01, 3.216E-01, 2.954E-01, 2.519E-01, 2.844E-01, 1.462E+00, 6.566E-02,-2.838E-02,-1.014E-01, 1.562E-01,-2.020E-01, 3.167E-01, 2.956E-01, 2.294E-01,-1.645E-01,-1.228E+00,-4.515E-02,-1.139E-02,-2.541E-02, 6.376E-02,-1.311E-01, 6.987E-01, 5.486E-02
 4.800E+02, 7.198E+02, 3.049E+02, 1.976E+02, 7.458E+01, 4.531E+01, 3.935E+01, 6.264E+02, 5.283E+02, 4.646E+02, 2.584E+02, 8.173E+01, 5.195E+01, 1.220E+03, 6.910E+02, 1.116E+03, 8.372E+02, 8.818E+02, 9.214E+02, 1.885E+01, 1.479E+01, 6.072E+00, 1.898E+01, 3.371E-01, 3.093E-01, 2.515E-01, 3.134E-01, 1.499E+00, 1.050E-01,-1.011E-01,-1.240E-01, 1.649E-01,-1.495E-01, 3.181E-01, 2.774E-01, 2.088E-01,-2.230E-01,-1.264E+00,-3.512E-02,-8.344E-02,-5.673E-02, 7.522E-02,-2.047E-01, 6.903E-01, 6.271E-02
 4.900E+02, 8.495E+02, 3.031E+02, 1.969E+02, 7.321E+01, 4.429E+01, 3.763E+01, 6.481E+02, 5.235E+02, 4.617E+02, 2.017E+02, 6.676E+01, 5.321E+01, 1.226E+03, 7.763E+02, 1.116E+03, 8.860E+02, 6.665E+02, 7.588E+02, 2.296E+01, 1.470E+01, 6.217E+00, 1.607E+01, 3.240E-01, 3.000E-01, 2.432E-01, 2.450E-01, 1.484E+00, 5.194E-02,-4.874E-03,-8.794E-02, 1.579E-01,-1.236E-01, 3.260E-01, 2.846E-01, 2.178E-01,-1.376E-01,-1.252E+00,-2.287E-02,-6.996E-02,-4.395E-02, 6.134E-02,-1.339E-01, 6.860E-01, 3.531E-02
 5.000E+02, 7.669E+02, 2.997E+02, 1.868E+02, 7.775E+01, 4.640E+01, 3.878E+01, 6.287E+02, 5.464E+02, 4.865E+02, 2.351E+02, 7.388E+01, 5.162E+01, 1.250E+03, 7.545E+02, 1.132E+03, 8.778E+02, 7.525E+02, 8.918E+02, 2.125E+01, 1.483E+01, 6.287E+00, 1.753E+01, 3.246E-01, 2.977E-01, 2.407E-01, 2.422E-01, 1.437E+00, 6.613E-02,-7.992E-02,-3.293E-02, 1.283E-01,-2.238E-01, 3.158E-01, 2.763E-01, 2.316E-01,-1.721E-01,-1.198E+00,-4.611E-02,-7.780E-02,-6.212E-02, 9.668E-02,-8.782E-02, 6.904E-01, 3.162E-02
 5.100E+02, 7.316E+02, 3.466E+02, 2.258E+02, 7.253E+01, 4.658E+01, 3.938E+01, 6.146E+02, 5.107E+02, 4.561E+02, 2.308E+02, 8.582E+01, 5.227E+01, 1.245E+03, 7.259E+02, 1.118E+03, 8.445E+02, 7.110E+02, 8.461E+02, 2.008E+01, 1.481E+01, 6.318E+00, 1.857E+01, 3.234E-01, 2.978E-01, 2.326E-01, 2.778E-01, 1.485E+00, 2.550E-02,-8.360E-02,-4.622E-02, 1.505E-01,-1.403E-01, 3.222E-01, 2.751E-01, 2.157E-01,-1.825E-01,-1.250E+00,-4.688E-02,-7.972E-02,-5.742E-02, 8.056E-02,-1.286E-01, 7.149E-01, 8.727E-02
 5.200E+02, 8.226E+02, 3.698E+02, 2.248E+02, 6.102E+01, 4.425E+01, 3.881E+01, 6.456E+02, 5.434E+02, 4.812E+02, 2.567E+02, 7.548E+01, 5.180E+01, 1.215E+03, 7.490E+02, 1.136E+03, 8.638E+02, 8.387E+02, 8.823E+02, 2.087E+01, 1.532E+01, 6.362E+00, 1.762E+01, 3.217E-01, 2.885E-01, 2.419E-01, 2.968E-01, 1.415E+00,-8.301E-03,-3.897E-02,-4.919E-02, 1.443E-01,-1.567E-01, 3.201E-01, 2.817E-01, 2.267E-01,-2.358E-01,-1.173E+00,-6.283E-02,-4.384E-02,-4.806E-02, 1.047E-01,-3.570E-02, 7.233E-01, 6.999E-02
 5.300E+02, 7.406E+02, 3.219E+02, 1.876E+02, 6.009E+01, 4.471E+01, 3.850E+01, 6.276E+02, 5.333E+02, 4.621E+02, 2.224E+02, 6.790E+01, 5.313E+01, 1.253E+03, 7.905E+02, 1.132E+03, 8.876E+02, 8.712E+02, 9.570E+02, 2.067E+01, 1.480E+01, 6.534E+00, 1.967E+01, 3.193E-01, 2.848E-01, 2.199E-01, 2.618E-01, 1.505E+00,-1.282E-02,-1.262E-02, 5.723E-03, 1.295E-01,-1.815E-01, 3.218E-01, 2.640E-01, 2.031E-01,-2.113E-01,-1.242E+00,-1.694E-02,-1.105E-01,-6.458E-02, 9.905E-02,-1.502E-01, 7.217E-01, 6.410E-02
 5.400E+02, 6.562E+02, 2.911E+02, 2.008E+02, 7.822E+01, 4.730E+01, 4.272E+01, 6.436E+02, 5.415E+02, 4.800E+02, 2.451E+02, 7.651E+01, 5.329E+01, 1.235E+03, 6.636E+02, 1.117E+03, 8.913E+02, 8.026E+02, 9.384E+02, 1.697E+01, 1.554E+01, 6.555E+00, 1.987E+01, 3.464E-01, 3.132E-01, 2.460E-01, 2.942E-01, 1.436E+00, 5.282E-02,-1.008E-01,-6.210E-02, 1.529E-01,-1.937E-01, 3.418E-01, 2.916E-01, 2.239E-01,-2.272E-01,-1.187E+00,-2.333E-02,-7.014E-02,-5.984E-02, 9.799E-02,-7.303E-02, 6.762E-01, 9.993E-02
 5.500E+02, 7.724E+02, 3.669E+02, 2.440E+02, 7.036E+01, 4.615E+01, 4.063E+01, 6.298E+02, 5.270E+02, 4.799E+02, 2.684E+02, 7.367E+01, 5.473E+01, 1.211E+03, 7.073E+02, 1.126E+03, 8.497E+02, 7.308E+02, 8.824E+02, 2.138E+01, 1.518E+01, 6.530E+00, 1.872E+01, 3.422E-01, 3.192E-01, 2.561E-01, 2.803E-01, 1.497E+00, 5.606E-02,-1.006E-01,-6.846E-02, 1.583E-01,-1.443E-01, 3.333E-01, 2.939E-01, 2.387E-01,-2.062E-01,-1.238E+00,-6.543E-02,-7.592E-02,-4.394E-02, 6.710E-02,-1.473E-01, 7.427E-01, 6.535E-02
 5.600E+02, 8.376E+02, 2.879E+02, 1.741E+02, 5.875E+01, 4.572E+01, 4.113E+01, 6.174E+02, 5.245E+02, 4.595E+02, 2.314E+02, 7.876E+01, 5.385E+01, 1.213E+03, 7.441E+02, 1.119E+03, 8.393E+02, 7.518E+02, 8.444E+02, 2.365E+01, 1.460E+01, 6.595E+00, 1.776E+01, 3.466E-01, 3.202E-01, 2.494E-01, 3.046E-01, 1.495E+00, 1.054E-01,-1.137E-01,-8.542E-02, 1.846E-01,-1.223E-01, 3.324E-01, 2.915E-01, 2.256E-01,-2.288E-01,-1.242E+00,-4.219E-02,-5.984E-02,-5.819E-02, 8.336E-02,-1.496E-01, 6.834E-01, 5.584E-02
 5.700E+02, 8.088E+02, 2.933E+02, 2.132E+02, 8.824E+01, 4.560E+01, 3.938E+01, 6.304E+02, 5.412E+02, 4.813E+02, 2.134E+02, 6.888E+01, 5.404E+01, 1.242E+03, 7.259E+02, 1.141E+03, 8.681E+02, 8.380E+02, 9.203E+02, 2.088E+01, 1.535E+01, 6.775E+00, 1.879E+01, 3.379E-01, 3.136E-01, 2.520E-01, 2.872E-01, 1.525E+00, 7.070E-02,-6.841E-02,-7.934E-02, 1.573E-01,-1.473E-01, 3.344E-01, 3.063E-01, 2.312E-01,-2.162E-01,-1.281E+00,-7.847E-03,-1.624E-02,-5.063E-02, 7.096E-02,-2.034E-01, 7.002E-01, 7.183E-02
 5.800E+02, 7.423E+02, 3.597E+02, 2.476E+02, 8.358E+01, 4.847E+01, 4.073E+01, 6.245E+02, 5.330E+02, 4.671E+02, 2.614E+02, 8.033E+01, 5.448E+01, 1.241E+03, 7.292E+02, 1.129E+03, 8.552E+02, 7.540E+02, 8.861E+02, 2.060E+01, 1.532E+01, 6.687E+00, 1.843E+01, 3.459E-01, 3.052E-01, 2.467E-01, 2.942E-01, 1.481E+00, 2.061E-02,-5.650E-02,-3.749E-02, 1.312E-01,-1.201E-01, 3.433E-01, 2.952E-01, 2.265E-01,-2.454E-01,-1.249E+00,-3.845E-02,-6.371E-02,-7.700E-02, 1.052E-01,-1.044E-01, 6.915E-01, 5.268E-02
 5.900E+02, 7.660E+02, 3.097E+02, 1.948E+02, 8.329E+01, 4.817E+01, 4.163E+01, 6.402E+02, 5.234E+02, 4.644E+02, 2.085E+02, 7.013E+01, 5.457E+01, 1.221E+03, 7.123E+02, 1.117E+03, 8.556E+02, 7.659E+02, 8.880E+02, 2.168E+01, 1.537E+01, 6.859E+00, 1.889E+01, 3.381E-01, 3.072E-01, 2.514E-01, 3.072E-01, 1.490E+00, 6.061E-02,-8.191E-02,-8.158E-02, 1.692E-01,-1.697E-01, 3.334E-01, 2.937E-01, 2.286E-01,-2.563E-01,-1.267E+00,-4.320E-02,-4.393E-02,-6.668E-02, 1.035E-01,-1.256E-01, 6.516E-01, 1.511E-02
 6.000E+02, 7.972E+02, 2.931E+02, 1.952E+02, 7.416E+01, 4.676E+01, 4.099E+01, 6.343E+02, 5.224E+02, 4.615E+02, 2.382E+02, 7.670E+01, 5.522E+01, 1.224E+03, 7.142E+02, 1.141E+03, 8.504E+02, 8.244E+02, 9.506E+02, 2.139E+01, 1.536E+01, 6.857E+00, 1.960E+01, 3.364E-01, 3.187E-01, 2.714E-01, 2.763E-01, 1.495E+00, 4.165E-02, 6.089E-03,-1.289E-01, 1.420E-01,-1.631E-01, 3.374E-01, 3.175E-01, 2.298E-01,-1.934E-01,-1.232E+00,-2.011E-02,-2.916E-02,-3.133E-02, 6.405E-02,-1.694E-01, 6.893E-01, 5.798E-02
 6.100E+02, 9.443E+02, 3.524E+02, 2.116E+02, 7.696E+01, 4.654E+01, 4.055E+01, 6.560E+02, 5.580E+02, 4.846E+02, 2.463E+02, 8.542E+01, 5.482E+01, 1.272E+03, 8.313E+02, 1.171E+03, 9.053E+02, 6.969E+02, 8.506E+02, 2.963E+01, 1.609E+01, 7.450E+00, 1.758E+01, 3.319E-01, 3.044E-01, 2.511E-01, 3.087E-01, 1.599E+00, 5.510E-02,-5.060E-02,-4.960E-02, 1.592E-01,-1.503E-01, 3.210E-01, 2.933E-01, 2.267E-01,-2.375E-01,-1.338E+00,-6.560E-02,-7.477E-02,-2.614E-02, 9.040E-02,-2.185E-01, 7.448E-01, 8.727E-02
 6.200E+02, 8.276E+02, 3.096E+02, 2.040E+02, 8.437E+01, 5.226E+01, 4.355E+01, 6.380E+02, 5.314E+02, 4.755E+02, 2.588E+02, 8.811E+01, 5.854E+01, 1.243E+03, 6.989E+02, 1.138E+03, 8.650E+02, 7.347E+02, 9.366E+02, 2.482E+01, 1.667E+01, 7.585E+00, 2.037E+01, 3.428E-01, 3.066E-01, 2.234E-01, 2.904E-01, 1.557E+00,-2.618E-03,-6.969E-02, 3.521E-02, 1.178E-01,-7.512E-02, 3.444E-01, 2.797E-01, 1.952E-01,-2.247E-01,-1.331E+00,-3.277E-02,-9.791E-02,-8.007E-02, 1.039E-01,-1.463E-01, 7.089E-01, 8.679E-02
 6.300E+02, 8.668E+02, 3.591E+02, 2.162E+02, 6.408E+01, 4.755E+01, 4.139E+01, 6.724E+02, 5.613E+02, 4.716E+02, 1.788E+02, 6.788E+01, 5.817E+01, 1.272E+03, 8.053E+02, 1.179E+03, 9.462E+02, 8.015E+02, 8.643E+02, 2.678E+01, 1.736E+01, 7.768E+00, 1.914E+01, 3.377E-01, 3.035E-01, 2.355E-01, 2.780E-01, 1.548E+00, 2.805E-02, 6.620E-03,-2.558E-02, 1.336E-01,-1.059E-01, 3.350E-01, 2.935E-01, 2.226E-01,-2.148E-01,-1.355E+00,-3.651E-02,-9.395E-02,-7.264E-02, 8.995E-02,-1.163E-01, 7.029E-01, 7.557E-02
 6.400E+02, 8.772E+02, 4.402E+02, 2.928E+02, 8.371E+01, 4.874E+01, 4.049E+01, 6.562E+02, 5.500E+02, 4.864E+02, 2.461E+02, 8.776E+01, 5.816E+01, 1.256E+03, 7.327E+02, 1.165E+03, 8.766E+02, 8.382E+02, 8.946E+02, 2.647E+01, 1.695E+01, 7.787E+00, 1.946E+01, 3.386E-01, 3.092E-01, 2.347E-01, 3.003E-01, 1.570E+00, 2.341E-02,-3.594E-02,-5.763E-02, 1.714E-01,-7.273E-02, 3.369E-01, 2.998E-01, 2.058E-01,-2.450E-01,-1.336E+00,-6.333E-02,-7.858E-02,-6.371E-02, 9.407E-02,-1.120E-01, 7.842E-01, 1.136E-01
 6.500E+02, 7.978E+02, 3.546E+02, 2.299E+02, 7.621E+01, 4.977E+01, 4.320E+01, 6.516E+02, 5.473E+02, 4.853E+02, 2.639E+02, 8.866E+01, 5.786E+01, 1.247E+03, 6.870E+02, 1.150E+03, 8.568E+02, 8.469E+02, 9.524E+02, 2.330E+01, 1.723E+01, 7.814E+00, 2.106E+01, 3.465E-01, 3.214E-01, 2.500E-01, 3.141E-01, 1.563E+00, 1.812E-02,-9.265E-02,-5.537E-02, 1.477E-01,-3.980E-02, 3.503E-01, 3.079E-01, 2.278E-01,-2.681E-01,-1.335E+00,-4.222E-02,-5.424E-02,-6.898E-02, 8.057E-02,-1.330E-01, 7.359E-01, 7.711E-02
 6.600E+02, 7.520E+02, 2.813E+02, 1.656E+02, 7.379E+01, 5.219E+01, 4.276E+01, 6.828E+02, 5.747E+02, 4.929E+02, 2.399E+02, 9.641E+01, 5.788E+01, 1.265E+03, 7.440E+02, 1.158E+03, 9.300E+02, 8.481E+02, 9.773E+02, 2.051E+01, 1.776E+01, 7.983E+00, 2.188E+01, 3.414E-01, 3.032E-01, 2.406E-01, 3.375E-01, 1.530E+00, 1.557E-02,-5.012E-02,-2.948E-02, 1.165E-01,-1.312E-01, 3.386E-01, 2.936E-01, 2.286E-01,-2.994E-01,-1.286E+00,-4.870E-02,-7.676E-02,-6.096E-02, 1.088E-01,-1.053E-01, 7.571E-01, 1.214E-01
 6.700E+02, 7.660E+02, 3.093E+02, 2.037E+02, 7.554E+01, 5.103E+01, 4.514E+01, 6.689E+02, 5.479E+02, 4.803E+02, 2.411E+02, 8.578E+01, 5.894E+01, 1.249E+03, 7.289E+02, 1.147E+03, 8.973E+02, 7.665E+02, 9.894E+02, 2.303E+01, 1.735E+01, 8.053E+00, 2.117E+01, 3.575E-01, 3.302E-01, 2.549E-01, 3.405E-01, 1.509E+00, 7.567E-02,-7.899E-02,-7.699E-02, 1.659E-01,-2.045E-01, 3.517E-01, 3.215E-01, 2.360E-01,-2.699E-01,-1.263E+00,-5.137E-02,-3.942E-02,-5.906E-02, 9.583E-02,-7.786E-02, 7.168E-01, 6.629E-02
 6.800E+02, 8.649E+02, 3.794E+02, 2.369E+02, 7.276E+01, 4.974E+01, 4.227E+01, 6.694E+02, 5.602E+02, 4.977E+02, 2.507E+02, 8.204E+01, 6.093E+01, 1.254E+03, 7.550E+02, 1.159E+03, 9.298E+02, 8.288E+02, 9.298E+02, 2.526E+01, 1.729E+01, 8.129E+00, 2.140E+01, 3.506E-01, 3.195E-01, 2.644E-01, 3.252E-01, 1.576E+00, 7.851E-03, 2.458E-02,-1.064E-01, 1.459E-01,-1.000E-01, 3.556E-01, 3.240E-01, 2.362E-01,-2.437E-01,-1.362E+00,-1.046E-02,-2.390E-02,-3.841E-02, 1.115E-01,-1.205E-01, 7.758E-01, 8.028E-02
 6.900E+02, 7.989E+02, 3.567E+02, 2.473E+02, 8.874E+01, 5.433E+01, 4.418E+01, 6.704E+02, 5.663E+02, 4.962E+02, 2.507E+02, 9.248E+01, 5.887E+01, 1.242E+03, 7.584E+02, 1.133E+03, 9.130E+02, 8.448E+02, 9.731E+02, 2.327E+01, 1.791E+01, 8.150E+00, 2.109E+01, 3.633E-01, 3.255E-01, 2.460E-01, 3.054E-01, 1.579E+00, 4.446E-02,-1.021E-01,-2.993E-02, 8.598E-02,-9.548E-02, 3.591E-01, 2.958E-01, 2.150E-01,-2.558E-01,-1.348E+00,-5.673E-02,-1.004E-01,-7.986E-02, 1.213E-01,-1.423E-01, 7.414E-01, 6.151E-02
 7.000E+02, 7.557E+02, 3.860E+02, 2.760E+02, 9.291E+01, 5.369E+01, 4.530E+01, 6.661E+02, 5.757E+02, 5.280E+02, 3.026E+02, 9.818E+01, 5.930E+01, 1.258E+03, 6.650E+02, 1.154E+03, 8.880E+02, 7.951E+02, 9.744E+02, 2.188E+01, 1.691E+01, 8.175E+00, 2.259E+01, 3.550E-01, 3.189E-01, 2.562E-01, 3.446E-01, 1.580E+00,-1.797E-02,-6.192E-02,-5.766E-02, 1.525E-01,-9.705E-02, 3.575E-01, 3.100E-01, 2.409E-01,-2.843E-01,-1.322E+00,-4.560E-02,-5.756E-02,-6.170E-02, 1.117E-01,-1.562E-01, 7.375E-01, 6.318E-02
 7.100E+02, 8.063E+02, 2.779E+02, 1.740E+02, 6.693E+01, 5.053E+01, 4.360E+01, 6.539E+02, 5.532E+02, 4.849E+02, 2.561E+02, 8.705E+01, 5.937E+01, 1.250E+03, 7.054E+02, 1.131E+03, 8.937E+02, 8.268E+02, 1.035E+03, 2.348E+01, 1.751E+01, 8.294E+00, 2.258E+01, 3.712E-01, 3.412E-01, 2.460E-01, 3.186E-01, 1.574E+00, 7.400E-02,-9.365E-02,-7.213E-02, 1.051E-01,-4.324E-02, 3.665E-01, 3.231E-01, 2.017E-01,-2.708E-01,-1.317E+00,-3.405E-02,-7.749E-02,-5.607E-02, 1.009E-01,-1.616E-01, 7.093E-01, 8.875E-02
 7.200E+02, 7.734E+02, 3.657E+02, 2.556E+02, 8.486E+01, 5.446E+01, 4.663E+01, 6.592E+02, 5.563E+02, 4.968E+02, 2.918E+02, 1.106E+02, 5.904E+01, 1.206E+03, 6.977E+02, 1.129E+03, 8.638E+02, 8.419E+02, 9.448E+02, 2.457E+01, 1.740E+01, 8.301E+00, 2.274E+01, 3.580E-01, 3.231E-01, 2.536E-01, 3.456E-01, 1.623E+00, 6.652E-03,-4.775E-02,-6.345E-02, 1.525E-01,-9.418E-02, 3.554E-01, 3.157E-01, 2.314E-01,-2.814E-01,-1.374E+00,-6.761E-02,-6.312E-02,-5.002E-02, 1.033E-01,-2.005E-01, 7.498E-01, 8.506E-02
