s,,,,,,,
Time,"O2 EXHAUST","CO2 EXHAUST","H2O EXHAUST","CO EXHAUST","FUEL EXHAUST","SOOT EXHAUST","TEMP EXHAUST"
 0.0000000E+000, 2.3099745E-001, 5.9146511E-004, 5.9409840E-003, 0.0000000E+000, 0.0000000E+000, 0.0000000E+000, 2.0000000E+001
 1.0023636E+000, 2.3099745E-001, 5.9146511E-004, 5.9409840E-003, 1.8792083E-029, 5.9528337E-029, 5.9202617E-030, 2.0249583E+001
 2.0054037E+000, 2.2482167E-001, 5.2305840E-003, 8.5986334E-003, 5.1848767E-005, 1.0910674E-004, 4.7899244E-005, 8.3060074E+001
 3.0006840E+000, 2.2379365E-001, 5.9713314E-003, 9.0527477E-003, 8.3625850E-005, 1.1677116E-004, 6.0631766E-005, 9.3768553E+001
 4.0021607E+000, 2.1996376E-001, 8.7807663E-003, 1.0720915E-002, 1.6151525E-004, 1.9343270E-004, 9.9698463E-005, 1.2685438E+002
 5.0026367E+000, 2.1701937E-001, 1.1002353E-002, 1.1990994E-002, 1.8410289E-004, 2.0746874E-004, 1.2215128E-004, 1.5195080E+002
 6.0025109E+000, 2.1406298E-001, 1.3205377E-002, 1.3268599E-002, 2.2102968E-004, 2.6146913E-004, 1.4756008E-004, 1.7772878E+002
 7.0025596E+000, 2.0879577E-001, 1.7183142E-002, 1.5536430E-002, 2.5661018E-004, 3.0560281E-004, 1.8670991E-004, 2.1851414E+002
 8.0060375E+000, 2.0589286E-001, 1.9413338E-002, 1.6782789E-002, 2.5643517E-004, 2.7685065E-004, 2.0430545E-004, 2.3938332E+002
 9.0044809E+000, 2.0143175E-001, 2.2790906E-002, 1.8703480E-002, 2.8265555E-004, 2.9774450E-004, 2.3668434E-004, 2.6930405E+002
 1.0002490E+001, 1.9758940E-001, 2.5773047E-002, 2.0342895E-002, 2.6094433E-004, 2.6390642E-004, 2.5556549E-004, 2.9064048E+002
 1.1005354E+001, 1.9404089E-001, 2.8495021E-002, 2.1865370E-002, 2.6181218E-004, 2.4367299E-004, 2.7727506E-004, 3.1322081E+002
 1.2003602E+001, 1.8924027E-001, 3.2244315E-002, 2.3908307E-002, 2.2004736E-004, 1.8828148E-004, 2.9788279E-004, 3.3429071E+002
 1.3004832E+001, 1.8427340E-001, 3.6111980E-002, 2.6024403E-002, 1.8384901E-004, 1.3865492E-004, 3.2063087E-004, 3.5493557E+002
 1.4000796E+001, 1.7884322E-001, 4.0320181E-002, 2.8342117E-002, 1.5662883E-004, 9.8105489E-005, 3.4801414E-004, 3.7611170E+002
 1.5006918E+001, 1.7485556E-001, 4.3410828E-002, 3.0043958E-002, 1.3634928E-004, 6.8749233E-005, 3.6806300E-004, 3.8514515E+002
 1.6005008E+001, 1.7108945E-001, 4.6321867E-002, 3.1652872E-002, 1.2199737E-004, 4.6499131E-005, 3.8797436E-004, 3.9066530E+002
 1.7002172E+001, 1.6855150E-001, 4.8281793E-002, 3.2737382E-002, 1.1334798E-004, 3.3350280E-005, 4.0159942E-004, 3.9737011E+002
 1.8008490E+001, 1.6413107E-001, 5.1683110E-002, 3.4628928E-002, 1.0585158E-004, 1.8554689E-005, 4.2687062E-004, 4.0759726E+002
 1.9006093E+001, 1.5527554E-001, 5.8470013E-002, 3.8423874E-002, 1.0727506E-004, 7.6682898E-006, 4.8084073E-004, 4.2091018E+002
 2.0002684E+001, 1.5575547E-001, 5.8104011E-002, 3.8217829E-002, 1.0609086E-004, 7.0097254E-006, 4.7769063E-004, 4.1563013E+002
 2.1007517E+001, 1.5102108E-001, 6.1729274E-002, 4.0247365E-002, 1.0879483E-004, 3.3582409E-006, 5.0693962E-004, 4.2305432E+002
 2.2004147E+001, 1.4925048E-001, 6.3083405E-002, 4.1006753E-002, 1.1084107E-004, 3.0068142E-006, 5.1808909E-004, 4.1853270E+002
 2.3005689E+001, 1.4556584E-001, 6.5902175E-002, 4.2586873E-002, 1.1459884E-004, 1.7848022E-006, 5.4118939E-004, 4.2853073E+002
 2.4001349E+001, 1.4310483E-001, 6.7784103E-002, 4.3642411E-002, 1.1757253E-004, 1.4633708E-006, 5.5671269E-004, 4.2644407E+002
 2.5001250E+001, 1.3887180E-001, 7.1021032E-002, 4.5457973E-002, 1.2271113E-004, 1.0610443E-006, 5.8341802E-004, 4.2678244E+002
 2.6006735E+001, 1.3680359E-001, 7.2602409E-002, 4.6345085E-002, 1.2532630E-004, 8.5537600E-007, 5.9648737E-004, 4.2901950E+002
 2.7000276E+001, 1.3414741E-001, 7.4633510E-002, 4.7484348E-002, 1.2858154E-004, 5.8303762E-007, 6.1325106E-004, 4.3043455E+002
 2.8007602E+001, 1.3365011E-001, 7.5013719E-002, 4.7697648E-002, 1.2922033E-004, 6.1961221E-007, 6.1639548E-004, 4.2715809E+002
 2.9008955E+001, 1.3145856E-001, 7.6688973E-002, 4.8637750E-002, 1.3225153E-004, 7.0564380E-007, 6.3029711E-004, 4.2430565E+002
 3.0005473E+001, 1.2754169E-001, 7.9683647E-002, 5.0317837E-002, 1.3732586E-004, 5.2290862E-007, 6.5507309E-004, 4.2730056E+002
 3.1007500E+001, 1.2299909E-001, 8.3156980E-002, 5.2266240E-002, 1.4303362E-004, 3.2060635E-007, 6.8377076E-004, 4.3671247E+002
 3.2004182E+001, 1.2342528E-001, 8.2830710E-002, 5.2083544E-002, 1.4275779E-004, 4.6745417E-007, 6.8113136E-004, 4.2762280E+002
 3.3007346E+001, 1.2154082E-001, 8.4271541E-002, 5.2891839E-002, 1.4516225E-004, 4.0541782E-007, 6.9304386E-004, 4.2536742E+002
 3.4006262E+001, 1.2024447E-001, 8.5262656E-002, 5.3447882E-002, 1.4684326E-004, 4.1756508E-007, 7.0124405E-004, 4.2452323E+002
 3.5002306E+001, 1.1691865E-001, 8.7805595E-002, 5.4874392E-002, 1.5103966E-004, 2.9550947E-007, 7.2225834E-004, 4.3289977E+002
 3.6002440E+001, 1.1723236E-001, 8.7565686E-002, 5.4739848E-002, 1.5067348E-004, 3.1954929E-007, 7.2028221E-004, 4.2995137E+002
 3.7008138E+001, 1.1431255E-001, 8.9797916E-002, 5.5992287E-002, 1.5453690E-004, 2.7790099E-007, 7.3876776E-004, 4.2883386E+002
 3.8005313E+001, 1.1292614E-001, 9.0857563E-002, 5.6587053E-002, 1.5655245E-004, 3.4988220E-007, 7.4758220E-004, 4.2356286E+002
 3.9002089E+001, 1.0933176E-001, 9.3605433E-002, 5.8128867E-002, 1.6135986E-004, 3.1086401E-007, 7.7034902E-004, 4.3027838E+002
 4.0001915E+001, 1.0747672E-001, 9.5023921E-002, 5.8924492E-002, 1.6361887E-004, 2.5079850E-007, 7.8205339E-004, 4.3456494E+002
 4.1007960E+001, 1.0721613E-001, 9.5223081E-002, 5.9036301E-002, 1.6401545E-004, 2.2719687E-007, 7.8371391E-004, 4.3323852E+002
 4.2000748E+001, 1.0616750E-001, 9.6024946E-002, 5.9486041E-002, 1.6527482E-004, 2.4526840E-007, 7.9032652E-004, 4.2930811E+002
 4.3001999E+001, 1.0458083E-001, 9.7237735E-002, 6.0166701E-002, 1.6753187E-004, 2.8467359E-007, 8.0040406E-004, 4.2619232E+002
 4.4006165E+001, 1.0200410E-001, 9.9205313E-002, 6.1272649E-002, 1.7251978E-004, 7.5932575E-007, 8.1704039E-004, 4.3188831E+002
 4.5001561E+001, 1.0246180E-001, 9.8856943E-002, 6.1075878E-002, 1.7087866E-004, 4.4489545E-007, 8.1393084E-004, 4.2067369E+002
 4.6007614E+001, 9.9145250E-002, 1.0138047E-001, 6.2501969E-002, 1.8333539E-004, 2.5788152E-006, 8.3657895E-004, 4.2772713E+002
 4.7010038E+001, 9.8995620E-002, 1.0150143E-001, 6.2564227E-002, 1.7910285E-004, 1.5543653E-006, 8.3661955E-004, 4.1829940E+002
 4.8001775E+001, 9.6460968E-002, 1.0340404E-001, 6.3661588E-002, 2.0605216E-004, 8.0880240E-006, 8.5749397E-004, 4.3362177E+002
 4.9004740E+001, 9.5942165E-002, 1.0381634E-001, 6.3879609E-002, 1.9622030E-004, 5.1555912E-006, 8.5862663E-004, 4.2689509E+002
 5.0001399E+001, 9.3592178E-002, 1.0558370E-001, 6.4896121E-002, 2.1900301E-004, 1.0154213E-005, 8.7753011E-004, 4.2027953E+002
 5.1004509E+001, 9.2779683E-002, 1.0620221E-001, 6.5245290E-002, 2.2177271E-004, 1.1324609E-005, 8.8301978E-004, 4.1598962E+002
 5.2009762E+001, 8.9767509E-002, 1.0845859E-001, 6.6550946E-002, 2.5708959E-004, 1.8647564E-005, 9.0850195E-004, 4.2925400E+002
 5.3004233E+001, 9.0772629E-002, 1.0770394E-001, 6.6115619E-002, 2.4635507E-004, 1.7437793E-005, 9.0021246E-004, 4.1491826E+002
 5.4006590E+001, 8.8107213E-002, 1.0972087E-001, 6.7264669E-002, 2.6364030E-004, 2.2919762E-005, 9.1989984E-004, 4.2113424E+002
 5.5004600E+001, 8.8253264E-002, 1.0960145E-001, 6.7204041E-002, 2.6849350E-004, 2.5729285E-005, 9.2000566E-004, 4.2358745E+002
 5.6003282E+001, 8.6549753E-002, 1.1088108E-001, 6.7941124E-002, 2.8585734E-004, 3.1052527E-005, 9.3388040E-004, 4.2321766E+002
 5.7004334E+001, 8.5668325E-002, 1.1154278E-001, 6.8322536E-002, 2.9504721E-004, 3.4402004E-005, 9.4110072E-004, 4.2176039E+002
 5.8001570E+001, 8.4422188E-002, 1.1246311E-001, 6.8866018E-002, 3.1812588E-004, 4.2695428E-005, 9.5337109E-004, 4.1542855E+002
 5.9003994E+001, 8.2266192E-002, 1.1407386E-001, 6.9801930E-002, 3.4638749E-004, 4.7879089E-005, 9.7222180E-004, 4.2638124E+002
 6.0002763E+001, 8.1842793E-002, 1.1438596E-001, 6.9986847E-002, 3.5469621E-004, 5.0275398E-005, 9.7648726E-004, 4.2406965E+002
 6.1007067E+001, 8.1095940E-002, 1.1493097E-001, 7.0314173E-002, 3.7271363E-004, 5.8314557E-005, 9.8469497E-004, 4.2289213E+002
 6.2004874E+001, 7.9083806E-002, 1.1645420E-001, 7.1181599E-002, 3.8547841E-004, 6.1173532E-005, 9.9950066E-004, 4.2355906E+002
 6.3008316E+001, 7.8125454E-002, 1.1716598E-001, 7.1598644E-002, 4.0072095E-004, 6.5409492E-005, 1.0084266E-003, 4.2208801E+002
 6.4008297E+001, 7.7598678E-002, 1.1757629E-001, 7.1822309E-002, 3.9624811E-004, 6.4662621E-005, 1.0107030E-003, 4.1768810E+002
 6.5006970E+001, 7.4331451E-002, 1.2004020E-001, 7.3233707E-002, 4.2345723E-004, 6.9956269E-005, 1.0360716E-003, 4.3177256E+002
 6.6006097E+001, 7.5251241E-002, 1.1934999E-001, 7.2834945E-002, 4.1316299E-004, 7.0532792E-005, 1.0283870E-003, 4.2032092E+002
 6.7003337E+001, 7.3340107E-002, 1.2078585E-001, 7.3661513E-002, 4.3225392E-004, 7.8148151E-005, 1.0438707E-003, 4.2464137E+002
 6.8007298E+001, 7.3454825E-002, 1.2068520E-001, 7.3615944E-002, 4.4071837E-004, 8.1126158E-005, 1.0449064E-003, 4.2010267E+002
 6.9008369E+001, 7.0665961E-002, 1.2272190E-001, 7.4839887E-002, 5.0856817E-004, 9.7826969E-005, 1.0756907E-003, 4.2295063E+002
 7.0006362E+001, 7.1972132E-002, 1.2176273E-001, 7.4267559E-002, 4.7986195E-004, 9.4783976E-005, 1.0618956E-003, 4.1376315E+002
 7.1005588E+001, 7.0640764E-002, 1.2279035E-001, 7.4835865E-002, 4.7509400E-004, 9.2693411E-005, 1.0689891E-003, 4.1992999E+002
 7.2004173E+001, 6.7559102E-002, 1.2511813E-001, 7.6165468E-002, 4.9779324E-004, 1.0030414E-004, 1.0923057E-003, 4.2551441E+002
 7.3009657E+001, 6.7391368E-002, 1.2520023E-001, 7.6250811E-002, 5.2904536E-004, 1.0829899E-004, 1.0997169E-003, 4.2295285E+002
 7.4002577E+001, 6.6670928E-002, 1.2577600E-001, 7.6552571E-002, 5.1317906E-004, 1.0404503E-004, 1.1008363E-003, 4.1443925E+002
 7.5007037E+001, 6.6181427E-002, 1.2613548E-001, 7.6766160E-002, 5.2324254E-004, 1.1069635E-004, 1.1058561E-003, 4.2099048E+002
 7.6001185E+001, 6.6534150E-002, 1.2586082E-001, 7.6616131E-002, 5.2600260E-004, 1.1270087E-004, 1.1042816E-003, 4.2085166E+002
 7.7002290E+001, 6.4473494E-002, 1.2741953E-001, 7.7504808E-002, 5.3989413E-004, 1.1604359E-004, 1.1196116E-003, 4.2657074E+002
 7.8008475E+001, 6.4155322E-002, 1.2766234E-001, 7.7641116E-002, 5.4038108E-004, 1.1795446E-004, 1.1216368E-003, 4.2018333E+002
 7.9007196E+001, 6.2713088E-002, 1.2873489E-001, 7.8268338E-002, 5.6239443E-004, 1.2402270E-004, 1.1348803E-003, 4.1994202E+002
 8.0000529E+001, 6.3225955E-002, 1.2833556E-001, 7.8049753E-002, 5.6605269E-004, 1.2958506E-004, 1.1325144E-003, 4.2077361E+002
 8.1007515E+001, 6.1870664E-002, 1.2935160E-001, 7.8636783E-002, 5.8124896E-004, 1.3398600E-004, 1.1438360E-003, 4.1542557E+002
 8.2004418E+001, 5.9489328E-002, 1.3118221E-001, 7.9655864E-002, 5.7805052E-004, 1.2888861E-004, 1.1576180E-003, 4.2179984E+002
 8.3002453E+001, 5.8518565E-002, 1.3187745E-001, 8.0085723E-002, 6.1076602E-004, 1.3804728E-004, 1.1701938E-003, 4.2403161E+002
 8.4003813E+001, 5.8569882E-002, 1.3181107E-001, 8.0071525E-002, 6.2890506E-004, 1.4317170E-004, 1.1735937E-003, 4.2709645E+002
 8.5005625E+001, 5.9063547E-002, 1.3144741E-001, 7.9855206E-002, 6.1856441E-004, 1.4432464E-004, 1.1684810E-003, 4.2114742E+002
 8.6005056E+001, 5.6965178E-002, 1.3305906E-001, 8.0753616E-002, 6.1671506E-004, 1.4004137E-004, 1.1808237E-003, 4.1986970E+002
 8.7007895E+001, 5.5488642E-002, 1.3412840E-001, 8.1404148E-002, 6.5861223E-004, 1.5090674E-004, 1.1983440E-003, 4.2520760E+002
 8.8004652E+001, 5.5110872E-002, 1.3440909E-001, 8.1567957E-002, 6.6412410E-004, 1.5598874E-004, 1.2017559E-003, 4.1949869E+002
 8.9002678E+001, 5.4814607E-002, 1.3466271E-001, 8.1687764E-002, 6.4673320E-004, 1.4756280E-004, 1.1999983E-003, 4.2306960E+002
 9.0000099E+001, 5.4919216E-002, 1.3456449E-001, 8.1647725E-002, 6.5851138E-004, 1.5360360E-004, 1.2017702E-003, 4.1452521E+002
 9.1002053E+001, 5.3236224E-002, 1.3584478E-001, 8.2370891E-002, 6.6457175E-004, 1.5838626E-004, 1.2132044E-003, 4.1734539E+002
 9.2005790E+001, 5.2492328E-002, 1.3642991E-001, 8.2685598E-002, 6.5480534E-004, 1.5315726E-004, 1.2157177E-003, 4.2406565E+002
 9.3005725E+001, 5.0629196E-002, 1.3784966E-001, 8.3486283E-002, 6.6051094E-004, 1.5296978E-004, 1.2281778E-003, 4.1894101E+002
 9.4007263E+001, 4.9863532E-002, 1.3844314E-001, 8.3812534E-002, 6.5620088E-004, 1.5043532E-004, 1.2319377E-003, 4.2348718E+002
 9.5007571E+001, 4.9581746E-002, 1.3864908E-001, 8.3935310E-002, 6.6230364E-004, 1.5733014E-004, 1.2348865E-003, 4.2803650E+002
 9.6006754E+001, 4.8783436E-002, 1.3920663E-001, 8.4293708E-002, 6.9934815E-004, 1.6246861E-004, 1.2473102E-003, 4.2455128E+002
 9.7009629E+001, 4.8677223E-002, 1.3932822E-001, 8.4327480E-002, 6.7227510E-004, 1.5584068E-004, 1.2424138E-003, 4.2308106E+002
 9.8006638E+001, 4.7143755E-002, 1.4044743E-001, 8.5001448E-002, 7.1063462E-004, 1.6030282E-004, 1.2595629E-003, 4.2619296E+002
 9.9002685E+001, 4.9726550E-002, 1.3848879E-001, 8.3887747E-002, 6.9558535E-004, 1.6498772E-004, 1.2408203E-003, 4.1479712E+002
 1.0000617E+002, 4.6292997E-002, 1.4109051E-001, 8.5368577E-002, 7.1674553E-004, 1.6110590E-004, 1.2659698E-003, 4.2301239E+002
 1.0100585E+002, 4.7027414E-002, 1.4053178E-001, 8.5052102E-002, 7.1343065E-004, 1.6470291E-004, 1.2608349E-003, 4.2017894E+002
 1.0200481E+002, 4.6369782E-002, 1.4101380E-001, 8.5340302E-002, 7.2832359E-004, 1.6774178E-004, 1.2678685E-003, 4.2355309E+002
 1.0300950E+002, 4.4633149E-002, 1.4234934E-001, 8.6083184E-002, 7.2552008E-004, 1.6484072E-004, 1.2778216E-003, 4.2636509E+002
 1.0400376E+002, 4.4828862E-002, 1.4216420E-001, 8.6009662E-002, 7.4923944E-004, 1.7028282E-004, 1.2814899E-003, 4.2375273E+002
 1.0500770E+002, 4.5014208E-002, 1.4197365E-001, 8.5943798E-002, 7.8143579E-004, 1.8212437E-004, 1.2869497E-003, 4.2314592E+002
 1.0600641E+002, 4.2895157E-002, 1.4359135E-001, 8.6854545E-002, 7.8666178E-004, 1.7561507E-004, 1.3008711E-003, 4.2770321E+002
 1.0700623E+002, 4.3349030E-002, 1.4326896E-001, 8.6651755E-002, 7.6878222E-004, 1.7732165E-004, 1.2944534E-003, 4.2234445E+002
 1.0800492E+002, 4.2775369E-002, 1.4365138E-001, 8.6913955E-002, 8.0717533E-004, 1.8809583E-004, 1.3057843E-003, 4.2786679E+002
 1.0900721E+002, 4.1869434E-002, 1.4435305E-001, 8.7300316E-002, 8.0257970E-004, 1.8405795E-004, 1.3103378E-003, 4.2229543E+002
 1.1000182E+002, 4.3263725E-002, 1.4328370E-001, 8.6702378E-002, 8.0236938E-004, 1.8992399E-004, 1.3018373E-003, 4.1261892E+002
 1.1100026E+002, 4.2285715E-002, 1.4403044E-001, 8.7122863E-002, 8.0483898E-004, 1.8578145E-004, 1.3082759E-003, 4.1531461E+002
 1.1200383E+002, 4.1912960E-002, 1.4430224E-001, 8.7286354E-002, 8.1401997E-004, 1.8944637E-004, 1.3124115E-003, 4.1531164E+002
 1.1301049E+002, 4.1005068E-002, 1.4501804E-001, 8.7669639E-002, 8.0073975E-004, 1.8475473E-004, 1.3151976E-003, 4.2022969E+002
 1.1400322E+002, 4.1416665E-002, 1.4473075E-001, 8.7485272E-002, 7.8188104E-004, 1.7917456E-004, 1.3088456E-003, 4.2924346E+002
 1.1500480E+002, 4.0337399E-002, 1.4554313E-001, 8.7951102E-002, 7.9124978E-004, 1.8639050E-004, 1.3172960E-003, 4.2397235E+002
 1.1600152E+002, 3.8452157E-002, 1.4695628E-001, 8.8769089E-002, 8.1355153E-004, 1.8410470E-004, 1.3332948E-003, 4.2525496E+002
 1.1700559E+002, 3.9814965E-002, 1.4588314E-001, 8.8192718E-002, 8.3210242E-004, 1.9496865E-004, 1.3288237E-003, 4.1608717E+002
 1.1800233E+002, 3.9272874E-002, 1.4623755E-001, 8.8443633E-002, 8.7392912E-004, 1.9942339E-004, 1.3406760E-003, 4.2421565E+002
 1.1900827E+002, 3.9460141E-002, 1.4616700E-001, 8.8340411E-002, 8.2345401E-004, 1.9806219E-004, 1.3291969E-003, 4.2084628E+002
 1.2000464E+002, 3.7552523E-002, 1.4757214E-001, 8.9175451E-002, 8.6280211E-004, 1.9912053E-004, 1.3488207E-003, 4.1957392E+002
 1.2100407E+002, 3.8361164E-002, 1.4696538E-001, 8.8824015E-002, 8.5307545E-004, 2.0488171E-004, 1.3419186E-003, 4.2293000E+002
 1.2200565E+002, 3.7579266E-002, 1.4758089E-001, 8.9154435E-002, 8.4231471E-004, 2.0068177E-004, 1.3444570E-003, 4.2188818E+002
 1.2300048E+002, 3.7820818E-002, 1.4737293E-001, 8.9057973E-002, 8.5795999E-004, 2.0232561E-004, 1.3461979E-003, 4.1707276E+002
 1.2400968E+002, 3.7410580E-002, 1.4767447E-001, 8.9236334E-002, 8.6577871E-004, 2.1134336E-004, 1.3502739E-003, 4.1614813E+002
 1.2500739E+002, 3.5690084E-002, 1.4894207E-001, 8.9991128E-002, 9.0240602E-004, 2.0140211E-004, 1.3682214E-003, 4.1915950E+002
 1.2600810E+002, 3.6185602E-002, 1.4861005E-001, 8.9762389E-002, 8.6828302E-004, 2.0939998E-004, 1.3582131E-003, 4.2526858E+002
 1.2700728E+002, 3.3357669E-002, 1.5065084E-001, 9.1013996E-002, 9.5613380E-004, 2.0937504E-004, 1.3933573E-003, 4.2791756E+002
 1.2800533E+002, 3.5195587E-002, 1.4932672E-001, 9.0200458E-002, 8.9795890E-004, 2.0561486E-004, 1.3703006E-003, 4.1978405E+002
 1.2900864E+002, 3.3113747E-002, 1.5089262E-001, 9.1102450E-002, 9.1916959E-004, 2.0052436E-004, 1.3872710E-003, 4.2391133E+002
 1.3000281E+002, 3.3351494E-002, 1.5074038E-001, 9.0990831E-002, 8.9818414E-004, 2.0202314E-004, 1.3815267E-003, 4.2210047E+002
 1.3100342E+002, 3.2553264E-002, 1.5135292E-001, 9.1333338E-002, 8.9829326E-004, 1.9682052E-004, 1.3863935E-003, 4.2907603E+002
 1.3200109E+002, 3.1914212E-002, 1.5179397E-001, 9.1621477E-002, 9.3126837E-004, 2.0364764E-004, 1.3970156E-003, 4.2839820E+002
 1.3300648E+002, 3.2621016E-002, 1.5128853E-001, 9.1305893E-002, 9.0511919E-004, 2.1165086E-004, 1.3873613E-003, 4.2328912E+002
 1.3400726E+002, 3.2237536E-002, 1.5162761E-001, 9.1456932E-002, 8.7465089E-004, 2.0445055E-004, 1.3834499E-003, 4.2630340E+002
 1.3500113E+002, 3.2782631E-002, 1.5118980E-001, 9.1228843E-002, 8.8781017E-004, 2.1055800E-004, 1.3828355E-003, 4.2201330E+002
 1.3600947E+002, 3.1079484E-002, 1.5232231E-001, 9.2012393E-002, 1.0069904E-003, 2.1662106E-004, 1.4175770E-003, 4.2330573E+002
 1.3700508E+002, 3.2236016E-002, 1.5153771E-001, 9.1484322E-002, 9.3613231E-004, 2.1838209E-004, 1.3960419E-003, 4.1744725E+002
 1.3800788E+002, 3.0817349E-002, 1.5258661E-001, 9.2104994E-002, 9.6337332E-004, 2.1352665E-004, 1.4102293E-003, 4.2745203E+002
 1.3900692E+002, 3.2191810E-002, 1.5157479E-001, 9.1503077E-002, 9.3455492E-004, 2.1320278E-004, 1.3959937E-003, 4.2844689E+002
 1.4000070E+002, 3.0359184E-002, 1.5293914E-001, 9.2300549E-002, 9.6221884E-004, 2.1509233E-004, 1.4127669E-003, 4.2271963E+002
 1.4100271E+002, 2.9436127E-002, 1.5362301E-001, 9.2704376E-002, 9.7930107E-004, 2.0925208E-004, 1.4218701E-003, 4.2759465E+002
 1.4200639E+002, 3.0539917E-002, 1.5281753E-001, 9.2216796E-002, 9.4975810E-004, 2.2102959E-004, 1.4091092E-003, 4.2051537E+002
 1.4300004E+002, 3.0975442E-002, 1.5247050E-001, 9.2033592E-002, 9.5828255E-004, 2.2639046E-004, 1.4082098E-003, 4.1724846E+002
 1.4400422E+002, 2.9559774E-002, 1.5355000E-001, 9.2644754E-002, 9.6440655E-004, 2.0761157E-004, 1.4180701E-003, 4.2912946E+002
 1.4500291E+002, 3.0719802E-002, 1.5266341E-001, 9.2144295E-002, 9.6056049E-004, 2.2488396E-004, 1.4102280E-003, 4.1474565E+002
 1.4600652E+002, 2.9831474E-002, 1.5329464E-001, 9.2540491E-002, 9.9490553E-004, 2.2546683E-004, 1.4226502E-003, 4.1715380E+002
 1.4700518E+002, 2.9485198E-002, 1.5361065E-001, 9.2672683E-002, 9.5976562E-004, 2.2559366E-004, 1.4175456E-003, 4.2377985E+002
 1.4800085E+002, 2.8305960E-002, 1.5444496E-001, 9.3200372E-002, 1.0083362E-003, 2.2273367E-004, 1.4346514E-003, 4.2378606E+002
 1.4900331E+002, 2.7735600E-002, 1.5485991E-001, 9.3452421E-002, 1.0242508E-003, 2.1850696E-004, 1.4413757E-003, 4.2497900E+002
 1.5000754E+002, 2.8296448E-002, 1.5444530E-001, 9.3206885E-002, 1.0133317E-003, 2.2133302E-004, 1.4357350E-003, 4.1993789E+002
 1.5101000E+002, 2.7747011E-002, 1.5472254E-001, 9.3487109E-002, 1.1124698E-003, 2.2697983E-004, 1.4593776E-003, 4.2081016E+002
 1.5200970E+002, 2.8468484E-002, 1.5430823E-001, 9.3133358E-002, 1.0158063E-003, 2.3059961E-004, 1.4351867E-003, 4.2461132E+002
 1.5300358E+002, 2.7637042E-002, 1.5486786E-001, 9.3514859E-002, 1.0701680E-003, 2.2651345E-004, 1.4513737E-003, 4.1794839E+002
 1.5400434E+002, 2.6719464E-002, 1.5550210E-001, 9.3931559E-002, 1.1193568E-003, 2.1597014E-004, 1.4670314E-003, 4.2682681E+002
 1.5500171E+002, 2.5782915E-002, 1.5631574E-001, 9.4301957E-002, 1.0526457E-003, 2.1751101E-004, 1.4590304E-003, 4.2629358E+002
 1.5600394E+002, 2.6408066E-002, 1.5585498E-001, 9.4028668E-002, 1.0401546E-003, 2.1545323E-004, 1.4526846E-003, 4.2591149E+002
 1.5700444E+002, 2.6263451E-002, 1.5598067E-001, 9.4085077E-002, 1.0292301E-003, 2.2045378E-004, 1.4513146E-003, 4.2127082E+002
 1.5800039E+002, 2.8416932E-002, 1.5434606E-001, 9.3156086E-002, 1.0170603E-003, 2.2992896E-004, 1.4357571E-003, 4.1595709E+002
 1.5900872E+002, 2.7061701E-002, 1.5534609E-001, 9.3748514E-002, 1.0435930E-003, 2.3218940E-004, 1.4494050E-003, 4.2364915E+002
 1.6000660E+002, 2.7765520E-002, 1.5477388E-001, 9.3455222E-002, 1.0646295E-003, 2.4619409E-004, 1.4494324E-003, 4.1194236E+002
 1.6100640E+002, 2.6631031E-002, 1.5574620E-001, 9.3911168E-002, 9.9535125E-004, 2.2924086E-004, 1.4421305E-003, 4.2882211E+002
 1.6200756E+002, 2.6629633E-002, 1.5568408E-001, 9.3930515E-002, 1.0381650E-003, 2.3772108E-004, 1.4509029E-003, 4.2834789E+002
 1.6300398E+002, 2.7872316E-002, 1.5472219E-001, 9.3399998E-002, 1.0437898E-003, 2.4543906E-004, 1.4445146E-003, 4.1825354E+002
 1.6400133E+002, 2.6700144E-002, 1.5565498E-001, 9.3891722E-002, 1.0203553E-003, 2.4173831E-004, 1.4468194E-003, 4.1916350E+002
 1.6500524E+002, 2.5184580E-002, 1.5682532E-001, 9.4542015E-002, 1.0172522E-003, 2.1747842E-004, 1.4554014E-003, 4.3057625E+002
 1.6600548E+002, 2.4684443E-002, 1.5711676E-001, 9.4784166E-002, 1.0800011E-003, 2.2565630E-004, 1.4712828E-003, 4.2051259E+002
 1.6700472E+002, 2.5154223E-002, 1.5672987E-001, 9.4590253E-002, 1.0976880E-003, 2.3330140E-004, 1.4720507E-003, 4.2115408E+002
 1.6800724E+002, 2.4621601E-002, 1.5704695E-001, 9.4846676E-002, 1.1603739E-003, 2.3779754E-004, 1.4881211E-003, 4.2688132E+002
 1.6901042E+002, 2.4683108E-002, 1.5708439E-001, 9.4792770E-002, 1.1011933E-003, 2.4175750E-004, 1.4756122E-003, 4.2453607E+002
 1.7000577E+002, 2.4261229E-002, 1.5744250E-001, 9.4964646E-002, 1.0787706E-003, 2.2789029E-004, 1.4735920E-003, 4.2800289E+002
 1.7100175E+002, 2.3092223E-002, 1.5825645E-001, 9.5491018E-002, 1.1353221E-003, 2.3070363E-004, 1.4922638E-003, 4.2586305E+002
 1.7200985E+002, 2.3316739E-002, 1.5805645E-001, 9.5400135E-002, 1.1519508E-003, 2.5303670E-004, 1.4942805E-003, 4.2075905E+002
 1.7300300E+002, 2.1677390E-002, 1.5906459E-001, 9.6181145E-002, 1.3240924E-003, 2.5437742E-004, 1.5394978E-003, 4.2511865E+002
 1.7400137E+002, 2.2453476E-002, 1.5870090E-001, 9.5778282E-002, 1.1660935E-003, 2.3498360E-004, 1.5024359E-003, 4.2229262E+002
 1.7500342E+002, 2.3477807E-002, 1.5791367E-001, 9.5338861E-002, 1.1665625E-003, 2.4335515E-004, 1.4963131E-003, 4.2497106E+002
 1.7600556E+002, 2.2627325E-002, 1.5850948E-001, 9.5721547E-002, 1.2058655E-003, 2.3986254E-004, 1.5095279E-003, 4.2382690E+002
 1.7700655E+002, 2.3550577E-002, 1.5788368E-001, 9.5298631E-002, 1.1480186E-003, 2.4863058E-004, 1.4920636E-003, 4.2085780E+002
 1.7800440E+002, 2.3487630E-002, 1.5786169E-001, 9.5345693E-002, 1.1950362E-003, 2.6261923E-004, 1.5020630E-003, 4.2457616E+002
 1.7900336E+002, 2.3372222E-002, 1.5801304E-001, 9.5376961E-002, 1.1528019E-003, 2.5110957E-004, 1.4941214E-003, 4.1986308E+002
 1.8000654E+002, 2.2821034E-002, 1.5827628E-001, 9.5662897E-002, 1.2626507E-003, 2.5629412E-004, 1.5199707E-003, 4.2577941E+002
 1.8100300E+002, 2.3426628E-002, 1.5795235E-001, 9.5360394E-002, 1.1665145E-003, 2.4684572E-004, 1.4966085E-003, 4.1842822E+002
 1.8200789E+002, 2.2556245E-002, 1.5857544E-001, 9.5747532E-002, 1.1972838E-003, 2.4486940E-004, 1.5081926E-003, 4.2235173E+002
 1.8300003E+002, 2.2154866E-002, 1.5883647E-001, 9.5931610E-002, 1.2275692E-003, 2.6144388E-004, 1.5168095E-003, 4.2513321E+002
 1.8400355E+002, 2.2489025E-002, 1.5871913E-001, 9.5747820E-002, 1.1339525E-003, 2.3968569E-004, 1.4956258E-003, 4.2183097E+002
 1.8500114E+002, 2.2198781E-002, 1.5892267E-001, 9.5877757E-002, 1.1467657E-003, 2.4218340E-004, 1.5000075E-003, 4.1955953E+002
 1.8600204E+002, 2.0858826E-002, 1.5970045E-001, 9.6532566E-002, 1.3208711E-003, 2.3266499E-004, 1.5438283E-003, 4.3438316E+002
 1.8700851E+002, 2.3641389E-002, 1.5777776E-001, 9.5270071E-002, 1.1722898E-003, 2.5620569E-004, 1.4964778E-003, 4.2006109E+002
 1.8800615E+002, 2.1390378E-002, 1.5944143E-001, 9.6256772E-002, 1.2172308E-003, 2.3813357E-004, 1.5193557E-003, 4.2759950E+002
 1.8900219E+002, 2.3052585E-002, 1.5813299E-001, 9.5550853E-002, 1.2374199E-003, 2.6858460E-004, 1.5133787E-003, 4.1816385E+002
 1.9000663E+002, 2.2027791E-002, 1.5902852E-001, 9.5957431E-002, 1.1630406E-003, 2.5202843E-004, 1.5043659E-003, 4.2243786E+002
 1.9100000E+002, 2.1700956E-002, 1.5912275E-001, 9.6143356E-002, 1.2685762E-003, 2.7564668E-004, 1.5279457E-003, 4.2466713E+002
 1.9200231E+002, 2.2707845E-002, 1.5838662E-001, 9.5700516E-002, 1.2437180E-003, 2.7708278E-004, 1.5167468E-003, 4.1741716E+002
 1.9300887E+002, 2.0732177E-002, 1.5987252E-001, 9.6557983E-002, 1.2650347E-003, 2.6337531E-004, 1.5331076E-003, 4.2552719E+002
 1.9400291E+002, 2.1381457E-002, 1.5941735E-001, 9.6266680E-002, 1.2358171E-003, 2.6137791E-004, 1.5231870E-003, 4.1756756E+002
 1.9501041E+002, 2.0567721E-002, 1.6003787E-001, 9.6616207E-002, 1.2379775E-003, 2.6153683E-004, 1.5285607E-003, 4.2293444E+002
 1.9600424E+002, 2.1276880E-002, 1.5943862E-001, 9.6329312E-002, 1.2759891E-003, 2.6698640E-004, 1.5320472E-003, 4.2628144E+002
 1.9700709E+002, 2.0637991E-002, 1.6004405E-001, 9.6568484E-002, 1.1974502E-003, 2.5233518E-004, 1.5198406E-003, 4.1989522E+002
 1.9801010E+002, 2.0918740E-002, 1.5987395E-001, 9.6434379E-002, 1.1665517E-003, 2.4925842E-004, 1.5118101E-003, 4.2260451E+002
 1.9900096E+002, 2.0902410E-002, 1.5969628E-001, 9.6500341E-002, 1.2973391E-003, 2.5900265E-004, 1.5387038E-003, 4.2154358E+002
 2.0000600E+002, 1.9949541E-002, 1.6038255E-001, 9.6923713E-002, 1.3288141E-003, 2.5151371E-004, 1.5509402E-003, 4.1852785E+002
 2.0100612E+002, 1.9145199E-002, 1.6098789E-001, 9.7272909E-002, 1.3373929E-003, 2.4453511E-004, 1.5575826E-003, 4.2937898E+002
 2.0200123E+002, 2.0172564E-002, 1.6029768E-001, 9.6801062E-002, 1.2692973E-003, 2.4982463E-004, 1.5373915E-003, 4.1954581E+002
 2.0300773E+002, 2.1509680E-002, 1.5938138E-001, 9.6194969E-002, 1.1949088E-003, 2.4253821E-004, 1.5140511E-003, 4.2270182E+002
 2.0400784E+002, 2.0636330E-002, 1.5999587E-001, 9.6586804E-002, 1.2331962E-003, 2.4077991E-004, 1.5271939E-003, 4.1672039E+002
 2.0500875E+002, 1.8682589E-002, 1.6132459E-001, 9.7476963E-002, 1.3499462E-003, 2.4317281E-004, 1.5629609E-003, 4.2904313E+002
 2.0600715E+002, 1.8928074E-002, 1.6105906E-001, 9.7394326E-002, 1.4020323E-003, 2.5630287E-004, 1.5721314E-003, 4.2880141E+002
 2.0700920E+002, 1.9023884E-002, 1.6112118E-001, 9.7311335E-002, 1.3088778E-003, 2.4890130E-004, 1.5524667E-003, 4.2551573E+002
 2.0800183E+002, 1.9870236E-002, 1.6053763E-001, 9.6927787E-002, 1.2634649E-003, 2.5075134E-004, 1.5380267E-003, 4.2320114E+002
 2.0900912E+002, 1.9167985E-002, 1.6115892E-001, 9.7204575E-002, 1.2076675E-003, 2.3568773E-004, 1.5308662E-003, 4.2614341E+002
 2.1000968E+002, 1.8891220E-002, 1.6133799E-001, 9.7333418E-002, 1.2304300E-003, 2.3708007E-004, 1.5372072E-003, 4.2605993E+002
 2.1100765E+002, 1.8529712E-002, 1.6145345E-001, 9.7537952E-002, 1.3412402E-003, 2.4794384E-004, 1.5620962E-003, 4.2493740E+002
 2.1200725E+002, 1.8702261E-002, 1.6118584E-001, 9.7504119E-002, 1.4328844E-003, 2.6662344E-004, 1.5798093E-003, 4.2468737E+002
 2.1300440E+002, 1.8243884E-002, 1.6160326E-001, 9.7680583E-002, 1.3878931E-003, 2.5937170E-004, 1.5733750E-003, 4.2202145E+002
 2.1400937E+002, 1.7657711E-002, 1.6209830E-001, 9.7918749E-002, 1.3573860E-003, 2.4907549E-004, 1.5706883E-003, 4.2676601E+002
 2.1500617E+002, 1.9111591E-002, 1.6104320E-001, 9.7276419E-002, 1.3157508E-003, 2.5368032E-004, 1.5533373E-003, 4.2417126E+002
 2.1600657E+002, 1.9034309E-002, 1.6105519E-001, 9.7323667E-002, 1.3478574E-003, 2.5922251E-004, 1.5603790E-003, 4.1524803E+002
 2.1700160E+002, 1.8532876E-002, 1.6114407E-001, 9.7628166E-002, 1.5495784E-003, 2.8599665E-004, 1.6047282E-003, 4.2393820E+002
 2.1800361E+002, 1.8797699E-002, 1.6102736E-001, 9.7489055E-002, 1.4910769E-003, 2.7497780E-004, 1.5911474E-003, 4.2343944E+002
 2.1900408E+002, 1.9190239E-002, 1.6085290E-001, 9.7283781E-002, 1.4057284E-003, 2.5578558E-004, 1.5713011E-003, 4.2106079E+002
 2.2000219E+002, 1.9239920E-002, 1.6072460E-001, 9.7289919E-002, 1.4673476E-003, 2.6384233E-004, 1.5836192E-003, 4.1939279E+002
 2.2100695E+002, 1.9561227E-002, 1.6056530E-001, 9.7126124E-002, 1.4081592E-003, 2.5448499E-004, 1.5695530E-003, 4.1621672E+002
 2.2200122E+002, 2.0929980E-002, 1.5960588E-001, 9.6511019E-002, 1.3457423E-003, 2.5628017E-004, 1.5484621E-003, 4.2088510E+002
 2.2300859E+002, 2.0984818E-002, 1.5943913E-001, 9.6522830E-002, 1.4289382E-003, 2.8355013E-004, 1.5651448E-003, 4.1575292E+002
 2.2400341E+002, 2.0257431E-002, 1.5995982E-001, 9.6849060E-002, 1.4567232E-003, 2.6526093E-004, 1.5752736E-003, 4.1977740E+002
 2.2500276E+002, 1.8619624E-002, 1.6121381E-001, 9.7552188E-002, 1.4585060E-003, 2.5784820E-004, 1.5855742E-003, 4.2099734E+002
 2.2600021E+002, 1.8378259E-002, 1.6141887E-001, 9.7649987E-002, 1.4451882E-003, 2.5286483E-004, 1.5843140E-003, 4.2422531E+002
 2.2700572E+002, 1.9214344E-002, 1.6085620E-001, 9.7266849E-002, 1.3908669E-003, 2.5378346E-004, 1.5681116E-003, 4.2214294E+002
 2.2800057E+002, 1.9216402E-002, 1.6090843E-001, 9.7248793E-002, 1.3534893E-003, 2.5407517E-004, 1.5604371E-003, 4.1906311E+002
 2.2900848E+002, 1.8656774E-002, 1.6123212E-001, 9.7519931E-002, 1.4249301E-003, 2.6684847E-004, 1.5784542E-003, 4.1999786E+002
 2.3000437E+002, 1.9213433E-002, 1.6081061E-001, 9.7279135E-002, 1.4208204E-003, 2.7135734E-004, 1.5742322E-003, 4.2368620E+002
 2.3100432E+002, 1.6533268E-002, 1.6243611E-001, 9.8562482E-002, 1.7174368E-003, 2.7820752E-004, 1.6512635E-003, 4.2511417E+002
 2.3200400E+002, 1.7435412E-002, 1.6181695E-001, 9.8150204E-002, 1.6651091E-003, 2.9589184E-004, 1.6350459E-003, 4.2677731E+002
 2.3300419E+002, 1.7811364E-002, 1.6159850E-001, 9.7967613E-002, 1.6172257E-003, 2.9202099E-004, 1.6229581E-003, 4.2433703E+002
 2.3400882E+002, 1.7409286E-002, 1.6204997E-001, 9.8097341E-002, 1.5201523E-003, 2.7267377E-004, 1.6055240E-003, 4.2628208E+002
 2.3500261E+002, 1.7560396E-002, 1.6174375E-001, 9.8091366E-002, 1.6508726E-003, 2.8418994E-004, 1.6313867E-003, 4.2233022E+002
 2.3600412E+002, 1.7903102E-002, 1.6171152E-001, 9.7873597E-002, 1.4927730E-003, 2.6949686E-004, 1.5969238E-003, 4.2539853E+002
 2.3700771E+002, 1.9810068E-002, 1.6039250E-001, 9.7012680E-002, 1.3948430E-003, 2.6162377E-004, 1.5653056E-003, 4.2524873E+002
 2.3800943E+002, 1.8725382E-002, 1.6019965E-001, 9.7793827E-002, 2.0983691E-003, 3.2032075E-004, 1.7160029E-003, 4.2382079E+002
 2.3900559E+002, 1.7229139E-002, 1.6210845E-001, 9.8201300E-002, 1.5765037E-003, 2.6363392E-004, 1.6181790E-003, 4.2536446E+002
 2.4000700E+002, 1.8176700E-002, 1.6149667E-001, 9.7757133E-002, 1.4956550E-003, 2.7514737E-004, 1.5958487E-003, 4.1598497E+002
 2.4100256E+002, 1.6867634E-002, 1.6258646E-001, 9.8295056E-002, 1.4392417E-003, 2.4581199E-004, 1.5922591E-003, 4.2840495E+002
 2.4200198E+002, 1.7894370E-002, 1.6164253E-001, 9.7901267E-002, 1.5451740E-003, 2.7049311E-004, 1.6077163E-003, 4.1735930E+002
 2.4300246E+002, 1.8970101E-002, 1.6090714E-001, 9.7410439E-002, 1.4820633E-003, 2.8103826E-004, 1.5882466E-003, 4.2346887E+002
 2.4400085E+002, 1.7793840E-002, 1.6104741E-001, 9.8152287E-002, 2.0070639E-003, 3.0768283E-004, 1.7029501E-003, 4.2407368E+002
 2.4500697E+002, 1.7226032E-002, 1.6170228E-001, 9.8329478E-002, 1.8575892E-003, 2.8347267E-004, 1.6757860E-003, 4.3285702E+002
 2.4600023E+002, 1.9627302E-002, 1.6032040E-001, 9.7155014E-002, 1.5394270E-003, 2.8325913E-004, 1.5960192E-003, 4.2068567E+002
 2.4700301E+002, 1.7838565E-002, 1.6160544E-001, 9.7949206E-002, 1.5995378E-003, 2.7907655E-004, 1.6191858E-003, 4.2658594E+002
 2.4800685E+002, 1.8612926E-002, 1.6124122E-001, 9.7546268E-002, 1.4417496E-003, 2.6836501E-004, 1.5821654E-003, 4.2926664E+002
 2.4900471E+002, 1.6262562E-002, 1.6284885E-001, 9.8617967E-002, 1.5787037E-003, 2.4802496E-004, 1.6245091E-003, 4.3048751E+002
 2.5000109E+002, 1.7622193E-002, 1.6195046E-001, 9.7987065E-002, 1.4768746E-003, 2.6532902E-004, 1.5953731E-003, 4.1590923E+002
 2.5100985E+002, 1.6460596E-002, 1.6263486E-001, 9.8550666E-002, 1.6201396E-003, 2.6214502E-004, 1.6317827E-003, 4.2115544E+002
 2.5200573E+002, 1.8749995E-002, 1.6099124E-001, 9.7532904E-002, 1.5417285E-003, 2.7323159E-004, 1.6018213E-003, 4.2140152E+002
 2.5300725E+002, 1.8139093E-002, 1.6156105E-001, 9.7763528E-002, 1.4722066E-003, 2.6521673E-004, 1.5912841E-003, 4.1564544E+002
 2.5400427E+002, 1.7515302E-002, 1.6191223E-001, 9.8070005E-002, 1.5594284E-003, 2.7210933E-004, 1.6129330E-003, 4.2120066E+002
 2.5500480E+002, 1.7421758E-002, 1.6213386E-001, 9.8063891E-002, 1.4565542E-003, 2.6253969E-004, 1.5924264E-003, 4.2606300E+002
 2.5600826E+002, 1.7131292E-002, 1.6229785E-001, 9.8206304E-002, 1.4967305E-003, 2.6665486E-004, 1.6024161E-003, 4.2411060E+002
 2.5700399E+002, 1.8385716E-002, 1.6140758E-001, 9.7645921E-002, 1.4470357E-003, 2.6926351E-004, 1.5846245E-003, 4.2123677E+002
 2.5800990E+002, 1.7503243E-002, 1.6194372E-001, 9.8065815E-002, 1.5422489E-003, 2.8617948E-004, 1.6094650E-003, 4.1860884E+002
 2.5900859E+002, 1.6268266E-002, 1.6287287E-001, 9.8602910E-002, 1.5562693E-003, 2.7018123E-004, 1.6198450E-003, 4.2536723E+002
 2.6000567E+002, 1.6591903E-002, 1.6254672E-001, 9.8488674E-002, 1.6101146E-003, 2.7311813E-004, 1.6289167E-003, 4.2870660E+002
 2.6100405E+002, 1.7769171E-002, 1.6185772E-001, 9.7917351E-002, 1.4627367E-003, 2.6793649E-004, 1.5915809E-003, 4.1757635E+002
 2.6200414E+002, 1.7083306E-002, 1.6232009E-001, 9.8231279E-002, 1.5066597E-003, 2.6793455E-004, 1.6047403E-003, 4.2292955E+002
 2.6300541E+002, 1.6758997E-002, 1.6258332E-001, 9.8366530E-002, 1.4972462E-003, 2.6168722E-004, 1.6047848E-003, 4.1840297E+002
 2.6400476E+002, 1.6981558E-002, 1.6237335E-001, 9.8281560E-002, 1.5229258E-003, 2.7519999E-004, 1.6086809E-003, 4.2039437E+002
 2.6500116E+002, 1.7707515E-002, 1.6192389E-001, 9.7937573E-002, 1.4494843E-003, 2.6897352E-004, 1.5892366E-003, 4.1899682E+002
 2.6600095E+002, 1.6863281E-002, 1.6248380E-001, 9.8326721E-002, 1.5097929E-003, 2.7022400E-004, 1.6067127E-003, 4.1784202E+002
 2.6700641E+002, 1.6408539E-002, 1.6288797E-001, 9.8505314E-002, 1.4723374E-003, 2.6077541E-004, 1.6018040E-003, 4.2275106E+002
 2.6800170E+002, 1.7945605E-002, 1.6166012E-001, 9.7858662E-002, 1.5037597E-003, 2.8635137E-004, 1.5988947E-003, 4.1504791E+002
 2.6900251E+002, 1.8405001E-002, 1.6134882E-001, 9.7649879E-002, 1.4762007E-003, 2.8031133E-004, 1.5904703E-003, 4.1923403E+002
 2.7000241E+002, 1.6395462E-002, 1.6255125E-001, 9.8615775E-002, 1.7087645E-003, 2.9495312E-004, 1.6502975E-003, 4.2319765E+002
 2.7100185E+002, 1.7146958E-002, 1.6212786E-001, 9.8247775E-002, 1.6047572E-003, 2.7970772E-004, 1.6244458E-003, 4.1798466E+002
 2.7200022E+002, 1.7697670E-002, 1.6129751E-001, 9.8136835E-002, 1.8842714E-003, 3.1075412E-004, 1.6783590E-003, 4.2045780E+002
 2.7300812E+002, 1.6858710E-002, 1.6220723E-001, 9.8413016E-002, 1.7004832E-003, 3.0005177E-004, 1.6457857E-003, 4.2410344E+002
 2.7400367E+002, 1.7028638E-002, 1.6223445E-001, 9.8292313E-002, 1.5928946E-003, 2.8639947E-004, 1.6227219E-003, 4.2064512E+002
 2.7500587E+002, 1.7376398E-002, 1.6210931E-001, 9.8099518E-002, 1.4956674E-003, 2.7915903E-004, 1.6006953E-003, 4.2220849E+002
 2.7600722E+002, 1.7396091E-002, 1.6165142E-001, 9.8229736E-002, 1.8012110E-003, 2.9339180E-004, 1.6631854E-003, 4.2852809E+002
 2.7700719E+002, 1.6771978E-002, 1.6243233E-001, 9.8405140E-002, 1.5945761E-003, 2.6619311E-004, 1.6246502E-003, 4.3007467E+002
 2.7800111E+002, 1.6676860E-002, 1.6248891E-001, 9.8450075E-002, 1.6051341E-003, 2.7239414E-004, 1.6273820E-003, 4.2167701E+002
 2.7900290E+002, 1.7508567E-002, 1.6184859E-001, 9.8092675E-002, 1.6055568E-003, 2.8520008E-004, 1.6224107E-003, 4.2024998E+002
 2.8000145E+002, 1.6450422E-002, 1.6237167E-001, 9.8637823E-002, 1.8055578E-003, 2.8358495E-004, 1.6698207E-003, 4.2090219E+002
 2.8100752E+002, 1.7009502E-002, 1.6215856E-001, 9.8327726E-002, 1.6545128E-003, 2.9637462E-004, 1.6354542E-003, 4.2323480E+002
 2.8200101E+002, 1.8710657E-002, 1.6111832E-001, 9.7517855E-002, 1.4736639E-003, 2.7971236E-004, 1.5880990E-003, 4.2466690E+002
 2.8300310E+002, 1.7072537E-002, 1.6225740E-001, 9.8258122E-002, 1.5556280E-003, 2.7012760E-004, 1.6148399E-003, 4.2329141E+002
 2.8400633E+002, 1.8436346E-002, 1.6132196E-001, 9.7637256E-002, 1.4780903E-003, 2.8091561E-004, 1.5906669E-003, 4.1949747E+002
 2.8500144E+002, 1.8313224E-002, 1.6141767E-001, 9.7690484E-002, 1.4778573E-003, 2.7522341E-004, 1.5913732E-003, 4.1863608E+002
 2.8600248E+002, 1.7138392E-002, 1.6213791E-001, 9.8248730E-002, 1.6011135E-003, 2.8964581E-004, 1.6237369E-003, 4.2744928E+002
 2.8700663E+002, 1.7875404E-002, 1.6169618E-001, 9.7892428E-002, 1.5145812E-003, 2.9843515E-004, 1.6015213E-003, 4.2083841E+002
 2.8800054E+002, 1.6498540E-002, 1.6270973E-001, 9.8499437E-002, 1.5465573E-003, 2.7383107E-004, 1.6164537E-003, 4.3338076E+002
 2.8900953E+002, 1.7069877E-002, 1.6230318E-001, 9.8244411E-002, 1.5245607E-003, 2.7585663E-004, 1.6084799E-003, 4.2583361E+002
 2.9000130E+002, 1.6837207E-002, 1.6239961E-001, 9.8370746E-002, 1.5818577E-003, 2.7211061E-004, 1.6216396E-003, 4.2776788E+002
 2.9100774E+002, 1.6876037E-002, 1.6234997E-001, 9.8360071E-002, 1.5953686E-003, 2.7439637E-004, 1.6241705E-003, 4.2970484E+002
 2.9200593E+002, 1.6284226E-002, 1.6237831E-001, 9.8741338E-002, 1.8846845E-003, 3.2140317E-004, 1.6869940E-003, 4.2343237E+002
 2.9300357E+002, 1.7242383E-002, 1.6165850E-001, 9.8328153E-002, 1.8760139E-003, 3.0990446E-004, 1.6794266E-003, 4.2376994E+002
 2.9400437E+002, 1.6643304E-002, 1.6237289E-001, 9.8508053E-002, 1.7023426E-003, 2.8176597E-004, 1.6474977E-003, 4.2988298E+002
 2.9500958E+002, 1.6650584E-002, 1.6248453E-001, 9.8464875E-002, 1.6188997E-003, 2.9879349E-004, 1.6303259E-003, 4.1877257E+002
 2.9601084E+002, 1.5644550E-002, 1.6300846E-001, 9.8974750E-002, 1.7906116E-003, 2.9695459E-004, 1.6716218E-003, 4.2711036E+002
 2.9700641E+002, 1.6786582E-002, 1.6222711E-001, 9.8454717E-002, 1.7246979E-003, 3.0291966E-004, 1.6511822E-003, 4.1828597E+002
 2.9800221E+002, 1.5201648E-002, 1.6326994E-001, 9.9190296E-002, 1.8454977E-003, 2.9066728E-004, 1.6855649E-003, 4.2703313E+002
 2.9900419E+002, 1.6267305E-002, 1.6183367E-001, 9.8920081E-002, 2.2670776E-003, 3.5859165E-004, 1.7654262E-003, 4.2433526E+002
 3.0000551E+002, 1.5947404E-002, 1.6270739E-001, 9.8865702E-002, 1.8374944E-003, 3.0485463E-004, 1.6793854E-003, 4.1801191E+002
 3.0100450E+002, 1.6411468E-002, 1.6249367E-001, 9.8623343E-002, 1.7402078E-003, 2.9494252E-004, 1.6566456E-003, 4.2298321E+002
 3.0200552E+002, 1.6503486E-002, 1.6224222E-001, 9.8633817E-002, 1.8598873E-003, 3.4266266E-004, 1.6805528E-003, 4.2307026E+002
 3.0300897E+002, 1.5630405E-002, 1.6272178E-001, 9.9070381E-002, 1.9931694E-003, 3.2876776E-004, 1.7131826E-003, 4.1941177E+002
 3.0400783E+002, 1.6329346E-002, 1.6232054E-001, 9.8727400E-002, 1.8992577E-003, 3.3376428E-004, 1.6896905E-003, 4.1913127E+002
 3.0500503E+002, 1.6522357E-002, 1.6246612E-001, 9.8556140E-002, 1.6992629E-003, 3.0375918E-004, 1.6475686E-003, 4.2361338E+002
 3.0600457E+002, 1.5710562E-002, 1.6287041E-001, 9.8971499E-002, 1.8491593E-003, 3.1440801E-004, 1.6831983E-003, 4.1799438E+002
 3.0700558E+002, 1.6221515E-002, 1.6276314E-001, 9.8664776E-002, 1.6538560E-003, 2.9801586E-004, 1.6400923E-003, 4.2093826E+002
 3.0800388E+002, 1.6188157E-002, 1.6270602E-001, 9.8702241E-002, 1.7088369E-003, 3.1748616E-004, 1.6515370E-003, 4.2019132E+002
 3.0900913E+002, 1.6278630E-002, 1.6157652E-001, 9.8989392E-002, 2.4357452E-003, 3.8912273E-004, 1.7998877E-003, 4.2806067E+002
 3.1000288E+002, 1.6181212E-002, 1.6250280E-001, 9.8770212E-002, 1.8525029E-003, 3.2607830E-004, 1.6810153E-003, 4.2274734E+002
 3.1100402E+002, 1.7804703E-002, 1.6144062E-001, 9.8018203E-002, 1.7271699E-003, 3.1768372E-004, 1.6454986E-003, 4.2487667E+002
 3.1200559E+002, 1.6913398E-002, 1.6222481E-001, 9.8368492E-002, 1.6575469E-003, 3.1344748E-004, 1.6366346E-003, 4.2286619E+002
 3.1300100E+002, 1.7184871E-002, 1.6222063E-001, 9.8191813E-002, 1.5194913E-003, 2.8555257E-004, 1.6067304E-003, 4.2236545E+002
 3.1400337E+002, 1.5975000E-002, 1.6305194E-001, 9.8741050E-002, 1.5864354E-003, 2.8269787E-004, 1.6277880E-003, 4.2437564E+002
 3.1500563E+002, 1.5710064E-002, 1.6332409E-001, 9.8833666E-002, 1.5393459E-003, 2.7570993E-004, 1.6197510E-003, 4.2125188E+002
 3.1600429E+002, 1.6442894E-002, 1.6275857E-001, 9.8520209E-002, 1.5414241E-003, 2.8059295E-004, 1.6157293E-003, 4.2775927E+002
 3.1700342E+002, 1.5151582E-002, 1.6365925E-001, 9.9101545E-002, 1.6031062E-003, 2.8129243E-004, 1.6361968E-003, 4.2294935E+002
 3.1800488E+002, 1.5902518E-002, 1.6293743E-001, 9.8823890E-002, 1.7026682E-003, 2.9719701E-004, 1.6520319E-003, 4.1974657E+002
 3.1901029E+002, 1.6585362E-002, 1.6246829E-001, 9.8512351E-002, 1.6636814E-003, 3.0834282E-004, 1.6398870E-003, 4.1768064E+002
 3.2000446E+002, 1.4922679E-002, 1.6359584E-001, 9.9271038E-002, 1.7653608E-003, 3.0967253E-004, 1.6708026E-003, 4.2374518E+002
 3.2100019E+002, 1.5204499E-002, 1.6360285E-001, 9.9083341E-002, 1.6136568E-003, 2.8487829E-004, 1.6380338E-003, 4.2606490E+002
 3.2200263E+002, 1.5029206E-002, 1.6333145E-001, 9.9282270E-002, 1.8911853E-003, 3.1779540E-004, 1.6959368E-003, 4.2303441E+002
 3.2300157E+002, 1.6424961E-002, 1.6265700E-001, 9.8561882E-002, 1.6193772E-003, 2.9740425E-004, 1.6317930E-003, 4.1480399E+002
 3.2400589E+002, 1.5637909E-002, 1.6335451E-001, 9.8870034E-002, 1.5547327E-003, 2.9093133E-004, 1.6233208E-003, 4.2219556E+002
 3.2500859E+002, 1.5002736E-002, 1.6349462E-001, 9.9250854E-002, 1.7941084E-003, 3.0088967E-004, 1.6762224E-003, 4.2766642E+002
 3.2600317E+002, 1.5780602E-002, 1.6297429E-001, 9.8894077E-002, 1.7419018E-003, 2.9747153E-004, 1.6608123E-003, 4.2011415E+002
 3.2700050E+002, 1.6456062E-002, 1.6248458E-001, 9.8597116E-002, 1.7234569E-003, 2.8962416E-004, 1.6529493E-003, 4.2514031E+002
 3.2801010E+002, 1.7217443E-002, 1.6200136E-001, 9.8237639E-002, 1.6527578E-003, 2.9841081E-004, 1.6338315E-003, 4.2123618E+002
 3.2900501E+002, 1.6951394E-002, 1.6220371E-001, 9.8353355E-002, 1.6547972E-003, 2.9057516E-004, 1.6358727E-003, 4.1940945E+002
 3.3000415E+002, 1.5393126E-002, 1.6329203E-001, 9.9055710E-002, 1.7292204E-003, 2.8337081E-004, 1.6605807E-003, 4.2473243E+002
 3.3100672E+002, 1.5157427E-002, 1.6367091E-001, 9.9095060E-002, 1.5927879E-003, 2.7412400E-004, 1.6340564E-003, 4.2183184E+002
 3.3200381E+002, 1.5613892E-002, 1.6298386E-001, 9.9005361E-002, 1.8256472E-003, 2.8352026E-004, 1.6790079E-003, 4.2758969E+002
 3.3300775E+002, 1.6669768E-002, 1.6246376E-001, 9.8459846E-002, 1.6240656E-003, 2.9098618E-004, 1.6312795E-003, 4.1811525E+002
 3.3400500E+002, 1.6669571E-002, 1.6217275E-001, 9.8553570E-002, 1.8268625E-003, 2.8506402E-004, 1.6728576E-003, 4.2556275E+002
 3.3500300E+002, 1.6056597E-002, 1.6279519E-001, 9.8766675E-002, 1.7202680E-003, 2.9042523E-004, 1.6547152E-003, 4.1900064E+002
 3.3600833E+002, 1.5567256E-002, 1.6277863E-001, 9.9094972E-002, 1.9874798E-003, 3.2731849E-004, 1.7124011E-003, 4.2932624E+002
 3.3700303E+002, 1.6041205E-002, 1.6262230E-001, 9.8828938E-002, 1.8460552E-003, 3.0974066E-004, 1.6805649E-003, 4.2056712E+002
 3.3800791E+002, 1.6215273E-002, 1.6263974E-001, 9.8708498E-002, 1.7429989E-003, 2.9649034E-004, 1.6584045E-003, 4.2659427E+002
 3.3900811E+002, 1.8103240E-002, 1.6132781E-001, 9.7855363E-002, 1.6481668E-003, 3.0556407E-004, 1.6275127E-003, 4.2075634E+002
 3.4000284E+002, 1.7064884E-002, 1.6201740E-001, 9.8335842E-002, 1.7233363E-003, 2.9379150E-004, 1.6492294E-003, 4.2079473E+002
 3.4100216E+002, 1.6979121E-002, 1.6230984E-001, 9.8302516E-002, 1.5676100E-003, 2.8076643E-004, 1.6178471E-003, 4.2477797E+002
 3.4200322E+002, 1.8125259E-002, 1.6152404E-001, 9.7783251E-002, 1.5042131E-003, 2.7364010E-004, 1.5979168E-003, 4.1919669E+002
 3.4301025E+002, 1.6100370E-002, 1.6278931E-001, 9.8742506E-002, 1.7036547E-003, 2.6943839E-004, 1.6510740E-003, 4.2674030E+002
 3.4400688E+002, 1.5945146E-002, 1.6235326E-001, 9.8978152E-002, 2.0830878E-003, 3.1597354E-004, 1.7297245E-003, 4.2243055E+002
 3.4500653E+002, 1.6139146E-002, 1.6254879E-001, 9.8788977E-002, 1.8468730E-003, 2.9433473E-004, 1.6801606E-003, 4.1764847E+002
 3.4600888E+002, 1.5742626E-002, 1.6287968E-001, 9.8950652E-002, 1.8284677E-003, 2.9173726E-004, 1.6787944E-003, 4.2746051E+002
 3.4700731E+002, 1.6362357E-002, 1.6241123E-001, 9.8679242E-002, 1.8209762E-003, 3.1576394E-004, 1.6734698E-003, 4.2019796E+002
 3.4800493E+002, 1.4906015E-002, 1.6352773E-001, 9.9305772E-002, 1.8229061E-003, 2.9821726E-004, 1.6827151E-003, 4.2476612E+002
 3.4900989E+002, 1.5187801E-002, 1.6319384E-001, 9.9223515E-002, 1.9054360E-003, 2.9261651E-004, 1.6979321E-003, 4.2906561E+002
 3.5000000E+002, 1.4950399E-002, 1.6362291E-001, 9.9247441E-002, 1.7346249E-003, 2.8703860E-004, 1.6643662E-003, 4.2260723E+002
