s,kg/s,kg/s,m3/s,m3/s
Time,m_dot_in,m_dot_out,V_dot_in,V_dot_out
 0.0000000E+000, 1.8048048E-006,-1.5200321E-006,-1.0408341E-017, 5.6378513E-018
 1.0721920E+000, 1.3388512E+002, 1.7824928E+002, 1.1207894E+002, 1.4921733E+002
 2.0900174E+000, 2.1985845E+002, 2.4640863E+002, 1.8404949E+002, 2.0627538E+002
 3.0029445E+000, 2.3589363E+002, 2.9317852E+002, 1.9747297E+002, 2.4542772E+002
 4.0288466E+000, 2.3844490E+002, 3.4607811E+002, 1.9960872E+002, 2.8971140E+002
 5.0224448E+000, 2.3884912E+002, 3.6836840E+002, 1.9994710E+002, 3.0837121E+002
 6.0204456E+000, 2.3890368E+002, 3.6134092E+002, 1.9999276E+002, 3.0248832E+002
 7.0251352E+000, 2.3891115E+002, 3.5229130E+002, 1.9999902E+002, 2.9491264E+002
 8.0270655E+000, 2.3891218E+002, 3.6435801E+002, 1.9999988E+002, 3.0501401E+002
 9.0236661E+000, 2.3891232E+002, 3.6120096E+002, 1.9999999E+002, 3.0237115E+002
 1.0009802E+001, 2.3891233E+002, 3.6083059E+002, 2.0000000E+002, 3.0206111E+002
 1.1030763E+001, 2.3891233E+002, 3.5444339E+002, 2.0000000E+002, 2.9671420E+002
 1.2013835E+001, 2.3891233E+002, 3.5443699E+002, 2.0000001E+002, 2.9670885E+002
 1.3011254E+001, 2.3891234E+002, 3.5542572E+002, 2.0000001E+002, 2.9753654E+002
 1.4012351E+001, 2.3891234E+002, 3.5383016E+002, 2.0000000E+002, 2.9620085E+002
 1.5012497E+001, 2.3891234E+002, 3.5037127E+002, 2.0000000E+002, 2.9330532E+002
 1.6024594E+001, 2.3891233E+002, 3.5076888E+002, 1.9999999E+002, 2.9363816E+002
 1.7007956E+001, 2.3891234E+002, 3.5150782E+002, 1.9999999E+002, 2.9425675E+002
 1.8027998E+001, 2.3891234E+002, 3.4719877E+002, 1.9999999E+002, 2.9064953E+002
 1.9022815E+001, 2.3891233E+002, 3.4901934E+002, 1.9999999E+002, 2.9217359E+002
 2.0021402E+001, 2.3891232E+002, 3.4556700E+002, 2.0000000E+002, 2.8928354E+002
 2.1017443E+001, 2.3891233E+002, 3.4578367E+002, 2.0000000E+002, 2.8946491E+002
 2.2000631E+001, 2.3891233E+002, 3.5331160E+002, 2.0000000E+002, 2.9576675E+002
 2.3002962E+001, 2.3891233E+002, 3.4570353E+002, 2.0000000E+002, 2.8939782E+002
 2.4008961E+001, 2.3891232E+002, 3.4645274E+002, 2.0000001E+002, 2.9002501E+002
 2.5013743E+001, 2.3891233E+002, 3.4931311E+002, 2.0000001E+002, 2.9241951E+002
 2.6010837E+001, 2.3891233E+002, 3.4381068E+002, 2.0000001E+002, 2.8781328E+002
 2.7029835E+001, 2.3891234E+002, 3.4265683E+002, 2.0000001E+002, 2.8684735E+002
 2.8028187E+001, 2.3891233E+002, 3.4182305E+002, 2.0000001E+002, 2.8614937E+002
 2.9006728E+001, 2.3891233E+002, 3.4509130E+002, 2.0000000E+002, 2.8888531E+002
 3.0008337E+001, 2.3891234E+002, 3.4017517E+002, 2.0000000E+002, 2.8476988E+002
 3.1024148E+001, 2.3891234E+002, 3.3967809E+002, 2.0000000E+002, 2.8435375E+002
 3.2024415E+001, 2.3891233E+002, 3.3973658E+002, 2.0000000E+002, 2.8440272E+002
 3.3008605E+001, 2.3891233E+002, 3.3794902E+002, 2.0000000E+002, 2.8290632E+002
 3.4008584E+001, 2.3891233E+002, 3.4025825E+002, 2.0000000E+002, 2.8483941E+002
 3.5019784E+001, 2.3891233E+002, 3.3685037E+002, 2.0000000E+002, 2.8198656E+002
 3.6026107E+001, 2.3891233E+002, 3.3309300E+002, 2.0000000E+002, 2.7884114E+002
 3.7006736E+001, 2.3891233E+002, 3.2910617E+002, 2.0000000E+002, 2.7550365E+002
 3.8009901E+001, 2.3891233E+002, 3.3080892E+002, 2.0000000E+002, 2.7692911E+002
 3.9012483E+001, 2.3891233E+002, 3.4023165E+002, 2.0000000E+002, 2.8481714E+002
 4.0025577E+001, 2.3891233E+002, 3.3464649E+002, 2.0000001E+002, 2.8014163E+002
 4.1007482E+001, 2.3891233E+002, 3.3520925E+002, 2.0000001E+002, 2.8061271E+002
 4.2001240E+001, 2.3891233E+002, 3.2746279E+002, 2.0000001E+002, 2.7412795E+002
 4.3008368E+001, 2.3891233E+002, 3.3149924E+002, 2.0000001E+002, 2.7750701E+002
 4.4020001E+001, 2.3891233E+002, 3.3408357E+002, 2.0000001E+002, 2.7967044E+002
 4.5013104E+001, 2.3891234E+002, 3.3033021E+002, 2.0000001E+002, 2.7652838E+002
 4.6014679E+001, 2.3891234E+002, 3.2879998E+002, 2.0000000E+002, 2.7524739E+002
 4.7008159E+001, 2.3891234E+002, 3.2913102E+002, 2.0000000E+002, 2.7552450E+002
 4.8006486E+001, 2.3891233E+002, 3.2690459E+002, 2.0000000E+002, 2.7366067E+002
 4.9005763E+001, 2.3891234E+002, 3.2918844E+002, 2.0000000E+002, 2.7557254E+002
 5.0020859E+001, 2.3891234E+002, 3.2825025E+002, 1.9999999E+002, 2.7478720E+002
 5.1001910E+001, 2.3891233E+002, 3.2465244E+002, 1.9999999E+002, 2.7177544E+002
 5.2027338E+001, 2.3891233E+002, 3.2874409E+002, 2.0000000E+002, 2.7520067E+002
 5.3002861E+001, 2.3891233E+002, 3.2588131E+002, 2.0000000E+002, 2.7280416E+002
 5.4016202E+001, 2.3891234E+002, 3.2551640E+002, 2.0000000E+002, 2.7249873E+002
 5.5028909E+001, 2.3891234E+002, 3.2937196E+002, 1.9999999E+002, 2.7572632E+002
 5.6006178E+001, 2.3891233E+002, 3.1987175E+002, 1.9999999E+002, 2.6777338E+002
 5.7021137E+001, 2.3891232E+002, 3.2151831E+002, 2.0000000E+002, 2.6915170E+002
 5.8007821E+001, 2.3891233E+002, 3.2433630E+002, 2.0000000E+002, 2.7151068E+002
 5.9029087E+001, 2.3891234E+002, 3.2372298E+002, 2.0000000E+002, 2.7099722E+002
 6.0014711E+001, 2.3891232E+002, 3.2148879E+002, 2.0000000E+002, 2.6912695E+002
 6.1013209E+001, 2.3891231E+002, 3.2461411E+002, 2.0000001E+002, 2.7174328E+002
 6.2019970E+001, 2.3891233E+002, 3.1787202E+002, 2.0000002E+002, 2.6609926E+002
 6.3001198E+001, 2.3891237E+002, 3.1792319E+002, 2.0000000E+002, 2.6614219E+002
 6.4008592E+001, 2.3891236E+002, 3.1708419E+002, 1.9999999E+002, 2.6543986E+002
 6.5015987E+001, 2.3891231E+002, 3.2057662E+002, 2.0000000E+002, 2.6836337E+002
 6.6010737E+001, 2.3891230E+002, 3.1661735E+002, 2.0000000E+002, 2.6504889E+002
 6.7030355E+001, 2.3891234E+002, 3.1647846E+002, 2.0000000E+002, 2.6493273E+002
 6.8009214E+001, 2.3891236E+002, 3.1528960E+002, 2.0000000E+002, 2.6393776E+002
 6.9015082E+001, 2.3891234E+002, 3.1643095E+002, 1.9999999E+002, 2.6489319E+002
 7.0017789E+001, 2.3891231E+002, 3.1749620E+002, 2.0000000E+002, 2.6578501E+002
 7.1016414E+001, 2.3891232E+002, 3.1831015E+002, 2.0000001E+002, 2.6646635E+002
 7.2007155E+001, 2.3891235E+002, 3.1465462E+002, 2.0000001E+002, 2.6340595E+002
 7.3007685E+001, 2.3891235E+002, 3.1096565E+002, 2.0000000E+002, 2.6031770E+002
 7.4012855E+001, 2.3891232E+002, 3.1844055E+002, 2.0000000E+002, 2.6657524E+002
 7.5017565E+001, 2.3891231E+002, 3.1431618E+002, 2.0000000E+002, 2.6312272E+002
 7.6034010E+001, 2.3891234E+002, 3.1417014E+002, 2.0000001E+002, 2.6300046E+002
 7.7022212E+001, 2.3891234E+002, 3.1321873E+002, 2.0000000E+002, 2.6220414E+002
 7.8021774E+001, 2.3891232E+002, 3.1065633E+002, 2.0000000E+002, 2.6005894E+002
 7.9000995E+001, 2.3891233E+002, 3.1300552E+002, 2.0000001E+002, 2.6202536E+002
 8.0022104E+001, 2.3891236E+002, 3.1334671E+002, 2.0000000E+002, 2.6231135E+002
 8.1026195E+001, 2.3891234E+002, 3.1116616E+002, 1.9999999E+002, 2.6048574E+002
 8.2037093E+001, 2.3891230E+002, 3.0605696E+002, 2.0000000E+002, 2.5620855E+002
 8.3026383E+001, 2.3891232E+002, 3.1165686E+002, 2.0000002E+002, 2.6089587E+002
 8.4019384E+001, 2.3891238E+002, 3.0708538E+002, 2.0000000E+002, 2.5706844E+002
 8.5018722E+001, 2.3891236E+002, 3.0597899E+002, 1.9999998E+002, 2.5614220E+002
 8.6028858E+001, 2.3891229E+002, 3.0800632E+002, 1.9999999E+002, 2.5783942E+002
 8.7029828E+001, 2.3891229E+002, 3.0722644E+002, 2.0000002E+002, 2.5718636E+002
 8.8022033E+001, 2.3891237E+002, 3.1117183E+002, 2.0000002E+002, 2.6048910E+002
 8.9015685E+001, 2.3891239E+002, 3.1205719E+002, 1.9999998E+002, 2.6123074E+002
 9.0016883E+001, 2.3891231E+002, 3.1000194E+002, 1.9999998E+002, 2.5951070E+002
 9.1002438E+001, 2.3891227E+002, 3.1005096E+002, 2.0000001E+002, 2.5955234E+002
 9.2018657E+001, 2.3891234E+002, 3.0373100E+002, 2.0000003E+002, 2.5426226E+002
 9.3002724E+001, 2.3891240E+002, 3.0384559E+002, 2.0000000E+002, 2.5435773E+002
 9.4009753E+001, 2.3891234E+002, 2.9294162E+002, 1.9999997E+002, 2.4522826E+002
 9.5030550E+001, 2.3891227E+002, 2.9940877E+002, 2.0000000E+002, 2.5064192E+002
 9.6004545E+001, 2.3891231E+002, 2.9934950E+002, 2.0000003E+002, 2.5059360E+002
 9.7031724E+001, 2.3891239E+002, 3.0241152E+002, 2.0000001E+002, 2.5315725E+002
 9.8021199E+001, 2.3891237E+002, 3.0482709E+002, 1.9999997E+002, 2.5517928E+002
 9.9017053E+001, 2.3891229E+002, 3.0914668E+002, 1.9999998E+002, 2.5879531E+002
 1.0000223E+002, 2.3891228E+002, 3.0510236E+002, 2.0000002E+002, 2.5541014E+002
 1.0101475E+002, 2.3891236E+002, 3.0600577E+002, 2.0000003E+002, 2.5616614E+002
 1.0200733E+002, 2.3891240E+002, 3.0280241E+002, 1.9999999E+002, 2.5348404E+002
 1.0302384E+002, 2.3891232E+002, 3.0554698E+002, 1.9999997E+002, 2.5578199E+002
 1.0400926E+002, 2.3891227E+002, 3.0483315E+002, 2.0000000E+002, 2.5518484E+002
 1.0501074E+002, 2.3891231E+002, 3.0611048E+002, 2.0000004E+002, 2.5625386E+002
 1.0600667E+002, 2.3891239E+002, 3.0254747E+002, 2.0000002E+002, 2.5327172E+002
 1.0700228E+002, 2.3891238E+002, 2.9920371E+002, 1.9999997E+002, 2.5047268E+002
 1.0801012E+002, 2.3891229E+002, 2.9927332E+002, 1.9999998E+002, 2.5053039E+002
 1.0901274E+002, 2.3891227E+002, 2.9821825E+002, 2.0000002E+002, 2.4964578E+002
 1.1001714E+002, 2.3891235E+002, 3.0194570E+002, 2.0000003E+002, 2.5276468E+002
 1.1103092E+002, 2.3891241E+002, 2.9562863E+002, 2.0000000E+002, 2.4747592E+002
 1.1201451E+002, 2.3891234E+002, 3.0017751E+002, 1.9999997E+002, 2.5128528E+002
 1.1301179E+002, 2.3891226E+002, 2.9990782E+002, 2.0000000E+002, 2.5106112E+002
 1.1402734E+002, 2.3891230E+002, 2.9775535E+002, 2.0000004E+002, 2.4926006E+002
 1.1500001E+002, 2.3891242E+002, 3.0183541E+002, 2.0000002E+002, 2.5267543E+002
 1.1600383E+002, 2.3891240E+002, 3.0399161E+002, 1.9999996E+002, 2.5448050E+002
 1.1703181E+002, 2.3891228E+002, 3.0153430E+002, 1.9999996E+002, 2.5242381E+002
 1.1800440E+002, 2.3891224E+002, 2.9961390E+002, 2.0000002E+002, 2.5081570E+002
 1.1901651E+002, 2.3891235E+002, 3.0217939E+002, 2.0000004E+002, 2.5296355E+002
 1.2002624E+002, 2.3891243E+002, 3.0022177E+002, 2.0000000E+002, 2.5132536E+002
 1.2101896E+002, 2.3891235E+002, 2.9543679E+002, 1.9999996E+002, 2.4731956E+002
 1.2202060E+002, 2.3891225E+002, 3.0276034E+002, 1.9999998E+002, 2.5345058E+002
 1.2301894E+002, 2.3891227E+002, 2.9747538E+002, 2.0000003E+002, 2.4902445E+002
 1.2402465E+002, 2.3891239E+002, 2.9766748E+002, 2.0000003E+002, 2.4918483E+002
 1.2502533E+002, 2.3891241E+002, 2.9689204E+002, 1.9999999E+002, 2.4853617E+002
 1.2601783E+002, 2.3891230E+002, 2.9026050E+002, 1.9999996E+002, 2.4298490E+002
 1.2701303E+002, 2.3891225E+002, 2.9344538E+002, 2.0000000E+002, 2.4565205E+002
 1.2802205E+002, 2.3891233E+002, 2.9433143E+002, 2.0000004E+002, 2.4639518E+002
 1.2903236E+002, 2.3891241E+002, 2.9013763E+002, 2.0000002E+002, 2.4288423E+002
 1.3000063E+002, 2.3891235E+002, 2.8681069E+002, 1.9999997E+002, 2.4009779E+002
 1.3100091E+002, 2.3891227E+002, 2.9993780E+002, 1.9999998E+002, 2.5108525E+002
 1.3200223E+002, 2.3891228E+002, 3.0084903E+002, 2.0000003E+002, 2.5184655E+002
 1.3301317E+002, 2.3891238E+002, 2.9683660E+002, 2.0000004E+002, 2.4848731E+002
 1.3402244E+002, 2.3891238E+002, 2.9172053E+002, 1.9999999E+002, 2.4420560E+002
 1.3500335E+002, 2.3891232E+002, 2.8868608E+002, 1.9999997E+002, 2.4166659E+002
 1.3601578E+002, 2.3891230E+002, 2.9339044E+002, 2.0000000E+002, 2.4560562E+002
 1.3700433E+002, 2.3891234E+002, 2.9208018E+002, 2.0000002E+002, 2.4450769E+002
 1.3803376E+002, 2.3891236E+002, 2.9261697E+002, 2.0000000E+002, 2.4495546E+002
 1.3903356E+002, 2.3891234E+002, 2.9174915E+002, 1.9999998E+002, 2.4422805E+002
 1.4001338E+002, 2.3891232E+002, 2.9618474E+002, 1.9999999E+002, 2.4794144E+002
 1.4101614E+002, 2.3891232E+002, 2.9710160E+002, 2.0000001E+002, 2.4870989E+002
 1.4200806E+002, 2.3891232E+002, 2.9397418E+002, 2.0000001E+002, 2.4609319E+002
 1.4301470E+002, 2.3891234E+002, 2.8791502E+002, 2.0000001E+002, 2.4102144E+002
 1.4400255E+002, 2.3891236E+002, 2.8754814E+002, 2.0000000E+002, 2.4071469E+002
 1.4500932E+002, 2.3891234E+002, 2.9213629E+002, 1.9999999E+002, 2.4455619E+002
 1.4603484E+002, 2.3891230E+002, 2.8025333E+002, 2.0000000E+002, 2.3460998E+002
 1.4702535E+002, 2.3891231E+002, 2.9093245E+002, 2.0000002E+002, 2.4355089E+002
 1.4801970E+002, 2.3891238E+002, 2.9485266E+002, 2.0000001E+002, 2.4683213E+002
 1.4900304E+002, 2.3891238E+002, 2.9083791E+002, 1.9999998E+002, 2.4347053E+002
 1.5001923E+002, 2.3891229E+002, 2.9371676E+002, 1.9999998E+002, 2.4587995E+002
 1.5101858E+002, 2.3891227E+002, 2.9416227E+002, 2.0000002E+002, 2.4625370E+002
 1.5200123E+002, 2.3891237E+002, 2.9092913E+002, 2.0000004E+002, 2.4354807E+002
 1.5300057E+002, 2.3891242E+002, 2.9024602E+002, 1.9999999E+002, 2.4297528E+002
 1.5401302E+002, 2.3891231E+002, 2.9104298E+002, 1.9999996E+002, 2.4364110E+002
 1.5501870E+002, 2.3891224E+002, 2.8817842E+002, 2.0000001E+002, 2.4124232E+002
 1.5600168E+002, 2.3891233E+002, 2.9111856E+002, 2.0000005E+002, 2.4370356E+002
 1.5703376E+002, 2.3891243E+002, 2.8220313E+002, 2.0000001E+002, 2.3624036E+002
 1.5800340E+002, 2.3891236E+002, 2.8981265E+002, 1.9999996E+002, 2.4261080E+002
 1.5901370E+002, 2.3891225E+002, 2.9091565E+002, 1.9999998E+002, 2.4353407E+002
 1.6002108E+002, 2.3891227E+002, 2.8683926E+002, 2.0000004E+002, 2.4012122E+002
 1.6101638E+002, 2.3891240E+002, 2.9051149E+002, 2.0000003E+002, 2.4319470E+002
 1.6202308E+002, 2.3891241E+002, 2.8949423E+002, 1.9999998E+002, 2.4234265E+002
 1.6302353E+002, 2.3891229E+002, 2.8752339E+002, 1.9999997E+002, 2.4069291E+002
 1.6403728E+002, 2.3891225E+002, 2.8669881E+002, 2.0000001E+002, 2.4000282E+002
 1.6501156E+002, 2.3891234E+002, 2.8837259E+002, 2.0000004E+002, 2.4140382E+002
 1.6601080E+002, 2.3891241E+002, 2.8587277E+002, 2.0000001E+002, 2.3931098E+002
 1.6700136E+002, 2.3891235E+002, 2.8663832E+002, 1.9999997E+002, 2.3995174E+002
 1.6800583E+002, 2.3891227E+002, 2.8471564E+002, 1.9999999E+002, 2.3834237E+002
 1.6901044E+002, 2.3891229E+002, 2.8305098E+002, 2.0000002E+002, 2.3694908E+002
 1.7000997E+002, 2.3891237E+002, 2.7970990E+002, 2.0000003E+002, 2.3415224E+002
 1.7101129E+002, 2.3891239E+002, 2.8465620E+002, 2.0000000E+002, 2.3829285E+002
 1.7202413E+002, 2.3891233E+002, 2.8223118E+002, 1.9999998E+002, 2.3626279E+002
 1.7300793E+002, 2.3891230E+002, 2.8390921E+002, 2.0000000E+002, 2.3766741E+002
 1.7400141E+002, 2.3891232E+002, 2.8497118E+002, 2.0000002E+002, 2.3855663E+002
 1.7502827E+002, 2.3891236E+002, 2.8291339E+002, 2.0000001E+002, 2.3683375E+002
 1.7601471E+002, 2.3891235E+002, 2.7992721E+002, 1.9999999E+002, 2.3433390E+002
 1.7700114E+002, 2.3891233E+002, 2.8163274E+002, 1.9999999E+002, 2.3576129E+002
 1.7802363E+002, 2.3891232E+002, 2.8324197E+002, 2.0000001E+002, 2.3710742E+002
 1.7900112E+002, 2.3891232E+002, 2.8408720E+002, 2.0000001E+002, 2.3781490E+002
 1.8001767E+002, 2.3891233E+002, 2.7771048E+002, 2.0000000E+002, 2.3247801E+002
 1.8102014E+002, 2.3891234E+002, 2.8868687E+002, 2.0000000E+002, 2.4166844E+002
 1.8202491E+002, 2.3891235E+002, 2.8358887E+002, 2.0000000E+002, 2.3740151E+002
 1.8303762E+002, 2.3891232E+002, 2.7945305E+002, 2.0000000E+002, 2.3393940E+002
 1.8401416E+002, 2.3891231E+002, 2.8353045E+002, 2.0000000E+002, 2.3735276E+002
 1.8502769E+002, 2.3891233E+002, 2.8636830E+002, 2.0000002E+002, 2.3972778E+002
 1.8601455E+002, 2.3891235E+002, 2.8743791E+002, 2.0000001E+002, 2.4062197E+002
 1.8703191E+002, 2.3891234E+002, 2.8264064E+002, 1.9999999E+002, 2.3660576E+002
 1.8802990E+002, 2.3891232E+002, 2.8258921E+002, 1.9999999E+002, 2.3656295E+002
 1.8901156E+002, 2.3891232E+002, 2.7872104E+002, 2.0000001E+002, 2.3332499E+002
 1.9002958E+002, 2.3891234E+002, 2.8048522E+002, 2.0000002E+002, 2.3480190E+002
 1.9103575E+002, 2.3891233E+002, 2.8039293E+002, 1.9999999E+002, 2.3472442E+002
 1.9200639E+002, 2.3891232E+002, 2.7790449E+002, 1.9999999E+002, 2.3264037E+002
 1.9302376E+002, 2.3891233E+002, 2.7714002E+002, 2.0000002E+002, 2.3199952E+002
 1.9400653E+002, 2.3891235E+002, 2.7839870E+002, 2.0000002E+002, 2.3305340E+002
 1.9501825E+002, 2.3891235E+002, 2.8124951E+002, 2.0000000E+002, 2.3544097E+002
 1.9602914E+002, 2.3891232E+002, 2.7923445E+002, 1.9999998E+002, 2.3375531E+002
 1.9700508E+002, 2.3891231E+002, 2.8273907E+002, 2.0000001E+002, 2.3668955E+002
 1.9803289E+002, 2.3891232E+002, 2.7930781E+002, 2.0000002E+002, 2.3381701E+002
 1.9900241E+002, 2.3891236E+002, 2.7160503E+002, 2.0000001E+002, 2.2736855E+002
 2.0000962E+002, 2.3891237E+002, 2.7644613E+002, 1.9999999E+002, 2.3142165E+002
 2.0100191E+002, 2.3891234E+002, 2.8483500E+002, 1.9999998E+002, 2.3844507E+002
 2.0201359E+002, 2.3891228E+002, 2.8092190E+002, 1.9999999E+002, 2.3516939E+002
 2.0300754E+002, 2.3891230E+002, 2.8037214E+002, 2.0000002E+002, 2.3470887E+002
 2.0400042E+002, 2.3891240E+002, 2.8360172E+002, 2.0000002E+002, 2.3741172E+002
 2.0503495E+002, 2.3891242E+002, 2.8154435E+002, 1.9999998E+002, 2.3568953E+002
 2.0600249E+002, 2.3891229E+002, 2.8000649E+002, 1.9999995E+002, 2.3440371E+002
 2.0700471E+002, 2.3891221E+002, 2.7297595E+002, 2.0000000E+002, 2.2853418E+002
 2.0802935E+002, 2.3891233E+002, 2.7596505E+002, 2.0000006E+002, 2.3180024E+002
 2.0902773E+002, 2.3891247E+002, 2.6916592E+002, 2.0000002E+002, 2.2814201E+002
 2.1003082E+002, 2.3891239E+002, 2.7368331E+002, 1.9999994E+002, 2.3367724E+002
 2.1102326E+002, 2.3891221E+002, 2.6682805E+002, 1.9999996E+002, 2.2918196E+002
 2.1202953E+002, 2.3891223E+002, 2.6980194E+002, 2.0000004E+002, 2.3214657E+002
 2.1301983E+002, 2.3891241E+002, 2.7076043E+002, 2.0000005E+002, 2.3324168E+002
 2.1402114E+002, 2.3891246E+002, 2.7247390E+002, 1.9999998E+002, 2.3477219E+002
 2.1501362E+002, 2.3891231E+002, 2.7301844E+002, 1.9999995E+002, 2.3516203E+002
 2.1600956E+002, 2.3891220E+002, 2.6387379E+002, 2.0000000E+002, 2.2745746E+002
 2.1702579E+002, 2.3891231E+002, 2.7042798E+002, 2.0000005E+002, 2.3328771E+002
 2.1802278E+002, 2.3891243E+002, 2.6885792E+002, 2.0000002E+002, 2.3221269E+002
 2.1900935E+002, 2.3891239E+002, 2.7148397E+002, 1.9999996E+002, 2.3455852E+002
 2.2000481E+002, 2.3891228E+002, 2.6767263E+002, 1.9999997E+002, 2.3148683E+002
 2.2101797E+002, 2.3891228E+002, 2.6240327E+002, 2.0000002E+002, 2.2724813E+002
 2.2202013E+002, 2.3891236E+002, 2.6861758E+002, 2.0000002E+002, 2.3285810E+002
 2.2302078E+002, 2.3891236E+002, 2.6409132E+002, 1.9999999E+002, 2.2911258E+002
 2.2402143E+002, 2.3891231E+002, 2.6452029E+002, 1.9999999E+002, 2.2960994E+002
 2.2500897E+002, 2.3891232E+002, 2.6919608E+002, 2.0000000E+002, 2.3375825E+002
 2.2603303E+002, 2.3891238E+002, 2.6514177E+002, 2.0000000E+002, 2.3035717E+002
 2.2701726E+002, 2.3891235E+002, 2.6895314E+002, 1.9999998E+002, 2.3387476E+002
 2.2800184E+002, 2.3891228E+002, 2.6733793E+002, 1.9999999E+002, 2.3271901E+002
 2.2901837E+002, 2.3891227E+002, 2.6296688E+002, 2.0000002E+002, 2.2915330E+002
 2.3002693E+002, 2.3891236E+002, 2.6555431E+002, 2.0000002E+002, 2.3159917E+002
 2.3102546E+002, 2.3891241E+002, 2.6558036E+002, 1.9999999E+002, 2.3176610E+002
 2.3202171E+002, 2.3891233E+002, 2.6226158E+002, 1.9999998E+002, 2.2897701E+002
 2.3302232E+002, 2.3891228E+002, 2.6588325E+002, 1.9999999E+002, 2.3231212E+002
 2.3402444E+002, 2.3891230E+002, 2.6560718E+002, 2.0000002E+002, 2.3216370E+002
 2.3500626E+002, 2.3891235E+002, 2.6348804E+002, 2.0000002E+002, 2.3043767E+002
 2.3601383E+002, 2.3891234E+002, 2.6064076E+002, 2.0000000E+002, 2.2815102E+002
 2.3703258E+002, 2.3891233E+002, 2.6242504E+002, 2.0000000E+002, 2.2972182E+002
 2.3800482E+002, 2.3891235E+002, 2.6448568E+002, 2.0000000E+002, 2.3157258E+002
 2.3901471E+002, 2.3891235E+002, 2.6120356E+002, 1.9999999E+002, 2.2902224E+002
 2.4002013E+002, 2.3891230E+002, 2.6282404E+002, 1.9999999E+002, 2.3061608E+002
 2.4100497E+002, 2.3891228E+002, 2.6031326E+002, 2.0000001E+002, 2.2855491E+002
 2.4200824E+002, 2.3891235E+002, 2.6241329E+002, 2.0000003E+002, 2.3041747E+002
 2.4300012E+002, 2.3891241E+002, 2.6406770E+002, 2.0000000E+002, 2.3186946E+002
 2.4401447E+002, 2.3891235E+002, 2.6283630E+002, 1.9999996E+002, 2.3090287E+002
 2.4502301E+002, 2.3891227E+002, 2.6204949E+002, 1.9999998E+002, 2.3027693E+002
 2.4600653E+002, 2.3891229E+002, 2.6181409E+002, 2.0000003E+002, 2.3018641E+002
 2.4701749E+002, 2.3891237E+002, 2.5578368E+002, 2.0000003E+002, 2.2504889E+002
 2.4802820E+002, 2.3891237E+002, 2.6141073E+002, 1.9999999E+002, 2.3012343E+002
 2.4900611E+002, 2.3891232E+002, 2.5514736E+002, 1.9999998E+002, 2.2477456E+002
 2.5002127E+002, 2.3891231E+002, 2.5896080E+002, 2.0000000E+002, 2.2819664E+002
 2.5100373E+002, 2.3891234E+002, 2.5648267E+002, 2.0000001E+002, 2.2617166E+002
 2.5202693E+002, 2.3891235E+002, 2.5814339E+002, 2.0000000E+002, 2.2778870E+002
 2.5300643E+002, 2.3891232E+002, 2.6442757E+002, 2.0000000E+002, 2.3342061E+002
 2.5401110E+002, 2.3891231E+002, 2.6181399E+002, 2.0000001E+002, 2.3116532E+002
 2.5501680E+002, 2.3891235E+002, 2.5977561E+002, 2.0000001E+002, 2.2938454E+002
 2.5601666E+002, 2.3891236E+002, 2.6183592E+002, 2.0000000E+002, 2.3125063E+002
 2.5703014E+002, 2.3891233E+002, 2.5806996E+002, 1.9999999E+002, 2.2804173E+002
 2.5800583E+002, 2.3891231E+002, 2.5332892E+002, 2.0000000E+002, 2.2392338E+002
 2.5900986E+002, 2.3891232E+002, 2.5581616E+002, 2.0000002E+002, 2.2630633E+002
 2.6000376E+002, 2.3891234E+002, 2.5584281E+002, 2.0000001E+002, 2.2657509E+002
 2.6100139E+002, 2.3891236E+002, 2.6353556E+002, 2.0000000E+002, 2.3331385E+002
 2.6201614E+002, 2.3891234E+002, 2.6303278E+002, 1.9999999E+002, 2.3282889E+002
 2.6302912E+002, 2.3891231E+002, 2.6073487E+002, 2.0000000E+002, 2.3093576E+002
 2.6400232E+002, 2.3891232E+002, 2.5589236E+002, 2.0000001E+002, 2.2678193E+002
 2.6502690E+002, 2.3891235E+002, 2.5675970E+002, 2.0000001E+002, 2.2756632E+002
 2.6600631E+002, 2.3891234E+002, 2.5630043E+002, 2.0000000E+002, 2.2720736E+002
 2.6701881E+002, 2.3891231E+002, 2.5554760E+002, 2.0000000E+002, 2.2662697E+002
 2.6800736E+002, 2.3891233E+002, 2.4966020E+002, 2.0000001E+002, 2.2151814E+002
 2.6902976E+002, 2.3891237E+002, 2.5728276E+002, 2.0000001E+002, 2.2830881E+002
 2.7001986E+002, 2.3891236E+002, 2.6227427E+002, 1.9999999E+002, 2.3285908E+002
 2.7100636E+002, 2.3891230E+002, 2.6172778E+002, 1.9999999E+002, 2.3245372E+002
 2.7202302E+002, 2.3891228E+002, 2.5979662E+002, 2.0000001E+002, 2.3079819E+002
 2.7301132E+002, 2.3891235E+002, 2.5538862E+002, 2.0000003E+002, 2.2697240E+002
 2.7401665E+002, 2.3891239E+002, 2.5745313E+002, 2.0000000E+002, 2.2893403E+002
 2.7501428E+002, 2.3891235E+002, 2.5721116E+002, 1.9999997E+002, 2.2885141E+002
 2.7600909E+002, 2.3891229E+002, 2.4830930E+002, 1.9999999E+002, 2.2113335E+002
 2.7703535E+002, 2.3891230E+002, 2.5466771E+002, 2.0000002E+002, 2.2683128E+002
 2.7801477E+002, 2.3891235E+002, 2.5785956E+002, 2.0000001E+002, 2.2974745E+002
 2.7901610E+002, 2.3891236E+002, 2.5499281E+002, 1.9999999E+002, 2.2730174E+002
 2.8002854E+002, 2.3891233E+002, 2.5226859E+002, 1.9999999E+002, 2.2494331E+002
 2.8100911E+002, 2.3891231E+002, 2.5659555E+002, 2.0000000E+002, 2.2876467E+002
 2.8202111E+002, 2.3891233E+002, 2.5517805E+002, 2.0000000E+002, 2.2756574E+002
 2.8301031E+002, 2.3891234E+002, 2.5036006E+002, 2.0000001E+002, 2.2334798E+002
 2.8400297E+002, 2.3891233E+002, 2.5570129E+002, 2.0000000E+002, 2.2802557E+002
 2.8502770E+002, 2.3891232E+002, 2.5035155E+002, 1.9999999E+002, 2.2331750E+002
 2.8603128E+002, 2.3891233E+002, 2.4876007E+002, 2.0000001E+002, 2.2192582E+002
 2.8701275E+002, 2.3891236E+002, 2.5035161E+002, 2.0000001E+002, 2.2339111E+002
 2.8800556E+002, 2.3891235E+002, 2.5695378E+002, 1.9999999E+002, 2.2935628E+002
 2.8900867E+002, 2.3891230E+002, 2.6084660E+002, 1.9999999E+002, 2.3283565E+002
 2.9002695E+002, 2.3891231E+002, 2.5576014E+002, 2.0000001E+002, 2.2837204E+002
 2.9101206E+002, 2.3891235E+002, 2.5608994E+002, 2.0000001E+002, 2.2871089E+002
 2.9201273E+002, 2.3891237E+002, 2.5448040E+002, 2.0000000E+002, 2.2725485E+002
 2.9303601E+002, 2.3891234E+002, 2.5177209E+002, 1.9999999E+002, 2.2484831E+002
 2.9401736E+002, 2.3891231E+002, 2.5320726E+002, 1.9999999E+002, 2.2622116E+002
 2.9501623E+002, 2.3891231E+002, 2.5815107E+002, 2.0000001E+002, 2.3063277E+002
 2.9600753E+002, 2.3891233E+002, 2.5875699E+002, 2.0000002E+002, 2.3113118E+002
 2.9701938E+002, 2.3891236E+002, 2.5306367E+002, 2.0000000E+002, 2.2618372E+002
 2.9802252E+002, 2.3891236E+002, 2.5423635E+002, 1.9999999E+002, 2.2738323E+002
 2.9903467E+002, 2.3891233E+002, 2.4846949E+002, 1.9999999E+002, 2.2232715E+002
 3.0002105E+002, 2.3891230E+002, 2.5442475E+002, 1.9999999E+002, 2.2764004E+002
 3.0102493E+002, 2.3891231E+002, 2.5455875E+002, 2.0000001E+002, 2.2788976E+002
 3.0201464E+002, 2.3891235E+002, 2.5508995E+002, 2.0000002E+002, 2.2841702E+002
 3.0301455E+002, 2.3891237E+002, 2.4968661E+002, 2.0000000E+002, 2.2355906E+002
 3.0402606E+002, 2.3891233E+002, 2.5470562E+002, 1.9999998E+002, 2.2794968E+002
 3.0501399E+002, 2.3891230E+002, 2.5232760E+002, 1.9999999E+002, 2.2588693E+002
 3.0600768E+002, 2.3891232E+002, 2.4953019E+002, 2.0000001E+002, 2.2348940E+002
 3.0702492E+002, 2.3891235E+002, 2.4429038E+002, 2.0000001E+002, 2.1891916E+002
 3.0803155E+002, 2.3891234E+002, 2.4834948E+002, 2.0000000E+002, 2.2262780E+002
 3.0903046E+002, 2.3891233E+002, 2.5268658E+002, 1.9999999E+002, 2.2651902E+002
 3.1000463E+002, 2.3891234E+002, 2.5180784E+002, 2.0000000E+002, 2.2569722E+002
 3.1100055E+002, 2.3891234E+002, 2.5405317E+002, 2.0000000E+002, 2.2770040E+002
 3.1201526E+002, 2.3891231E+002, 2.5098680E+002, 2.0000000E+002, 2.2498103E+002
 3.1302505E+002, 2.3891233E+002, 2.4975402E+002, 2.0000000E+002, 2.2393259E+002
 3.1402071E+002, 2.3891236E+002, 2.5088814E+002, 2.0000001E+002, 2.2509094E+002
 3.1503518E+002, 2.3891234E+002, 2.5372820E+002, 1.9999999E+002, 2.2769929E+002
 3.1603374E+002, 2.3891229E+002, 2.5356103E+002, 1.9999999E+002, 2.2750366E+002
 3.1702787E+002, 2.3891232E+002, 2.5254670E+002, 2.0000001E+002, 2.2653765E+002
 3.1801378E+002, 2.3891238E+002, 2.5377854E+002, 2.0000001E+002, 2.2766992E+002
 3.1901761E+002, 2.3891235E+002, 2.5418164E+002, 1.9999998E+002, 2.2808046E+002
 3.2002099E+002, 2.3891230E+002, 2.5285539E+002, 1.9999998E+002, 2.2686380E+002
 3.2103908E+002, 2.3891231E+002, 2.5187937E+002, 2.0000001E+002, 2.2600508E+002
 3.2203501E+002, 2.3891235E+002, 2.4603326E+002, 2.0000002E+002, 2.2092325E+002
 3.2302581E+002, 2.3891234E+002, 2.5137066E+002, 1.9999999E+002, 2.2572789E+002
 3.2401021E+002, 2.3891234E+002, 2.4918506E+002, 1.9999999E+002, 2.2383401E+002
 3.2502129E+002, 2.3891235E+002, 2.5428384E+002, 1.9999999E+002, 2.2850659E+002
 3.2602203E+002, 2.3891233E+002, 2.5587370E+002, 1.9999999E+002, 2.2991786E+002
 3.2701459E+002, 2.3891230E+002, 2.5496894E+002, 1.9999999E+002, 2.2913547E+002
 3.2802460E+002, 2.3891231E+002, 2.5356046E+002, 2.0000001E+002, 2.2793813E+002
 3.2901786E+002, 2.3891236E+002, 2.5134173E+002, 2.0000001E+002, 2.2592718E+002
 3.3002221E+002, 2.3891236E+002, 2.4801450E+002, 2.0000000E+002, 2.2295250E+002
 3.3103957E+002, 2.3891231E+002, 2.5067037E+002, 1.9999998E+002, 2.2539715E+002
 3.3202438E+002, 2.3891230E+002, 2.4790035E+002, 2.0000000E+002, 2.2292755E+002
 3.3301367E+002, 2.3891235E+002, 2.4556071E+002, 2.0000002E+002, 2.2084722E+002
 3.3401811E+002, 2.3891236E+002, 2.4507432E+002, 2.0000000E+002, 2.2045568E+002
 3.3502551E+002, 2.3891231E+002, 2.4045632E+002, 1.9999999E+002, 2.1632494E+002
 3.3602704E+002, 2.3891232E+002, 2.5493106E+002, 2.0000001E+002, 2.2913158E+002
 3.3700623E+002, 2.3891236E+002, 2.5762258E+002, 2.0000001E+002, 2.3153555E+002
 3.3802156E+002, 2.3891234E+002, 2.5455471E+002, 1.9999999E+002, 2.2891776E+002
 3.3900362E+002, 2.3891230E+002, 2.5090522E+002, 1.9999999E+002, 2.2576895E+002
 3.4001899E+002, 2.3891232E+002, 2.5039001E+002, 2.0000002E+002, 2.2533397E+002
 3.4103088E+002, 2.3891237E+002, 2.4973726E+002, 2.0000001E+002, 2.2472261E+002
 3.4203653E+002, 2.3891235E+002, 2.4941659E+002, 1.9999998E+002, 2.2441440E+002
 3.4300015E+002, 2.3891229E+002, 2.5401490E+002, 2.0000000E+002, 2.2852786E+002
 3.4402964E+002, 2.3891231E+002, 2.4744569E+002, 2.0000003E+002, 2.2271326E+002
 3.4502236E+002, 2.3891237E+002, 2.5082413E+002, 2.0000001E+002, 2.2579830E+002
 3.4603381E+002, 2.3891235E+002, 2.5450558E+002, 1.9999998E+002, 2.2915639E+002
 3.4700425E+002, 2.3891229E+002, 2.5305137E+002, 2.0000000E+002, 2.2780211E+002
 3.4800055E+002, 2.3891230E+002, 2.4821459E+002, 2.0000002E+002, 2.2342343E+002
 3.4902764E+002, 2.3891237E+002, 2.4443177E+002, 2.0000001E+002, 2.2016795E+002
 3.5001340E+002, 2.3891237E+002, 2.4728379E+002, 1.9999998E+002, 2.2290333E+002
 3.5101939E+002, 2.3891230E+002, 2.4355650E+002, 1.9999999E+002, 2.1961184E+002
 3.5202927E+002, 2.3891229E+002, 2.5068924E+002, 2.0000002E+002, 2.2590041E+002
 3.5300821E+002, 2.3891235E+002, 2.5180609E+002, 2.0000002E+002, 2.2683892E+002
 3.5403067E+002, 2.3891238E+002, 2.5112849E+002, 1.9999999E+002, 2.2628096E+002
 3.5500365E+002, 2.3891234E+002, 2.5289263E+002, 1.9999998E+002, 2.2797094E+002
 3.5603244E+002, 2.3891229E+002, 2.4932135E+002, 2.0000000E+002, 2.2486735E+002
 3.5702347E+002, 2.3891230E+002, 2.5083951E+002, 2.0000001E+002, 2.2625273E+002
 3.5800817E+002, 2.3891236E+002, 2.4535964E+002, 2.0000002E+002, 2.2140290E+002
 3.5901148E+002, 2.3891237E+002, 2.4550794E+002, 2.0000000E+002, 2.2154060E+002
 3.6001004E+002, 2.3891233E+002, 2.4773065E+002, 1.9999998E+002, 2.2346259E+002
 3.6103740E+002, 2.3891229E+002, 2.5493770E+002, 2.0000000E+002, 2.2987150E+002
 3.6201716E+002, 2.3891233E+002, 2.4509398E+002, 2.0000002E+002, 2.2116625E+002
 3.6300664E+002, 2.3891238E+002, 2.4752713E+002, 2.0000002E+002, 2.2345649E+002
 3.6402346E+002, 2.3891233E+002, 2.4825675E+002, 1.9999999E+002, 2.2418291E+002
 3.6500878E+002, 2.3891228E+002, 2.4570712E+002, 1.9999999E+002, 2.2192521E+002
 3.6601772E+002, 2.3891234E+002, 2.4907775E+002, 2.0000002E+002, 2.2496163E+002
 3.6701860E+002, 2.3891239E+002, 2.5036498E+002, 2.0000002E+002, 2.2614161E+002
 3.6801082E+002, 2.3891234E+002, 2.4893103E+002, 1.9999998E+002, 2.2487702E+002
 3.6900549E+002, 2.3891227E+002, 2.4396976E+002, 1.9999998E+002, 2.2037990E+002
 3.7002755E+002, 2.3891231E+002, 2.5231567E+002, 2.0000002E+002, 2.2777468E+002
 3.7100857E+002, 2.3891239E+002, 2.5154226E+002, 2.0000003E+002, 2.2714072E+002
 3.7200018E+002, 2.3891237E+002, 2.4605402E+002, 1.9999998E+002, 2.2230606E+002
 3.7303324E+002, 2.3891231E+002, 2.5049194E+002, 1.9999997E+002, 2.2631517E+002
 3.7400200E+002, 2.3891231E+002, 2.5124103E+002, 2.0000000E+002, 2.2705132E+002
 3.7502523E+002, 2.3891233E+002, 2.4915891E+002, 2.0000001E+002, 2.2527523E+002
 3.7601977E+002, 2.3891232E+002, 2.4720438E+002, 1.9999999E+002, 2.2357190E+002
 3.7700343E+002, 2.3891234E+002, 2.4613158E+002, 2.0000000E+002, 2.2256752E+002
 3.7800639E+002, 2.3891238E+002, 2.4367344E+002, 2.0000001E+002, 2.2029934E+002
 3.7903195E+002, 2.3891236E+002, 2.4967680E+002, 1.9999998E+002, 2.2571114E+002
 3.8000142E+002, 2.3891226E+002, 2.4758720E+002, 1.9999997E+002, 2.2395294E+002
 3.8101160E+002, 2.3891227E+002, 2.4645839E+002, 2.0000002E+002, 2.2298026E+002
 3.8200097E+002, 2.3891239E+002, 2.4249132E+002, 2.0000004E+002, 2.1941199E+002
 3.8302549E+002, 2.3891242E+002, 2.4628152E+002, 1.9999999E+002, 2.2286485E+002
 3.8402978E+002, 2.3891230E+002, 2.4414236E+002, 1.9999995E+002, 2.2111328E+002
 3.8503075E+002, 2.3891225E+002, 2.4094058E+002, 2.0000000E+002, 2.1839775E+002
 3.8601756E+002, 2.3891234E+002, 2.5010481E+002, 2.0000004E+002, 2.2669982E+002
 3.8700893E+002, 2.3891239E+002, 2.4920680E+002, 2.0000001E+002, 2.2587552E+002
 3.8801254E+002, 2.3891234E+002, 2.5012209E+002, 1.9999997E+002, 2.2668234E+002
 3.8900412E+002, 2.3891231E+002, 2.4982228E+002, 2.0000000E+002, 2.2640531E+002
 3.9000194E+002, 2.3891234E+002, 2.4827609E+002, 2.0000002E+002, 2.2496905E+002
 3.9100239E+002, 2.3891234E+002, 2.4665142E+002, 2.0000000E+002, 2.2346673E+002
 3.9201909E+002, 2.3891230E+002, 2.4477196E+002, 2.0000000E+002, 2.2175457E+002
 3.9300256E+002, 2.3891233E+002, 2.4404440E+002, 2.0000002E+002, 2.2105749E+002
 3.9400598E+002, 2.3891237E+002, 2.4244468E+002, 2.0000001E+002, 2.1967956E+002
 3.9502392E+002, 2.3891234E+002, 2.4802598E+002, 1.9999998E+002, 2.2479570E+002
 3.9602686E+002, 2.3891229E+002, 2.4925393E+002, 2.0000000E+002, 2.2596988E+002
 3.9702562E+002, 2.3891234E+002, 2.4490146E+002, 2.0000003E+002, 2.2210415E+002
 3.9803010E+002, 2.3891239E+002, 2.4914347E+002, 2.0000000E+002, 2.2591073E+002
 3.9900659E+002, 2.3891232E+002, 2.4902334E+002, 1.9999997E+002, 2.2579773E+002
 4.0000285E+002, 2.3891227E+002, 2.4923497E+002, 1.9999999E+002, 2.2599791E+002
 4.0101731E+002, 2.3891234E+002, 2.4792933E+002, 2.0000003E+002, 2.2485166E+002
 4.0203263E+002, 2.3891240E+002, 2.4566204E+002, 2.0000000E+002, 2.2285997E+002
 4.0301552E+002, 2.3891234E+002, 2.4771078E+002, 1.9999997E+002, 2.2470612E+002
 4.0400464E+002, 2.3891227E+002, 2.4276689E+002, 1.9999999E+002, 2.2024297E+002
 4.0500208E+002, 2.3891230E+002, 2.4396717E+002, 2.0000003E+002, 2.2134226E+002
 4.0600509E+002, 2.3891237E+002, 2.4464730E+002, 2.0000001E+002, 2.2199973E+002
 4.0703205E+002, 2.3891238E+002, 2.4035450E+002, 1.9999999E+002, 2.1821042E+002
 4.0800903E+002, 2.3891234E+002, 2.4429626E+002, 2.0000000E+002, 2.2179058E+002
 4.0900051E+002, 2.3891230E+002, 2.4429749E+002, 2.0000000E+002, 2.2178921E+002
 4.1002353E+002, 2.3891230E+002, 2.4771996E+002, 2.0000000E+002, 2.2487711E+002
 4.1102239E+002, 2.3891232E+002, 2.5249796E+002, 2.0000001E+002, 2.2917517E+002
 4.1201242E+002, 2.3891238E+002, 2.4646321E+002, 2.0000002E+002, 2.2377809E+002
 4.1302619E+002, 2.3891238E+002, 2.5131465E+002, 1.9999999E+002, 2.2808028E+002
 4.1402643E+002, 2.3891231E+002, 2.4633915E+002, 1.9999997E+002, 2.2355149E+002
 4.1503006E+002, 2.3891228E+002, 2.4519309E+002, 2.0000000E+002, 2.2255252E+002
 4.1600722E+002, 2.3891233E+002, 2.4220638E+002, 2.0000003E+002, 2.1998804E+002
 4.1702209E+002, 2.3891238E+002, 2.3928114E+002, 2.0000000E+002, 2.1741792E+002
 4.1800055E+002, 2.3891237E+002, 2.4445412E+002, 1.9999998E+002, 2.2201520E+002
 4.1900130E+002, 2.3891232E+002, 2.4515403E+002, 1.9999999E+002, 2.2256955E+002
 4.2002164E+002, 2.3891230E+002, 2.4534047E+002, 2.0000001E+002, 2.2266223E+002
 4.2101930E+002, 2.3891231E+002, 2.4313296E+002, 2.0000000E+002, 2.2068696E+002
 4.2202600E+002, 2.3891235E+002, 2.4533000E+002, 2.0000000E+002, 2.2270451E+002
 4.2302430E+002, 2.3891237E+002, 2.4563347E+002, 2.0000002E+002, 2.2298859E+002
 4.2400272E+002, 2.3891234E+002, 2.4432354E+002, 2.0000001E+002, 2.2183585E+002
 4.2502942E+002, 2.3891229E+002, 2.4132020E+002, 1.9999998E+002, 2.1911605E+002
 4.2602001E+002, 2.3891230E+002, 2.4843760E+002, 2.0000000E+002, 2.2545022E+002
 4.2702490E+002, 2.3891236E+002, 2.4348185E+002, 2.0000004E+002, 2.2103668E+002
 4.2800185E+002, 2.3891238E+002, 2.4702378E+002, 2.0000001E+002, 2.2428706E+002
 4.2900023E+002, 2.3891234E+002, 2.4739419E+002, 1.9999997E+002, 2.2466847E+002
 4.3002362E+002, 2.3891230E+002, 2.4987543E+002, 1.9999999E+002, 2.2694028E+002
 4.3100778E+002, 2.3891232E+002, 2.4873976E+002, 2.0000002E+002, 2.2599330E+002
 4.3202301E+002, 2.3891234E+002, 2.4306919E+002, 2.0000001E+002, 2.2097564E+002
 4.3302790E+002, 2.3891235E+002, 2.5025882E+002, 1.9999999E+002, 2.2746985E+002
 4.3402891E+002, 2.3891236E+002, 2.4557209E+002, 1.9999999E+002, 2.2317362E+002
 4.3500617E+002, 2.3891236E+002, 2.4178122E+002, 1.9999999E+002, 2.1965660E+002
 4.3601210E+002, 2.3891229E+002, 2.4113391E+002, 1.9999998E+002, 2.1906977E+002
 4.3702069E+002, 2.3891226E+002, 2.4324161E+002, 2.0000001E+002, 2.2097950E+002
 4.3801777E+002, 2.3891237E+002, 2.4465430E+002, 2.0000003E+002, 2.2228872E+002
 4.3903332E+002, 2.3891245E+002, 2.4355252E+002, 2.0000000E+002, 2.2134420E+002
 4.4003234E+002, 2.3891232E+002, 2.4578456E+002, 1.9999995E+002, 2.2332873E+002
 4.4101118E+002, 2.3891219E+002, 2.4434293E+002, 1.9999999E+002, 2.2202531E+002
 4.4201107E+002, 2.3891231E+002, 2.4506727E+002, 2.0000006E+002, 2.2268925E+002
 4.4300831E+002, 2.3891247E+002, 2.4350752E+002, 2.0000004E+002, 2.2126610E+002
 4.4401688E+002, 2.3891239E+002, 2.4541053E+002, 1.9999994E+002, 2.2293255E+002
 4.4500245E+002, 2.3891222E+002, 2.4428138E+002, 1.9999996E+002, 2.2188356E+002
 4.4603185E+002, 2.3891227E+002, 2.4411909E+002, 2.0000006E+002, 2.2175063E+002
 4.4703392E+002, 2.3891242E+002, 2.4659068E+002, 2.0000005E+002, 2.2396944E+002
 4.4803416E+002, 2.3891239E+002, 2.4742698E+002, 1.9999997E+002, 2.2468207E+002
 4.4901476E+002, 2.3891227E+002, 2.4657476E+002, 1.9999997E+002, 2.2388457E+002
 4.5000237E+002, 2.3891228E+002, 2.4401354E+002, 2.0000003E+002, 2.2159735E+002
 4.5101414E+002, 2.3891239E+002, 2.4415207E+002, 2.0000003E+002, 2.2186664E+002
 4.5202057E+002, 2.3891238E+002, 2.4438508E+002, 1.9999998E+002, 2.2225275E+002
 4.5301765E+002, 2.3891229E+002, 2.4415830E+002, 1.9999997E+002, 2.2203786E+002
 4.5403051E+002, 2.3891229E+002, 2.4663514E+002, 2.0000001E+002, 2.2417454E+002
 4.5501878E+002, 2.3891236E+002, 2.4255878E+002, 2.0000002E+002, 2.2052573E+002
 4.5603589E+002, 2.3891236E+002, 2.4480380E+002, 1.9999999E+002, 2.2261691E+002
 4.5702855E+002, 2.3891233E+002, 2.4303879E+002, 1.9999999E+002, 2.2101852E+002
 4.5801976E+002, 2.3891233E+002, 2.4489392E+002, 2.0000001E+002, 2.2264104E+002
 4.5900755E+002, 2.3891232E+002, 2.4197224E+002, 1.9999999E+002, 2.2000948E+002
 4.6002146E+002, 2.3891230E+002, 2.4096406E+002, 1.9999999E+002, 2.1911986E+002
 4.6102603E+002, 2.3891234E+002, 2.4365827E+002, 2.0000003E+002, 2.2158314E+002
 4.6201779E+002, 2.3891240E+002, 2.4043166E+002, 2.0000001E+002, 2.1872983E+002
 4.6301622E+002, 2.3891236E+002, 2.4264223E+002, 1.9999997E+002, 2.2068997E+002
 4.6400095E+002, 2.3891227E+002, 2.4354815E+002, 1.9999998E+002, 2.2143960E+002
 4.6501881E+002, 2.3891226E+002, 2.4538187E+002, 2.0000003E+002, 2.2308150E+002
 4.6602312E+002, 2.3891236E+002, 2.4683866E+002, 2.0000003E+002, 2.2441082E+002
 4.6701448E+002, 2.3891242E+002, 2.4949788E+002, 2.0000000E+002, 2.2679190E+002
 4.6803013E+002, 2.3891236E+002, 2.3907521E+002, 1.9999997E+002, 2.1744132E+002
 4.6901014E+002, 2.3891227E+002, 2.3817601E+002, 1.9999999E+002, 2.1669139E+002
 4.7001349E+002, 2.3891227E+002, 2.4243818E+002, 2.0000002E+002, 2.2054117E+002
 4.7102325E+002, 2.3891235E+002, 2.4532511E+002, 2.0000002E+002, 2.2308475E+002
 4.7201813E+002, 2.3891239E+002, 2.4706042E+002, 2.0000001E+002, 2.2460092E+002
 4.7300847E+002, 2.3891236E+002, 2.4748400E+002, 1.9999999E+002, 2.2501245E+002
 4.7401698E+002, 2.3891231E+002, 2.4140703E+002, 1.9999998E+002, 2.1955324E+002
 4.7503512E+002, 2.3891229E+002, 2.4451644E+002, 2.0000000E+002, 2.2230738E+002
 4.7602995E+002, 2.3891233E+002, 2.4562792E+002, 2.0000003E+002, 2.2332704E+002
 4.7702097E+002, 2.3891237E+002, 2.4436887E+002, 2.0000001E+002, 2.2230260E+002
 4.7800639E+002, 2.3891236E+002, 2.4472091E+002, 1.9999998E+002, 2.2269924E+002
 4.7903273E+002, 2.3891232E+002, 2.4277937E+002, 1.9999999E+002, 2.2096389E+002
 4.8001406E+002, 2.3891232E+002, 2.4453714E+002, 2.0000002E+002, 2.2251314E+002
 4.8100222E+002, 2.3891234E+002, 2.4455816E+002, 2.0000000E+002, 2.2250739E+002
 4.8201929E+002, 2.3891232E+002, 2.3748012E+002, 1.9999999E+002, 2.1618059E+002
 4.8301970E+002, 2.3891233E+002, 2.4366670E+002, 2.0000001E+002, 2.2175964E+002
 4.8400326E+002, 2.3891236E+002, 2.3746127E+002, 2.0000002E+002, 2.1616359E+002
 4.8500780E+002, 2.3891234E+002, 2.3417389E+002, 2.0000000E+002, 2.1324273E+002
 4.8603032E+002, 2.3891230E+002, 2.3969052E+002, 1.9999999E+002, 2.1828938E+002
 4.8700315E+002, 2.3891231E+002, 2.4682361E+002, 2.0000001E+002, 2.2473565E+002
 4.8803077E+002, 2.3891237E+002, 2.4545277E+002, 2.0000003E+002, 2.2346862E+002
 4.8900001E+002, 2.3891236E+002, 2.4676392E+002, 2.0000000E+002, 2.2457637E+002
 4.9002519E+002, 2.3891231E+002, 2.4391938E+002, 1.9999998E+002, 2.2200270E+002
 4.9100013E+002, 2.3891232E+002, 2.4217610E+002, 2.0000000E+002, 2.2050529E+002
 4.9202888E+002, 2.3891237E+002, 2.4032122E+002, 2.0000001E+002, 2.1889003E+002
 4.9300059E+002, 2.3891232E+002, 2.4113688E+002, 1.9999998E+002, 2.1964718E+002
 4.9401546E+002, 2.3891229E+002, 2.4529468E+002, 1.9999999E+002, 2.2338380E+002
 4.9503032E+002, 2.3891236E+002, 2.4484374E+002, 2.0000001E+002, 2.2294048E+002
 4.9602554E+002, 2.3891239E+002, 2.4251162E+002, 1.9999999E+002, 2.2080470E+002
 4.9701041E+002, 2.3891230E+002, 2.4747257E+002, 1.9999996E+002, 2.2524273E+002
 4.9803164E+002, 2.3891226E+002, 2.4209673E+002, 2.0000000E+002, 2.2043055E+002
 4.9902147E+002, 2.3891234E+002, 2.3981141E+002, 2.0000004E+002, 2.1838213E+002
 5.0000296E+002, 2.3891242E+002, 2.4207600E+002, 2.0000002E+002, 2.2043247E+002
 5.0103261E+002, 2.3891235E+002, 2.3910272E+002, 1.9999996E+002, 2.1784786E+002
 5.0202288E+002, 2.3891226E+002, 2.4058723E+002, 1.9999998E+002, 2.1924115E+002
 5.0302843E+002, 2.3891229E+002, 2.3928146E+002, 2.0000004E+002, 2.1802426E+002
 5.0400466E+002, 2.3891238E+002, 2.4198451E+002, 2.0000003E+002, 2.2039281E+002
 5.0502131E+002, 2.3891239E+002, 2.4307796E+002, 1.9999998E+002, 2.2137138E+002
 5.0602707E+002, 2.3891231E+002, 2.4105585E+002, 1.9999998E+002, 2.1959236E+002
 5.0701889E+002, 2.3891229E+002, 2.4225147E+002, 2.0000002E+002, 2.2067135E+002
 5.0803354E+002, 2.3891233E+002, 2.3925026E+002, 2.0000002E+002, 2.1795529E+002
 5.0901166E+002, 2.3891235E+002, 2.4234644E+002, 2.0000000E+002, 2.2072455E+002
 5.1002277E+002, 2.3891236E+002, 2.4536730E+002, 2.0000000E+002, 2.2347749E+002
 5.1103138E+002, 2.3891235E+002, 2.4638116E+002, 2.0000000E+002, 2.2443918E+002
 5.1201631E+002, 2.3891231E+002, 2.4087038E+002, 1.9999999E+002, 2.1947990E+002
 5.1300340E+002, 2.3891229E+002, 2.4624956E+002, 2.0000001E+002, 2.2431379E+002
 5.1402134E+002, 2.3891233E+002, 2.4417582E+002, 2.0000003E+002, 2.2248598E+002
 5.1501178E+002, 2.3891240E+002, 2.3920991E+002, 2.0000001E+002, 2.1800619E+002
 5.1602395E+002, 2.3891237E+002, 2.4519951E+002, 1.9999997E+002, 2.2340534E+002
 5.1700863E+002, 2.3891228E+002, 2.4053280E+002, 1.9999997E+002, 2.1924982E+002
 5.1802964E+002, 2.3891228E+002, 2.4057465E+002, 2.0000002E+002, 2.1932099E+002
 5.1901967E+002, 2.3891238E+002, 2.4003567E+002, 2.0000003E+002, 2.1887628E+002
 5.2001463E+002, 2.3891241E+002, 2.4211688E+002, 1.9999997E+002, 2.2073871E+002
 5.2102907E+002, 2.3891230E+002, 2.4303040E+002, 1.9999996E+002, 2.2152375E+002
 5.2200613E+002, 2.3891225E+002, 2.4600642E+002, 2.0000001E+002, 2.2417190E+002
 5.2303768E+002, 2.3891234E+002, 2.4376321E+002, 2.0000004E+002, 2.2216896E+002
 5.2402591E+002, 2.3891241E+002, 2.4419823E+002, 2.0000000E+002, 2.2265473E+002
 5.2502341E+002, 2.3891234E+002, 2.4033467E+002, 1.9999997E+002, 2.1920755E+002
 5.2600510E+002, 2.3891227E+002, 2.3998964E+002, 1.9999999E+002, 2.1885676E+002
 5.2701358E+002, 2.3891230E+002, 2.4432484E+002, 2.0000003E+002, 2.2270878E+002
 5.2801591E+002, 2.3891237E+002, 2.4128406E+002, 2.0000002E+002, 2.1991956E+002
 5.2900593E+002, 2.3891239E+002, 2.4080775E+002, 1.9999999E+002, 2.1946224E+002
 5.3001151E+002, 2.3891233E+002, 2.4207885E+002, 1.9999998E+002, 2.2060988E+002
 5.3100650E+002, 2.3891228E+002, 2.4184625E+002, 2.0000000E+002, 2.2042480E+002
 5.3202163E+002, 2.3891229E+002, 2.4095942E+002, 2.0000002E+002, 2.1970191E+002
 5.3302266E+002, 2.3891238E+002, 2.4173075E+002, 2.0000003E+002, 2.2049184E+002
 5.3401858E+002, 2.3891242E+002, 2.4621106E+002, 2.0000000E+002, 2.2459053E+002
 5.3503314E+002, 2.3891234E+002, 2.4138672E+002, 1.9999996E+002, 2.2022067E+002
 5.3600843E+002, 2.3891224E+002, 2.4136901E+002, 1.9999998E+002, 2.2015235E+002
 5.3702408E+002, 2.3891229E+002, 2.4028034E+002, 2.0000004E+002, 2.1916030E+002
 5.3802709E+002, 2.3891240E+002, 2.3501955E+002, 2.0000003E+002, 2.1442260E+002
 5.3901397E+002, 2.3891240E+002, 2.3710843E+002, 1.9999998E+002, 2.1631948E+002
 5.4001349E+002, 2.3891232E+002, 2.4262379E+002, 1.9999996E+002, 2.2130295E+002
 5.4102335E+002, 2.3891227E+002, 2.4360743E+002, 2.0000000E+002, 2.2218393E+002
 5.4203511E+002, 2.3891231E+002, 2.4114639E+002, 2.0000003E+002, 2.1991678E+002
 5.4300425E+002, 2.3891237E+002, 2.4434025E+002, 2.0000001E+002, 2.2277111E+002
 5.4401439E+002, 2.3891239E+002, 2.4714360E+002, 1.9999999E+002, 2.2531784E+002
 5.4503195E+002, 2.3891233E+002, 2.4052947E+002, 1.9999999E+002, 2.1933062E+002
 5.4600913E+002, 2.3891229E+002, 2.4205862E+002, 1.9999999E+002, 2.2073657E+002
 5.4703001E+002, 2.3891231E+002, 2.4026215E+002, 2.0000000E+002, 2.1918884E+002
 5.4800182E+002, 2.3891236E+002, 2.4096018E+002, 2.0000002E+002, 2.1989655E+002
 5.4903293E+002, 2.3891237E+002, 2.4010651E+002, 2.0000000E+002, 2.1916752E+002
 5.5000151E+002, 2.3891233E+002, 2.4335619E+002, 1.9999997E+002, 2.2206931E+002
 5.5100705E+002, 2.3891229E+002, 2.4455022E+002, 1.9999998E+002, 2.2314211E+002
 5.5201520E+002, 2.3891231E+002, 2.4372128E+002, 2.0000002E+002, 2.2239984E+002
 5.5301030E+002, 2.3891235E+002, 2.4481539E+002, 2.0000002E+002, 2.2335712E+002
 5.5400959E+002, 2.3891237E+002, 2.4057367E+002, 1.9999998E+002, 2.1958006E+002
 5.5500704E+002, 2.3891234E+002, 2.3700339E+002, 1.9999997E+002, 2.1641280E+002
 5.5602729E+002, 2.3891231E+002, 2.4438570E+002, 1.9999999E+002, 2.2307075E+002
 5.5700153E+002, 2.3891230E+002, 2.4568134E+002, 2.0000001E+002, 2.2417974E+002
 5.5803514E+002, 2.3891234E+002, 2.3816880E+002, 2.0000001E+002, 2.1734488E+002
 5.5900201E+002, 2.3891236E+002, 2.4232797E+002, 2.0000000E+002, 2.2107095E+002
 5.6000535E+002, 2.3891235E+002, 2.4260937E+002, 1.9999999E+002, 2.2133375E+002
 5.6101088E+002, 2.3891231E+002, 2.3815192E+002, 1.9999999E+002, 2.1733399E+002
 5.6202649E+002, 2.3891231E+002, 2.4386375E+002, 2.0000000E+002, 2.2250386E+002
 5.6303216E+002, 2.3891233E+002, 2.4330446E+002, 2.0000002E+002, 2.2204925E+002
 5.6402163E+002, 2.3891237E+002, 2.4157353E+002, 2.0000000E+002, 2.2049025E+002
 5.6500174E+002, 2.3891236E+002, 2.3923536E+002, 1.9999998E+002, 2.1837779E+002
 5.6602630E+002, 2.3891230E+002, 2.3748921E+002, 1.9999999E+002, 2.1683963E+002
 5.6701147E+002, 2.3891230E+002, 2.4539679E+002, 2.0000001E+002, 2.2398559E+002
 5.6802598E+002, 2.3891235E+002, 2.4272458E+002, 2.0000001E+002, 2.2155653E+002
 5.6901121E+002, 2.3891237E+002, 2.4288096E+002, 1.9999999E+002, 2.2163644E+002
 5.7002016E+002, 2.3891232E+002, 2.3969188E+002, 1.9999999E+002, 2.1875190E+002
 5.7103085E+002, 2.3891230E+002, 2.3960513E+002, 2.0000000E+002, 2.1868191E+002
 5.7202903E+002, 2.3891234E+002, 2.3777958E+002, 2.0000001E+002, 2.1701431E+002
 5.7303374E+002, 2.3891236E+002, 2.3655222E+002, 2.0000000E+002, 2.1587134E+002
 5.7402673E+002, 2.3891233E+002, 2.3650099E+002, 1.9999998E+002, 2.1578457E+002
 5.7500710E+002, 2.3891230E+002, 2.4265381E+002, 2.0000000E+002, 2.2137767E+002
 5.7601687E+002, 2.3891233E+002, 2.4057500E+002, 2.0000002E+002, 2.1957739E+002
 5.7700315E+002, 2.3891235E+002, 2.4066485E+002, 2.0000000E+002, 2.1964881E+002
 5.7801334E+002, 2.3891233E+002, 2.4415464E+002, 1.9999998E+002, 2.2276574E+002
 5.7901680E+002, 2.3891231E+002, 2.4171759E+002, 2.0000001E+002, 2.2055936E+002
 5.8003387E+002, 2.3891234E+002, 2.4082329E+002, 2.0000002E+002, 2.1975814E+002
 5.8101313E+002, 2.3891235E+002, 2.3810526E+002, 1.9999999E+002, 2.1735649E+002
 5.8200868E+002, 2.3891232E+002, 2.4250721E+002, 1.9999999E+002, 2.2137761E+002
 5.8302617E+002, 2.3891230E+002, 2.4000154E+002, 2.0000002E+002, 2.1916365E+002
 5.8400566E+002, 2.3891234E+002, 2.3952112E+002, 2.0000003E+002, 2.1873385E+002
 5.8501598E+002, 2.3891239E+002, 2.3838760E+002, 1.9999999E+002, 2.1769150E+002
 5.8600450E+002, 2.3891236E+002, 2.4011870E+002, 1.9999997E+002, 2.1924085E+002
 5.8700480E+002, 2.3891227E+002, 2.3928178E+002, 1.9999999E+002, 2.1846886E+002
 5.8801943E+002, 2.3891229E+002, 2.4668884E+002, 2.0000002E+002, 2.2508614E+002
 5.8902666E+002, 2.3891237E+002, 2.3832693E+002, 2.0000002E+002, 2.1751034E+002
 5.9000569E+002, 2.3891240E+002, 2.4054529E+002, 1.9999999E+002, 2.1952751E+002
 5.9101985E+002, 2.3891232E+002, 2.4674486E+002, 1.9999998E+002, 2.2516728E+002
 5.9200400E+002, 2.3891226E+002, 2.4290813E+002, 2.0000000E+002, 2.2173188E+002
 5.9300378E+002, 2.3891231E+002, 2.3871367E+002, 2.0000003E+002, 2.1795891E+002
 5.9402544E+002, 2.3891239E+002, 2.4424814E+002, 2.0000002E+002, 2.2295654E+002
 5.9500545E+002, 2.3891239E+002, 2.4354263E+002, 1.9999999E+002, 2.2231323E+002
 5.9602978E+002, 2.3891231E+002, 2.3859935E+002, 1.9999997E+002, 2.1782345E+002
 5.9700228E+002, 2.3891227E+002, 2.4259436E+002, 2.0000001E+002, 2.2138406E+002
 5.9803505E+002, 2.3891232E+002, 2.4050975E+002, 2.0000003E+002, 2.1949766E+002
 5.9902057E+002, 2.3891238E+002, 2.3976473E+002, 2.0000001E+002, 2.1878542E+002
 6.0000000E+002, 2.3891238E+002, 2.3821902E+002, 1.9999998E+002, 2.1737382E+002
