s,mol/mol,mol/mol,mol/mol,mol/mol,mol/mol,mol/mol,mol/mol,mol/mol,mol/mol,mol/mol,mol/mol,mol/mol,mol/mol,mol/mol,mol/mol,mol/mol,mol/mol,mol/mol,mol/mol,mol/mol,mol/mol,mol/mol,mol/mol,mol/mol,mol/mol,mol/mol
Time,"C1a00","C1a01","C1a02","C2a00","C2a01","C2a02","C3a02","C4a00","C4a01","C4a02","C5a01","C6a00","C6a01","C6a02","C7a00","C7a01","C7a02","C8a00","C8a01","C8a02","C9a00","C9a01","C9a02","C10a00","C10a01","C10a02"
-2.0000000E+002, 0.0000000E+000, 0.0000000E+000, 0.0000000E+000, 0.0000000E+000, 0.0000000E+000, 0.0000000E+000, 0.0000000E+000, 0.0000000E+000, 0.0000000E+000, 0.0000000E+000, 0.0000000E+000, 0.0000000E+000, 0.0000000E+000, 0.0000000E+000, 0.0000000E+000, 0.0000000E+000, 0.0000000E+000, 0.0000000E+000, 0.0000000E+000, 0.0000000E+000, 0.0000000E+000, 0.0000000E+000, 0.0000000E+000, 0.0000000E+000, 0.0000000E+000, 0.0000000E+000
-1.9695632E+002, 0.0000000E+000, 0.0000000E+000, 0.0000000E+000, 0.0000000E+000, 0.0000000E+000, 0.0000000E+000, 0.0000000E+000, 0.0000000E+000, 0.0000000E+000, 0.0000000E+000, 0.0000000E+000, 0.0000000E+000, 0.0000000E+000, 0.0000000E+000, 0.0000000E+000, 0.0000000E+000, 0.0000000E+000, 0.0000000E+000, 0.0000000E+000, 0.0000000E+000, 0.0000000E+000, 0.0000000E+000, 0.0000000E+000, 0.0000000E+000, 0.0000000E+000, 0.0000000E+000
-1.9391263E+002, 0.0000000E+000, 0.0000000E+000, 0.0000000E+000, 0.0000000E+000, 0.0000000E+000, 0.0000000E+000, 0.0000000E+000, 0.0000000E+000, 0.0000000E+000, 0.0000000E+000, 0.0000000E+000, 0.0000000E+000, 0.0000000E+000, 0.0000000E+000, 0.0000000E+000, 0.0000000E+000, 0.0000000E+000, 0.0000000E+000, 0.0000000E+000, 0.0000000E+000, 0.0000000E+000, 0.0000000E+000, 0.0000000E+000, 0.0000000E+000, 0.0000000E+000, 0.0000000E+000
-1.9091468E+002, 0.0000000E+000, 0.0000000E+000, 0.0000000E+000, 0.0000000E+000, 0.0000000E+000, 0.0000000E+000, 0.0000000E+000, 0.0000000E+000, 0.0000000E+000, 0.0000000E+000, 0.0000000E+000, 0.0000000E+000, 0.0000000E+000, 0.0000000E+000, 0.0000000E+000, 0.0000000E+000, 0.0000000E+000, 0.0000000E+000, 0.0000000E+000, 0.0000000E+000, 0.0000000E+000, 0.0000000E+000, 0.0000000E+000, 0.0000000E+000, 0.0000000E+000, 0.0000000E+000
-1.8790202E+002, 0.0000000E+000, 0.0000000E+000, 0.0000000E+000, 0.0000000E+000, 0.0000000E+000, 0.0000000E+000, 0.0000000E+000, 0.0000000E+000, 0.0000000E+000, 0.0000000E+000, 0.0000000E+000, 0.0000000E+000, 0.0000000E+000, 0.0000000E+000, 0.0000000E+000, 0.0000000E+000, 0.0000000E+000, 0.0000000E+000, 0.0000000E+000, 0.0000000E+000, 0.0000000E+000, 0.0000000E+000, 0.0000000E+000, 0.0000000E+000, 0.0000000E+000, 0.0000000E+000
-1.8495355E+002, 0.0000000E+000, 0.0000000E+000, 0.0000000E+000, 0.0000000E+000, 0.0000000E+000, 0.0000000E+000, 0.0000000E+000, 0.0000000E+000, 0.0000000E+000, 0.0000000E+000, 0.0000000E+000, 0.0000000E+000, 0.0000000E+000, 0.0000000E+000, 0.0000000E+000, 0.0000000E+000, 0.0000000E+000, 0.0000000E+000, 0.0000000E+000, 0.0000000E+000, 0.0000000E+000, 0.0000000E+000, 0.0000000E+000, 0.0000000E+000, 0.0000000E+000, 0.0000000E+000
-1.8189753E+002, 0.0000000E+000, 0.0000000E+000, 0.0000000E+000, 0.0000000E+000, 0.0000000E+000, 0.0000000E+000, 0.0000000E+000, 0.0000000E+000, 0.0000000E+000, 0.0000000E+000, 0.0000000E+000, 0.0000000E+000, 0.0000000E+000, 0.0000000E+000, 0.0000000E+000, 0.0000000E+000, 0.0000000E+000, 0.0000000E+000, 0.0000000E+000, 0.0000000E+000, 0.0000000E+000, 0.0000000E+000, 0.0000000E+000, 0.0000000E+000, 0.0000000E+000, 0.0000000E+000
-1.7899671E+002, 0.0000000E+000, 0.0000000E+000, 0.0000000E+000, 0.0000000E+000, 0.0000000E+000, 0.0000000E+000, 0.0000000E+000, 0.0000000E+000, 0.0000000E+000, 0.0000000E+000, 0.0000000E+000, 0.0000000E+000, 0.0000000E+000, 0.0000000E+000, 0.0000000E+000, 0.0000000E+000, 0.0000000E+000, 0.0000000E+000, 0.0000000E+000, 0.0000000E+000, 0.0000000E+000, 0.0000000E+000, 0.0000000E+000, 0.0000000E+000, 0.0000000E+000, 0.0000000E+000
-1.7594388E+002, 0.0000000E+000, 0.0000000E+000, 0.0000000E+000, 0.0000000E+000, 0.0000000E+000, 0.0000000E+000, 0.0000000E+000, 0.0000000E+000, 0.0000000E+000, 0.0000000E+000, 0.0000000E+000, 0.0000000E+000, 0.0000000E+000, 0.0000000E+000, 0.0000000E+000, 0.0000000E+000, 0.0000000E+000, 0.0000000E+000, 0.0000000E+000, 0.0000000E+000, 0.0000000E+000, 0.0000000E+000, 0.0000000E+000, 0.0000000E+000, 0.0000000E+000, 0.0000000E+000
-1.7289105E+002, 0.0000000E+000, 0.0000000E+000, 0.0000000E+000, 0.0000000E+000, 0.0000000E+000, 0.0000000E+000, 0.0000000E+000, 0.0000000E+000, 0.0000000E+000, 0.0000000E+000, 0.0000000E+000, 0.0000000E+000, 0.0000000E+000, 0.0000000E+000, 0.0000000E+000, 0.0000000E+000, 0.0000000E+000, 0.0000000E+000, 0.0000000E+000, 0.0000000E+000, 0.0000000E+000, 0.0000000E+000, 0.0000000E+000, 0.0000000E+000, 0.0000000E+000, 0.0000000E+000
-1.6994726E+002, 0.0000000E+000, 0.0000000E+000, 0.0000000E+000, 0.0000000E+000, 0.0000000E+000, 0.0000000E+000, 0.0000000E+000, 0.0000000E+000, 0.0000000E+000, 0.0000000E+000, 0.0000000E+000, 0.0000000E+000, 0.0000000E+000, 0.0000000E+000, 0.0000000E+000, 0.0000000E+000, 0.0000000E+000, 0.0000000E+000, 0.0000000E+000, 0.0000000E+000, 0.0000000E+000, 0.0000000E+000, 0.0000000E+000, 0.0000000E+000, 0.0000000E+000, 0.0000000E+000
-1.6689443E+002, 0.0000000E+000, 0.0000000E+000, 0.0000000E+000, 0.0000000E+000, 0.0000000E+000, 0.0000000E+000, 0.0000000E+000, 0.0000000E+000, 0.0000000E+000, 0.0000000E+000, 0.0000000E+000, 0.0000000E+000, 0.0000000E+000, 0.0000000E+000, 0.0000000E+000, 0.0000000E+000, 0.0000000E+000, 0.0000000E+000, 0.0000000E+000, 0.0000000E+000, 0.0000000E+000, 0.0000000E+000, 0.0000000E+000, 0.0000000E+000, 0.0000000E+000, 0.0000000E+000
-1.6395063E+002, 0.0000000E+000, 0.0000000E+000, 0.0000000E+000, 0.0000000E+000, 0.0000000E+000, 0.0000000E+000, 0.0000000E+000, 0.0000000E+000, 0.0000000E+000, 0.0000000E+000, 0.0000000E+000, 0.0000000E+000, 0.0000000E+000, 0.0000000E+000, 0.0000000E+000, 0.0000000E+000, 0.0000000E+000, 0.0000000E+000, 0.0000000E+000, 0.0000000E+000, 0.0000000E+000, 0.0000000E+000, 0.0000000E+000, 0.0000000E+000, 0.0000000E+000, 0.0000000E+000
-1.6089780E+002, 0.0000000E+000, 0.0000000E+000, 0.0000000E+000, 0.0000000E+000, 0.0000000E+000, 0.0000000E+000, 0.0000000E+000, 0.0000000E+000, 0.0000000E+000, 0.0000000E+000, 0.0000000E+000, 0.0000000E+000, 0.0000000E+000, 0.0000000E+000, 0.0000000E+000, 0.0000000E+000, 0.0000000E+000, 0.0000000E+000, 0.0000000E+000, 0.0000000E+000, 0.0000000E+000, 0.0000000E+000, 0.0000000E+000, 0.0000000E+000, 0.0000000E+000, 0.0000000E+000
-1.5795400E+002, 0.0000000E+000, 0.0000000E+000, 0.0000000E+000, 0.0000000E+000, 0.0000000E+000, 0.0000000E+000, 0.0000000E+000, 0.0000000E+000, 0.0000000E+000, 0.0000000E+000, 0.0000000E+000, 0.0000000E+000, 0.0000000E+000, 0.0000000E+000, 0.0000000E+000, 0.0000000E+000, 0.0000000E+000, 0.0000000E+000, 0.0000000E+000, 0.0000000E+000, 0.0000000E+000, 0.0000000E+000, 0.0000000E+000, 0.0000000E+000, 0.0000000E+000, 0.0000000E+000
-1.5490118E+002, 0.0000000E+000, 0.0000000E+000, 0.0000000E+000, 0.0000000E+000, 0.0000000E+000, 0.0000000E+000, 0.0000000E+000, 0.0000000E+000, 0.0000000E+000, 0.0000000E+000, 0.0000000E+000, 0.0000000E+000, 0.0000000E+000, 0.0000000E+000, 0.0000000E+000, 0.0000000E+000, 0.0000000E+000, 0.0000000E+000, 0.0000000E+000, 0.0000000E+000, 0.0000000E+000, 0.0000000E+000, 0.0000000E+000, 0.0000000E+000, 0.0000000E+000, 0.0000000E+000
-1.5195738E+002, 0.0000000E+000, 0.0000000E+000, 0.0000000E+000, 0.0000000E+000, 0.0000000E+000, 0.0000000E+000, 0.0000000E+000, 0.0000000E+000, 0.0000000E+000, 0.0000000E+000, 0.0000000E+000, 0.0000000E+000, 0.0000000E+000, 0.0000000E+000, 0.0000000E+000, 0.0000000E+000, 0.0000000E+000, 0.0000000E+000, 0.0000000E+000, 0.0000000E+000, 0.0000000E+000, 0.0000000E+000, 0.0000000E+000, 0.0000000E+000, 0.0000000E+000, 0.0000000E+000
-1.4890455E+002, 0.0000000E+000, 0.0000000E+000, 0.0000000E+000, 0.0000000E+000, 0.0000000E+000, 0.0000000E+000, 0.0000000E+000, 0.0000000E+000, 0.0000000E+000, 0.0000000E+000, 0.0000000E+000, 0.0000000E+000, 0.0000000E+000, 0.0000000E+000, 0.0000000E+000, 0.0000000E+000, 0.0000000E+000, 0.0000000E+000, 0.0000000E+000, 0.0000000E+000, 0.0000000E+000, 0.0000000E+000, 0.0000000E+000, 0.0000000E+000, 0.0000000E+000, 0.0000000E+000
-1.4596075E+002, 0.0000000E+000, 0.0000000E+000, 0.0000000E+000, 0.0000000E+000, 0.0000000E+000, 0.0000000E+000, 0.0000000E+000, 0.0000000E+000, 0.0000000E+000, 0.0000000E+000, 0.0000000E+000, 0.0000000E+000, 0.0000000E+000, 0.0000000E+000, 0.0000000E+000, 0.0000000E+000, 0.0000000E+000, 0.0000000E+000, 0.0000000E+000, 0.0000000E+000, 0.0000000E+000, 0.0000000E+000, 0.0000000E+000, 0.0000000E+000, 0.0000000E+000, 0.0000000E+000
-1.4290792E+002, 0.0000000E+000, 0.0000000E+000, 0.0000000E+000, 0.0000000E+000, 0.0000000E+000, 0.0000000E+000, 0.0000000E+000, 0.0000000E+000, 0.0000000E+000, 0.0000000E+000, 0.0000000E+000, 0.0000000E+000, 0.0000000E+000, 0.0000000E+000, 0.0000000E+000, 0.0000000E+000, 0.0000000E+000, 0.0000000E+000, 0.0000000E+000, 0.0000000E+000, 0.0000000E+000, 0.0000000E+000, 0.0000000E+000, 0.0000000E+000, 0.0000000E+000, 0.0000000E+000
-1.3991353E+002, 0.0000000E+000, 0.0000000E+000, 0.0000000E+000, 0.0000000E+000, 0.0000000E+000, 0.0000000E+000, 0.0000000E+000, 0.0000000E+000, 0.0000000E+000, 0.0000000E+000, 0.0000000E+000, 0.0000000E+000, 0.0000000E+000, 0.0000000E+000, 0.0000000E+000, 0.0000000E+000, 0.0000000E+000, 0.0000000E+000, 0.0000000E+000, 0.0000000E+000, 0.0000000E+000, 0.0000000E+000, 0.0000000E+000, 0.0000000E+000, 0.0000000E+000, 0.0000000E+000
-1.3698825E+002, 0.0000000E+000, 0.0000000E+000, 0.0000000E+000, 0.0000000E+000, 0.0000000E+000, 0.0000000E+000, 0.0000000E+000, 0.0000000E+000, 0.0000000E+000, 0.0000000E+000, 0.0000000E+000, 0.0000000E+000, 0.0000000E+000, 0.0000000E+000, 0.0000000E+000, 0.0000000E+000, 0.0000000E+000, 0.0000000E+000, 0.0000000E+000, 0.0000000E+000, 0.0000000E+000, 0.0000000E+000, 0.0000000E+000, 0.0000000E+000, 0.0000000E+000, 0.0000000E+000
-1.3394597E+002, 0.0000000E+000, 0.0000000E+000, 0.0000000E+000, 0.0000000E+000, 0.0000000E+000, 0.0000000E+000, 0.0000000E+000, 0.0000000E+000, 0.0000000E+000, 0.0000000E+000, 0.0000000E+000, 0.0000000E+000, 0.0000000E+000, 0.0000000E+000, 0.0000000E+000, 0.0000000E+000, 0.0000000E+000, 0.0000000E+000, 0.0000000E+000, 0.0000000E+000, 0.0000000E+000, 0.0000000E+000, 0.0000000E+000, 0.0000000E+000, 0.0000000E+000, 0.0000000E+000
-1.3094268E+002, 0.0000000E+000, 0.0000000E+000, 0.0000000E+000, 0.0000000E+000, 0.0000000E+000, 0.0000000E+000, 0.0000000E+000, 0.0000000E+000, 0.0000000E+000, 0.0000000E+000, 0.0000000E+000, 0.0000000E+000, 0.0000000E+000, 0.0000000E+000, 0.0000000E+000, 0.0000000E+000, 0.0000000E+000, 0.0000000E+000, 0.0000000E+000, 0.0000000E+000, 0.0000000E+000, 0.0000000E+000, 0.0000000E+000, 0.0000000E+000, 0.0000000E+000, 0.0000000E+000
-1.2793940E+002, 0.0000000E+000, 0.0000000E+000, 0.0000000E+000, 0.0000000E+000, 0.0000000E+000, 0.0000000E+000, 0.0000000E+000, 0.0000000E+000, 0.0000000E+000, 0.0000000E+000, 0.0000000E+000, 0.0000000E+000, 0.0000000E+000, 0.0000000E+000, 0.0000000E+000, 0.0000000E+000, 0.0000000E+000, 0.0000000E+000, 0.0000000E+000, 0.0000000E+000, 0.0000000E+000, 0.0000000E+000, 0.0000000E+000, 0.0000000E+000, 0.0000000E+000, 0.0000000E+000
-1.2493612E+002, 0.0000000E+000, 0.0000000E+000, 0.0000000E+000, 0.0000000E+000, 0.0000000E+000, 0.0000000E+000, 0.0000000E+000, 0.0000000E+000, 0.0000000E+000, 0.0000000E+000, 0.0000000E+000, 0.0000000E+000, 0.0000000E+000, 0.0000000E+000, 0.0000000E+000, 0.0000000E+000, 0.0000000E+000, 0.0000000E+000, 0.0000000E+000, 0.0000000E+000, 0.0000000E+000, 0.0000000E+000, 0.0000000E+000, 0.0000000E+000, 0.0000000E+000, 0.0000000E+000
-1.2193284E+002, 0.0000000E+000, 0.0000000E+000, 0.0000000E+000, 0.0000000E+000, 0.0000000E+000, 0.0000000E+000, 0.0000000E+000, 0.0000000E+000, 0.0000000E+000, 0.0000000E+000, 0.0000000E+000, 0.0000000E+000, 0.0000000E+000, 0.0000000E+000, 0.0000000E+000, 0.0000000E+000, 0.0000000E+000, 0.0000000E+000, 0.0000000E+000, 0.0000000E+000, 0.0000000E+000, 0.0000000E+000, 0.0000000E+000, 0.0000000E+000, 0.0000000E+000, 0.0000000E+000
-1.1892956E+002, 0.0000000E+000, 0.0000000E+000, 0.0000000E+000, 0.0000000E+000, 0.0000000E+000, 0.0000000E+000, 0.0000000E+000, 0.0000000E+000, 0.0000000E+000, 0.0000000E+000, 0.0000000E+000, 0.0000000E+000, 0.0000000E+000, 0.0000000E+000, 0.0000000E+000, 0.0000000E+000, 0.0000000E+000, 0.0000000E+000, 0.0000000E+000, 0.0000000E+000, 0.0000000E+000, 0.0000000E+000, 0.0000000E+000, 0.0000000E+000, 0.0000000E+000, 0.0000000E+000
-1.1592627E+002, 0.0000000E+000, 0.0000000E+000, 0.0000000E+000, 0.0000000E+000, 0.0000000E+000, 0.0000000E+000, 0.0000000E+000, 0.0000000E+000, 0.0000000E+000, 0.0000000E+000, 0.0000000E+000, 0.0000000E+000, 0.0000000E+000, 0.0000000E+000, 0.0000000E+000, 0.0000000E+000, 0.0000000E+000, 0.0000000E+000, 0.0000000E+000, 0.0000000E+000, 0.0000000E+000, 0.0000000E+000, 0.0000000E+000, 0.0000000E+000, 0.0000000E+000, 0.0000000E+000
-1.1292299E+002, 0.0000000E+000, 0.0000000E+000, 0.0000000E+000, 0.0000000E+000, 0.0000000E+000, 0.0000000E+000, 0.0000000E+000, 0.0000000E+000, 0.0000000E+000, 0.0000000E+000, 0.0000000E+000, 0.0000000E+000, 0.0000000E+000, 0.0000000E+000, 0.0000000E+000, 0.0000000E+000, 0.0000000E+000, 0.0000000E+000, 0.0000000E+000, 0.0000000E+000, 0.0000000E+000, 0.0000000E+000, 0.0000000E+000, 0.0000000E+000, 0.0000000E+000, 0.0000000E+000
-1.0991971E+002, 0.0000000E+000, 0.0000000E+000, 0.0000000E+000, 0.0000000E+000, 0.0000000E+000, 0.0000000E+000, 0.0000000E+000, 0.0000000E+000, 0.0000000E+000, 0.0000000E+000, 0.0000000E+000, 0.0000000E+000, 0.0000000E+000, 0.0000000E+000, 0.0000000E+000, 0.0000000E+000, 0.0000000E+000, 0.0000000E+000, 0.0000000E+000, 0.0000000E+000, 0.0000000E+000, 0.0000000E+000, 0.0000000E+000, 0.0000000E+000, 0.0000000E+000, 0.0000000E+000
-1.0692029E+002, 0.0000000E+000, 0.0000000E+000, 0.0000000E+000, 0.0000000E+000, 0.0000000E+000, 0.0000000E+000, 0.0000000E+000, 0.0000000E+000, 0.0000000E+000, 0.0000000E+000, 0.0000000E+000, 0.0000000E+000, 0.0000000E+000, 0.0000000E+000, 0.0000000E+000, 0.0000000E+000, 0.0000000E+000, 0.0000000E+000, 0.0000000E+000, 0.0000000E+000, 0.0000000E+000, 0.0000000E+000, 0.0000000E+000, 0.0000000E+000, 0.0000000E+000, 0.0000000E+000
-1.0393971E+002, 0.0000000E+000, 0.0000000E+000, 0.0000000E+000, 0.0000000E+000, 0.0000000E+000, 0.0000000E+000, 0.0000000E+000, 0.0000000E+000, 0.0000000E+000, 0.0000000E+000, 0.0000000E+000, 0.0000000E+000, 0.0000000E+000, 0.0000000E+000, 0.0000000E+000, 0.0000000E+000, 0.0000000E+000, 0.0000000E+000, 0.0000000E+000, 0.0000000E+000, 0.0000000E+000, 0.0000000E+000, 0.0000000E+000, 0.0000000E+000, 0.0000000E+000, 0.0000000E+000
-1.0095912E+002, 0.0000000E+000, 0.0000000E+000, 0.0000000E+000, 0.0000000E+000, 0.0000000E+000, 0.0000000E+000, 0.0000000E+000, 0.0000000E+000, 0.0000000E+000, 0.0000000E+000, 0.0000000E+000, 0.0000000E+000, 0.0000000E+000, 0.0000000E+000, 0.0000000E+000, 0.0000000E+000, 0.0000000E+000, 0.0000000E+000, 0.0000000E+000, 0.0000000E+000, 0.0000000E+000, 0.0000000E+000, 0.0000000E+000, 0.0000000E+000, 0.0000000E+000, 0.0000000E+000
-9.7978538E+001, 0.0000000E+000, 0.0000000E+000, 0.0000000E+000, 0.0000000E+000, 0.0000000E+000, 0.0000000E+000, 0.0000000E+000, 0.0000000E+000, 0.0000000E+000, 0.0000000E+000, 0.0000000E+000, 0.0000000E+000, 0.0000000E+000, 0.0000000E+000, 0.0000000E+000, 0.0000000E+000, 0.0000000E+000, 0.0000000E+000, 0.0000000E+000, 0.0000000E+000, 0.0000000E+000, 0.0000000E+000, 0.0000000E+000, 0.0000000E+000, 0.0000000E+000, 0.0000000E+000
-9.4997955E+001, 0.0000000E+000, 0.0000000E+000, 0.0000000E+000, 0.0000000E+000, 0.0000000E+000, 0.0000000E+000, 0.0000000E+000, 0.0000000E+000, 0.0000000E+000, 0.0000000E+000, 0.0000000E+000, 0.0000000E+000, 0.0000000E+000, 0.0000000E+000, 0.0000000E+000, 0.0000000E+000, 0.0000000E+000, 0.0000000E+000, 0.0000000E+000, 0.0000000E+000, 0.0000000E+000, 0.0000000E+000, 0.0000000E+000, 0.0000000E+000, 0.0000000E+000, 0.0000000E+000
-9.1901993E+001, 0.0000000E+000, 0.0000000E+000, 0.0000000E+000, 0.0000000E+000, 0.0000000E+000, 0.0000000E+000, 0.0000000E+000, 0.0000000E+000, 0.0000000E+000, 0.0000000E+000, 0.0000000E+000, 0.0000000E+000, 0.0000000E+000, 0.0000000E+000, 0.0000000E+000, 0.0000000E+000, 0.0000000E+000, 0.0000000E+000, 0.0000000E+000, 0.0000000E+000, 0.0000000E+000, 0.0000000E+000, 0.0000000E+000, 0.0000000E+000, 0.0000000E+000, 0.0000000E+000
-8.8940639E+001, 0.0000000E+000, 0.0000000E+000, 0.0000000E+000, 0.0000000E+000, 0.0000000E+000, 0.0000000E+000, 0.0000000E+000, 0.0000000E+000, 0.0000000E+000, 0.0000000E+000, 0.0000000E+000, 0.0000000E+000, 0.0000000E+000, 0.0000000E+000, 0.0000000E+000, 0.0000000E+000, 0.0000000E+000, 0.0000000E+000, 0.0000000E+000, 0.0000000E+000, 0.0000000E+000, 0.0000000E+000, 0.0000000E+000, 0.0000000E+000, 0.0000000E+000, 0.0000000E+000
-8.5979285E+001, 0.0000000E+000, 0.0000000E+000, 0.0000000E+000, 0.0000000E+000, 0.0000000E+000, 0.0000000E+000, 0.0000000E+000, 0.0000000E+000, 0.0000000E+000, 0.0000000E+000, 0.0000000E+000, 0.0000000E+000, 0.0000000E+000, 0.0000000E+000, 0.0000000E+000, 0.0000000E+000, 0.0000000E+000, 0.0000000E+000, 0.0000000E+000, 0.0000000E+000, 0.0000000E+000, 0.0000000E+000, 0.0000000E+000, 0.0000000E+000, 0.0000000E+000, 0.0000000E+000
-8.2912168E+001, 0.0000000E+000, 0.0000000E+000, 0.0000000E+000, 0.0000000E+000, 0.0000000E+000, 0.0000000E+000, 0.0000000E+000, 0.0000000E+000, 0.0000000E+000, 0.0000000E+000, 0.0000000E+000, 0.0000000E+000, 0.0000000E+000, 0.0000000E+000, 0.0000000E+000, 0.0000000E+000, 0.0000000E+000, 0.0000000E+000, 0.0000000E+000, 0.0000000E+000, 0.0000000E+000, 0.0000000E+000, 0.0000000E+000, 0.0000000E+000, 0.0000000E+000, 0.0000000E+000
-7.9950814E+001, 0.0000000E+000, 0.0000000E+000, 0.0000000E+000, 0.0000000E+000, 0.0000000E+000, 0.0000000E+000, 0.0000000E+000, 0.0000000E+000, 0.0000000E+000, 0.0000000E+000, 0.0000000E+000, 0.0000000E+000, 0.0000000E+000, 0.0000000E+000, 0.0000000E+000, 0.0000000E+000, 0.0000000E+000, 0.0000000E+000, 0.0000000E+000, 0.0000000E+000, 0.0000000E+000, 0.0000000E+000, 0.0000000E+000, 0.0000000E+000, 0.0000000E+000, 0.0000000E+000
-7.6989460E+001, 0.0000000E+000, 0.0000000E+000, 0.0000000E+000, 0.0000000E+000, 0.0000000E+000, 0.0000000E+000, 0.0000000E+000, 0.0000000E+000, 0.0000000E+000, 0.0000000E+000, 0.0000000E+000, 0.0000000E+000, 0.0000000E+000, 0.0000000E+000, 0.0000000E+000, 0.0000000E+000, 0.0000000E+000, 0.0000000E+000, 0.0000000E+000, 0.0000000E+000, 0.0000000E+000, 0.0000000E+000, 0.0000000E+000, 0.0000000E+000, 0.0000000E+000, 0.0000000E+000
-7.3922343E+001, 0.0000000E+000, 0.0000000E+000, 0.0000000E+000, 0.0000000E+000, 0.0000000E+000, 0.0000000E+000, 0.0000000E+000, 0.0000000E+000, 0.0000000E+000, 0.0000000E+000, 0.0000000E+000, 0.0000000E+000, 0.0000000E+000, 0.0000000E+000, 0.0000000E+000, 0.0000000E+000, 0.0000000E+000, 0.0000000E+000, 0.0000000E+000, 0.0000000E+000, 0.0000000E+000, 0.0000000E+000, 0.0000000E+000, 0.0000000E+000, 0.0000000E+000, 0.0000000E+000
-7.0960989E+001, 0.0000000E+000, 0.0000000E+000, 0.0000000E+000, 0.0000000E+000, 0.0000000E+000, 0.0000000E+000, 0.0000000E+000, 0.0000000E+000, 0.0000000E+000, 0.0000000E+000, 0.0000000E+000, 0.0000000E+000, 0.0000000E+000, 0.0000000E+000, 0.0000000E+000, 0.0000000E+000, 0.0000000E+000, 0.0000000E+000, 0.0000000E+000, 0.0000000E+000, 0.0000000E+000, 0.0000000E+000, 0.0000000E+000, 0.0000000E+000, 0.0000000E+000, 0.0000000E+000
-6.7934761E+001, 0.0000000E+000, 0.0000000E+000, 0.0000000E+000, 0.0000000E+000, 0.0000000E+000, 0.0000000E+000, 0.0000000E+000, 0.0000000E+000, 0.0000000E+000, 0.0000000E+000, 0.0000000E+000, 0.0000000E+000, 0.0000000E+000, 0.0000000E+000, 0.0000000E+000, 0.0000000E+000, 0.0000000E+000, 0.0000000E+000, 0.0000000E+000, 0.0000000E+000, 0.0000000E+000, 0.0000000E+000, 0.0000000E+000, 0.0000000E+000, 0.0000000E+000, 0.0000000E+000
-6.4908534E+001, 0.0000000E+000, 0.0000000E+000, 0.0000000E+000, 0.0000000E+000, 0.0000000E+000, 0.0000000E+000, 0.0000000E+000, 0.0000000E+000, 0.0000000E+000, 0.0000000E+000, 0.0000000E+000, 0.0000000E+000, 0.0000000E+000, 0.0000000E+000, 0.0000000E+000, 0.0000000E+000, 0.0000000E+000, 0.0000000E+000, 0.0000000E+000, 0.0000000E+000, 0.0000000E+000, 0.0000000E+000, 0.0000000E+000, 0.0000000E+000, 0.0000000E+000, 0.0000000E+000
-6.1995790E+001, 0.0000000E+000, 0.0000000E+000, 0.0000000E+000, 0.0000000E+000, 0.0000000E+000, 0.0000000E+000, 0.0000000E+000, 0.0000000E+000, 0.0000000E+000, 0.0000000E+000, 0.0000000E+000, 0.0000000E+000, 0.0000000E+000, 0.0000000E+000, 0.0000000E+000, 0.0000000E+000, 0.0000000E+000, 0.0000000E+000, 0.0000000E+000, 0.0000000E+000, 0.0000000E+000, 0.0000000E+000, 0.0000000E+000, 0.0000000E+000, 0.0000000E+000, 0.0000000E+000
-5.8979020E+001, 0.0000000E+000, 0.0000000E+000, 0.0000000E+000, 0.0000000E+000, 0.0000000E+000, 0.0000000E+000, 0.0000000E+000, 0.0000000E+000, 0.0000000E+000, 0.0000000E+000, 0.0000000E+000, 0.0000000E+000, 0.0000000E+000, 0.0000000E+000, 0.0000000E+000, 0.0000000E+000, 0.0000000E+000, 0.0000000E+000, 0.0000000E+000, 0.0000000E+000, 0.0000000E+000, 0.0000000E+000, 0.0000000E+000, 0.0000000E+000, 0.0000000E+000, 0.0000000E+000
-5.5962249E+001, 0.0000000E+000, 0.0000000E+000, 0.0000000E+000, 0.0000000E+000, 0.0000000E+000, 0.0000000E+000, 0.0000000E+000, 0.0000000E+000, 0.0000000E+000, 0.0000000E+000, 0.0000000E+000, 0.0000000E+000, 0.0000000E+000, 0.0000000E+000, 0.0000000E+000, 0.0000000E+000, 0.0000000E+000, 0.0000000E+000, 0.0000000E+000, 0.0000000E+000, 0.0000000E+000, 0.0000000E+000, 0.0000000E+000, 0.0000000E+000, 0.0000000E+000, 0.0000000E+000
-5.2945478E+001, 0.0000000E+000, 0.0000000E+000, 0.0000000E+000, 0.0000000E+000, 0.0000000E+000, 0.0000000E+000, 0.0000000E+000, 0.0000000E+000, 0.0000000E+000, 0.0000000E+000, 0.0000000E+000, 0.0000000E+000, 0.0000000E+000, 0.0000000E+000, 0.0000000E+000, 0.0000000E+000, 0.0000000E+000, 0.0000000E+000, 0.0000000E+000, 0.0000000E+000, 0.0000000E+000, 0.0000000E+000, 0.0000000E+000, 0.0000000E+000, 0.0000000E+000, 0.0000000E+000
-4.9928708E+001, 0.0000000E+000, 0.0000000E+000, 0.0000000E+000, 0.0000000E+000, 0.0000000E+000, 0.0000000E+000, 0.0000000E+000, 0.0000000E+000, 0.0000000E+000, 0.0000000E+000, 0.0000000E+000, 0.0000000E+000, 0.0000000E+000, 0.0000000E+000, 0.0000000E+000, 0.0000000E+000, 0.0000000E+000, 0.0000000E+000, 0.0000000E+000, 0.0000000E+000, 0.0000000E+000, 0.0000000E+000, 0.0000000E+000, 0.0000000E+000, 0.0000000E+000, 0.0000000E+000
-4.6911937E+001, 0.0000000E+000, 0.0000000E+000, 0.0000000E+000, 0.0000000E+000, 0.0000000E+000, 0.0000000E+000, 0.0000000E+000, 0.0000000E+000, 0.0000000E+000, 0.0000000E+000, 0.0000000E+000, 0.0000000E+000, 0.0000000E+000, 0.0000000E+000, 0.0000000E+000, 0.0000000E+000, 0.0000000E+000, 0.0000000E+000, 0.0000000E+000, 0.0000000E+000, 0.0000000E+000, 0.0000000E+000, 0.0000000E+000, 0.0000000E+000, 0.0000000E+000, 0.0000000E+000
-4.3999194E+001, 0.0000000E+000, 0.0000000E+000, 0.0000000E+000, 0.0000000E+000, 0.0000000E+000, 0.0000000E+000, 0.0000000E+000, 0.0000000E+000, 0.0000000E+000, 0.0000000E+000, 0.0000000E+000, 0.0000000E+000, 0.0000000E+000, 0.0000000E+000, 0.0000000E+000, 0.0000000E+000, 0.0000000E+000, 0.0000000E+000, 0.0000000E+000, 0.0000000E+000, 0.0000000E+000, 0.0000000E+000, 0.0000000E+000, 0.0000000E+000, 0.0000000E+000, 0.0000000E+000
-4.0982423E+001, 0.0000000E+000, 0.0000000E+000, 0.0000000E+000, 0.0000000E+000, 0.0000000E+000, 0.0000000E+000, 0.0000000E+000, 0.0000000E+000, 0.0000000E+000, 0.0000000E+000, 0.0000000E+000, 0.0000000E+000, 0.0000000E+000, 0.0000000E+000, 0.0000000E+000, 0.0000000E+000, 0.0000000E+000, 0.0000000E+000, 0.0000000E+000, 0.0000000E+000, 0.0000000E+000, 0.0000000E+000, 0.0000000E+000, 0.0000000E+000, 0.0000000E+000, 0.0000000E+000
-3.7965652E+001, 0.0000000E+000, 0.0000000E+000, 0.0000000E+000, 0.0000000E+000, 0.0000000E+000, 0.0000000E+000, 0.0000000E+000, 0.0000000E+000, 0.0000000E+000, 0.0000000E+000, 0.0000000E+000, 0.0000000E+000, 0.0000000E+000, 0.0000000E+000, 0.0000000E+000, 0.0000000E+000, 0.0000000E+000, 0.0000000E+000, 0.0000000E+000, 0.0000000E+000, 0.0000000E+000, 0.0000000E+000, 0.0000000E+000, 0.0000000E+000, 0.0000000E+000, 0.0000000E+000
-3.4948882E+001, 0.0000000E+000, 0.0000000E+000, 0.0000000E+000, 0.0000000E+000, 0.0000000E+000, 0.0000000E+000, 0.0000000E+000, 0.0000000E+000, 0.0000000E+000, 0.0000000E+000, 0.0000000E+000, 0.0000000E+000, 0.0000000E+000, 0.0000000E+000, 0.0000000E+000, 0.0000000E+000, 0.0000000E+000, 0.0000000E+000, 0.0000000E+000, 0.0000000E+000, 0.0000000E+000, 0.0000000E+000, 0.0000000E+000, 0.0000000E+000, 0.0000000E+000, 0.0000000E+000
-3.1932111E+001, 0.0000000E+000, 0.0000000E+000, 0.0000000E+000, 0.0000000E+000, 0.0000000E+000, 0.0000000E+000, 0.0000000E+000, 0.0000000E+000, 0.0000000E+000, 0.0000000E+000, 0.0000000E+000, 0.0000000E+000, 0.0000000E+000, 0.0000000E+000, 0.0000000E+000, 0.0000000E+000, 0.0000000E+000, 0.0000000E+000, 0.0000000E+000, 0.0000000E+000, 0.0000000E+000, 0.0000000E+000, 0.0000000E+000, 0.0000000E+000, 0.0000000E+000, 0.0000000E+000
-2.8915341E+001, 0.0000000E+000, 0.0000000E+000, 0.0000000E+000, 0.0000000E+000, 0.0000000E+000, 0.0000000E+000, 0.0000000E+000, 0.0000000E+000, 0.0000000E+000, 0.0000000E+000, 0.0000000E+000, 0.0000000E+000, 0.0000000E+000, 0.0000000E+000, 0.0000000E+000, 0.0000000E+000, 0.0000000E+000, 0.0000000E+000, 0.0000000E+000, 0.0000000E+000, 0.0000000E+000, 0.0000000E+000, 0.0000000E+000, 0.0000000E+000, 0.0000000E+000, 0.0000000E+000
-2.5898570E+001, 0.0000000E+000, 0.0000000E+000, 0.0000000E+000, 0.0000000E+000, 0.0000000E+000, 0.0000000E+000, 0.0000000E+000, 0.0000000E+000, 0.0000000E+000, 0.0000000E+000, 0.0000000E+000, 0.0000000E+000, 0.0000000E+000, 0.0000000E+000, 0.0000000E+000, 0.0000000E+000, 0.0000000E+000, 0.0000000E+000, 0.0000000E+000, 0.0000000E+000, 0.0000000E+000, 0.0000000E+000, 0.0000000E+000, 0.0000000E+000, 0.0000000E+000, 0.0000000E+000
-2.2985826E+001, 0.0000000E+000, 0.0000000E+000, 0.0000000E+000, 0.0000000E+000, 0.0000000E+000, 0.0000000E+000, 0.0000000E+000, 0.0000000E+000, 0.0000000E+000, 0.0000000E+000, 0.0000000E+000, 0.0000000E+000, 0.0000000E+000, 0.0000000E+000, 0.0000000E+000, 0.0000000E+000, 0.0000000E+000, 0.0000000E+000, 0.0000000E+000, 0.0000000E+000, 0.0000000E+000, 0.0000000E+000, 0.0000000E+000, 0.0000000E+000, 0.0000000E+000, 0.0000000E+000
-1.9965342E+001, 0.0000000E+000, 0.0000000E+000, 0.0000000E+000, 0.0000000E+000, 0.0000000E+000, 0.0000000E+000, 0.0000000E+000, 0.0000000E+000, 0.0000000E+000, 0.0000000E+000, 0.0000000E+000, 0.0000000E+000, 0.0000000E+000, 0.0000000E+000, 0.0000000E+000, 0.0000000E+000, 0.0000000E+000, 0.0000000E+000, 0.0000000E+000, 0.0000000E+000, 0.0000000E+000, 0.0000000E+000, 0.0000000E+000, 0.0000000E+000, 0.0000000E+000, 0.0000000E+000
-1.6911382E+001, 0.0000000E+000, 0.0000000E+000, 0.0000000E+000, 0.0000000E+000, 0.0000000E+000, 0.0000000E+000, 0.0000000E+000, 0.0000000E+000, 0.0000000E+000, 0.0000000E+000, 0.0000000E+000, 0.0000000E+000, 0.0000000E+000, 0.0000000E+000, 0.0000000E+000, 0.0000000E+000, 0.0000000E+000, 0.0000000E+000, 0.0000000E+000, 0.0000000E+000, 0.0000000E+000, 0.0000000E+000, 0.0000000E+000, 0.0000000E+000, 0.0000000E+000, 0.0000000E+000
-1.3932137E+001, 0.0000000E+000, 0.0000000E+000, 0.0000000E+000, 0.0000000E+000, 0.0000000E+000, 0.0000000E+000, 0.0000000E+000, 0.0000000E+000, 0.0000000E+000, 0.0000000E+000, 0.0000000E+000, 0.0000000E+000, 0.0000000E+000, 0.0000000E+000, 0.0000000E+000, 0.0000000E+000, 0.0000000E+000, 0.0000000E+000, 0.0000000E+000, 0.0000000E+000, 0.0000000E+000, 0.0000000E+000, 0.0000000E+000, 0.0000000E+000, 0.0000000E+000, 0.0000000E+000
-1.0952892E+001, 0.0000000E+000, 0.0000000E+000, 0.0000000E+000, 0.0000000E+000, 0.0000000E+000, 0.0000000E+000, 0.0000000E+000, 0.0000000E+000, 0.0000000E+000, 0.0000000E+000, 0.0000000E+000, 0.0000000E+000, 0.0000000E+000, 0.0000000E+000, 0.0000000E+000, 0.0000000E+000, 0.0000000E+000, 0.0000000E+000, 0.0000000E+000, 0.0000000E+000, 0.0000000E+000, 0.0000000E+000, 0.0000000E+000, 0.0000000E+000, 0.0000000E+000, 0.0000000E+000
-7.9736463E+000, 0.0000000E+000, 0.0000000E+000, 0.0000000E+000, 0.0000000E+000, 0.0000000E+000, 0.0000000E+000, 0.0000000E+000, 0.0000000E+000, 0.0000000E+000, 0.0000000E+000, 0.0000000E+000, 0.0000000E+000, 0.0000000E+000, 0.0000000E+000, 0.0000000E+000, 0.0000000E+000, 0.0000000E+000, 0.0000000E+000, 0.0000000E+000, 0.0000000E+000, 0.0000000E+000, 0.0000000E+000, 0.0000000E+000, 0.0000000E+000, 0.0000000E+000, 0.0000000E+000
-4.9944011E+000, 0.0000000E+000, 0.0000000E+000, 0.0000000E+000, 0.0000000E+000, 0.0000000E+000, 0.0000000E+000, 0.0000000E+000, 0.0000000E+000, 0.0000000E+000, 0.0000000E+000, 0.0000000E+000, 0.0000000E+000, 0.0000000E+000, 0.0000000E+000, 0.0000000E+000, 0.0000000E+000, 0.0000000E+000, 0.0000000E+000, 0.0000000E+000, 0.0000000E+000, 0.0000000E+000, 0.0000000E+000, 0.0000000E+000, 0.0000000E+000, 0.0000000E+000, 0.0000000E+000
-1.9124232E+000, 0.0000000E+000, 0.0000000E+000, 0.0000000E+000, 0.0000000E+000, 0.0000000E+000, 0.0000000E+000, 0.0000000E+000, 0.0000000E+000, 0.0000000E+000, 0.0000000E+000, 0.0000000E+000, 0.0000000E+000, 0.0000000E+000, 0.0000000E+000, 0.0000000E+000, 0.0000000E+000, 0.0000000E+000, 0.0000000E+000, 0.0000000E+000, 0.0000000E+000, 0.0000000E+000, 0.0000000E+000, 0.0000000E+000, 0.0000000E+000, 0.0000000E+000, 0.0000000E+000
 1.0668221E+000, 0.0000000E+000, 0.0000000E+000, 0.0000000E+000, 0.0000000E+000, 0.0000000E+000, 0.0000000E+000, 0.0000000E+000, 0.0000000E+000, 0.0000000E+000, 0.0000000E+000, 0.0000000E+000, 0.0000000E+000, 0.0000000E+000, 0.0000000E+000, 0.0000000E+000, 0.0000000E+000, 0.0000000E+000, 0.0000000E+000, 0.0000000E+000, 0.0000000E+000, 0.0000000E+000, 0.0000000E+000, 0.0000000E+000, 0.0000000E+000, 0.0000000E+000, 0.0000000E+000
 4.0636927E+000, 7.9671329E-034, 1.0175496E-033, 2.3483767E-034, 0.0000000E+000, 0.0000000E+000, 0.0000000E+000, 0.0000000E+000, 0.0000000E+000, 0.0000000E+000, 0.0000000E+000, 0.0000000E+000, 0.0000000E+000, 0.0000000E+000, 0.0000000E+000, 0.0000000E+000, 0.0000000E+000, 0.0000000E+000, 0.0000000E+000, 0.0000000E+000, 0.0000000E+000, 0.0000000E+000, 0.0000000E+000, 0.0000000E+000, 0.0000000E+000, 0.0000000E+000, 0.0000000E+000
 7.0171982E+000, 1.8018281E-022, 2.2930808E-022, 1.4345006E-022, 1.6542413E-039, 2.3994422E-040, 5.6639970E-042, 0.0000000E+000, 0.0000000E+000, 0.0000000E+000, 0.0000000E+000, 0.0000000E+000, 0.0000000E+000, 0.0000000E+000, 0.0000000E+000, 0.0000000E+000, 0.0000000E+000, 0.0000000E+000, 0.0000000E+000, 0.0000000E+000, 0.0000000E+000, 0.0000000E+000, 0.0000000E+000, 0.0000000E+000, 0.0000000E+000, 0.0000000E+000, 0.0000000E+000
 1.0063001E+001, 3.2884654E-018, 3.6475675E-018, 4.8751923E-018, 1.1287581E-030, 2.6769135E-030, 4.3180038E-030, 2.0382163E-110, 8.0969951E-053, 1.2023345E-052, 1.9218579E-052, 0.0000000E+000, 0.0000000E+000, 0.0000000E+000, 0.0000000E+000, 0.0000000E+000, 0.0000000E+000, 0.0000000E+000, 0.0000000E+000, 0.0000000E+000, 0.0000000E+000, 0.0000000E+000, 0.0000000E+000, 0.0000000E+000, 0.0000000E+000, 0.0000000E+000, 0.0000000E+000
 1.3007277E+001, 5.1123517E-012, 8.1808881E-012, 1.0247157E-010, 2.5067617E-024, 5.7422375E-024, 3.9360775E-024, 6.7034343E-091, 3.3146854E-040, 1.6262902E-039, 4.2228750E-039, 3.2088614E-079, 0.0000000E+000, 0.0000000E+000, 0.0000000E+000, 0.0000000E+000, 0.0000000E+000, 0.0000000E+000, 0.0000000E+000, 0.0000000E+000, 0.0000000E+000, 0.0000000E+000, 0.0000000E+000, 0.0000000E+000, 0.0000000E+000, 0.0000000E+000, 0.0000000E+000
 1.6053079E+001, 3.5304056E-007, 1.4100905E-005, 2.6371335E-004, 3.3839169E-021, 1.3967898E-020, 3.5519735E-020, 9.5419949E-078, 9.0542039E-032, 2.6113805E-031, 6.8417315E-031, 1.0906270E-063, 5.5246307E-124, 1.2619919E-123, 4.4164143E-125, 1.4937883E-120, 6.1231891E-120, 3.6099545E-119, 0.0000000E+000, 0.0000000E+000, 0.0000000E+000, 0.0000000E+000, 0.0000000E+000, 0.0000000E+000, 0.0000000E+000, 0.0000000E+000, 0.0000000E+000
 1.9098882E+001, 1.9786797E-004, 2.4356802E-004, 5.2508313E-004, 3.3775266E-017, 7.5428644E-017, 4.9951192E-017, 1.1414947E-067, 7.7501184E-027, 4.1654663E-026, 1.7994462E-025, 1.8967310E-050, 5.4064591E-099, 1.0371954E-099, 4.8917105E-099, 1.7330537E-092, 4.3091259E-092, 8.5373353E-091, 2.7412844E-123, 5.9020333E-123, 1.9482018E-122, 0.0000000E+000, 0.0000000E+000, 0.0000000E+000, 0.0000000E+000, 0.0000000E+000, 0.0000000E+000
 2.2043158E+001, 7.4571329E-002, 3.4591247E-002, 3.9613849E-003, 3.9794078E-015, 2.0361129E-012, 3.8489421E-010, 6.6848117E-060, 1.6486719E-022, 4.4081456E-022, 1.0177451E-021, 1.3426737E-041, 1.1059909E-081, 1.4400358E-081, 6.8161867E-081, 8.4667229E-075, 1.7861656E-074, 1.0277951E-073, 2.4717355E-096, 8.4793388E-096, 4.1940225E-095, 4.5249275E-195, 8.0755915E-195, 2.2496615E-195, 0.0000000E+000, 0.0000000E+000, 0.0000000E+000
 2.5088960E+001, 6.0240859E-002, 3.2448332E-002, 5.1597847E-003, 8.3895596E-012, 6.1236027E-011, 4.0745178E-010, 1.1699342E-059, 1.5734501E-019, 4.8752578E-019, 1.0829863E-018, 1.6055331E-035, 2.1405314E-068, 2.4192953E-068, 8.4041964E-068, 2.6405639E-062, 2.3161382E-062, 7.1573810E-063, 2.1098557E-077, 7.9026331E-077, 4.8497172E-076, 1.1962736E-147, 2.7846067E-147, 4.1266440E-147, 0.0000000E+000, 0.0000000E+000, 0.0000000E+000
 2.8033236E+001, 7.9396323E-002, 3.5039459E-002, 1.0932171E-002, 1.9135466E-004, 9.5301678E-006, 1.1971289E-007, 9.0739334E-057, 5.8438956E-018, 1.2761949E-017, 2.4026255E-017, 1.9284066E-031, 3.9148788E-058, 2.5629321E-058, 7.2203653E-058, 2.5484474E-055, 4.1644406E-055, 2.7837271E-055, 1.0168717E-063, 2.0437466E-063, 9.8892502E-063, 4.6327621E-121, 1.5196791E-120, 2.8975904E-120, 0.0000000E+000, 0.0000000E+000, 0.0000000E+000
 3.1079039E+001, 7.2686438E-002, 2.8662192E-002, 1.7179180E-003, 6.2718011E-002, 2.6159330E-002, 8.8823796E-003, 9.5412225E-057, 5.2035135E-013, 4.5245889E-013, 6.6710038E-015, 6.2209188E-027, 8.3585382E-050, 7.0185671E-050, 3.3096850E-050, 7.4736415E-048, 1.5433726E-047, 5.1383967E-047, 3.3107604E-053, 6.9046705E-053, 2.0742901E-052, 3.4054747E-101, 1.1946511E-100, 3.5352094E-100, 0.0000000E+000, 0.0000000E+000, 0.0000000E+000
 3.4023315E+001, 9.0043692E-002, 2.9881941E-002, 9.2069428E-004, 8.3633075E-002, 1.9302982E-002, 8.2981175E-004, 5.5166267E-051, 8.7564406E-012, 2.5641077E-010, 1.6961541E-009, 3.6414411E-024, 1.4046555E-044, 4.5125137E-044, 5.8446079E-043, 3.9672217E-042, 1.7680224E-041, 2.2913239E-040, 3.7355898E-045, 6.2699399E-045, 1.7854381E-044, 4.3935962E-086, 9.5029845E-086, 7.0529353E-085, 1.7336999E-274, 6.0530353E-273, 5.7389096E-270
 3.7069117E+001, 1.1862152E-001, 6.8182379E-002, 1.9120539E-002, 7.7204779E-002, 1.9668881E-002, 1.7488832E-003, 1.5188378E-049, 3.2187008E-011, 3.6533960E-011, 2.3796499E-010, 1.2708105E-023, 2.8268114E-038, 1.2429164E-037, 2.6353155E-037, 1.4830402E-038, 3.1956230E-038, 2.0915101E-037, 5.6374599E-038, 1.2407002E-037, 2.6118040E-037, 7.6606422E-074, 1.5779830E-073, 4.3759943E-073, 9.9894725E-224, 5.1256424E-223, 6.4140864E-221
 4.0013393E+001, 9.2854108E-002, 4.4407206E-002, 1.0290706E-002, 6.7135596E-002, 1.2205227E-002, 7.3928134E-004, 4.8751170E-050, 1.0338451E-006, 1.8644584E-007, 1.0581255E-007, 2.9283386E-023, 3.1928822E-034, 1.1126211E-033, 8.2588938E-034, 4.3370440E-034, 9.8534672E-034, 2.9447468E-034, 1.1585778E-032, 1.6794356E-032, 2.3419332E-032, 2.1292414E-064, 5.0526218E-064, 4.0737689E-063, 6.8048684E-190, 6.6703533E-189, 6.0272896E-187
 4.3059196E+001, 4.9755464E-002, 1.2994801E-002, 3.9960481E-004, 3.9936212E-002, 4.8023299E-003, 1.1605806E-004, 5.1932417E-048, 1.3893209E-002, 9.9304750E-003, 3.3553525E-004, 1.6041689E-022, 3.4484644E-031, 4.2219504E-031, 1.3825346E-030, 4.2608960E-033, 7.3503837E-033, 7.7161962E-032, 6.5903142E-029, 8.8835100E-029, 1.7003271E-028, 9.6281888E-056, 8.6024143E-056, 7.2512866E-056, 5.6495766E-164, 8.7834735E-163, 9.4479484E-161
 4.6003472E+001, 6.1765268E-002, 2.4934752E-002, 1.2585886E-003, 8.9782594E-002, 1.4185832E-002, 1.9472463E-004, 1.4121704E-046, 6.3824007E-002, 1.7796445E-002, 5.0596874E-004, 1.8192710E-018, 9.7847288E-029, 2.3834688E-028, 1.2145196E-028, 2.0379828E-028, 4.7159217E-028, 3.7156003E-027, 4.1850559E-026, 5.5471887E-026, 1.3210192E-025, 1.4635259E-050, 6.8381881E-051, 3.7185675E-051, 3.7323055E-143, 3.0510785E-142, 9.4697964E-141
 4.9049274E+001, 4.0420493E-002, 8.5426003E-003, 4.6385635E-005, 4.7030045E-002, 6.5660201E-003, 9.0841090E-005, 6.8841348E-047, 3.8754895E-002, 9.8761439E-003, 6.6654877E-004, 1.3765704E-014, 1.0032377E-027, 3.4272738E-027, 6.7429749E-027, 1.1768198E-026, 5.5145817E-026, 4.2342100E-025, 8.4421155E-023, 1.2247278E-022, 1.7623451E-022, 5.6395970E-046, 4.1361891E-046, 2.5139136E-046, 1.1129268E-126, 7.0344665E-126, 2.7138116E-124
 5.2095077E+001, 4.9938164E-002, 3.0291254E-002, 1.1118380E-002, 3.1034886E-002, 3.3952224E-003, 1.6511954E-005, 7.0930544E-048, 2.6617575E-002, 1.8084327E-003, 6.4182046E-004, 1.7251087E-014, 7.4212438E-026, 1.7774126E-025, 2.4112715E-025, 1.2252388E-025, 2.2610926E-025, 1.1165059E-024, 1.7787154E-020, 2.2716657E-020, 3.3170113E-020, 2.6648046E-041, 2.1646386E-041, 3.1362280E-042, 3.2198007E-112, 1.9974365E-111, 5.6785660E-110
 5.5039353E+001, 1.0191000E-001, 5.1372863E-002, 4.7634645E-003, 8.7521473E-002, 9.7734361E-003, 5.2480632E-005, 1.1502695E-049, 7.0250355E-002, 4.5912918E-002, 2.7837622E-002, 1.0425145E-013, 4.5681538E-024, 3.9468110E-024, 9.2494185E-024, 3.8947187E-025, 9.0659831E-025, 3.9850159E-024, 4.2177205E-019, 5.9312310E-019, 1.1078881E-018, 5.0283311E-037, 2.2148224E-037, 2.2124551E-038, 1.9294787E-100, 1.5003766E-099, 5.4226163E-098
 5.8085155E+001, 8.6855941E-002, 3.6423066E-002, 3.8459144E-003, 1.0564155E-001, 3.8886589E-002, 2.4085906E-003, 6.6626208E-051, 5.2013396E-002, 1.6155386E-002, 2.2819243E-003, 3.2323693E-013, 9.9710948E-021, 1.3776526E-020, 1.5027206E-020, 6.4926572E-024, 1.0747861E-023, 2.6103071E-023, 1.0967526E-017, 1.1798508E-017, 1.5361710E-017, 1.4243124E-035, 4.3226874E-035, 8.0125119E-035, 1.4746197E-089, 1.0343236E-088, 1.5251749E-087
 6.1029431E+001, 3.6686147E-002, 1.1259471E-002, 5.9205584E-004, 1.1652399E-001, 4.6614686E-002, 3.5923427E-003, 9.9766299E-051, 1.9796353E-002, 4.1820590E-003, 7.5094461E-004, 2.3156886E-007, 4.3339366E-020, 4.0808458E-020, 5.6687331E-020, 3.8678531E-024, 6.9194568E-024, 1.6838557E-023, 2.6524332E-015, 3.4237045E-015, 1.1150330E-015, 2.3657073E-031, 3.6311617E-031, 1.1764174E-030, 4.4796677E-079, 1.4833489E-078, 1.3278534E-077
 6.4075234E+001, 8.0491590E-002, 2.5235362E-002, 4.6146971E-004, 8.8223939E-002, 2.8994133E-002, 6.5382084E-003, 6.3727589E-050, 1.8241019E-002, 1.3036191E-003, 1.4012686E-003, 1.0263060E-004, 1.6226775E-020, 2.2133094E-020, 3.5723351E-020, 1.3987480E-023, 3.2097342E-023, 1.3399922E-022, 1.8716609E-007, 2.4610453E-007, 4.6626962E-007, 2.2303672E-027, 6.7068550E-027, 3.6393600E-026, 1.2078372E-070, 4.7821571E-070, 5.7290448E-069
 6.7019510E+001, 1.0790182E-001, 4.3275855E-002, 6.7940957E-003, 5.9519805E-002, 1.2931081E-002, 1.7142545E-003, 9.6139084E-052, 7.3428902E-003, 2.4141044E-003, 1.4028685E-004, 9.2326406E-005, 6.6987165E-021, 7.1206437E-021, 3.9761170E-021, 3.1783352E-020, 4.1118020E-020, 3.9035984E-020, 4.5975287E-006, 5.0234806E-006, 4.6989599E-006, 5.9271625E-024, 8.4473740E-024, 2.1693911E-023, 7.7020583E-065, 6.3097855E-064, 1.2143747E-062
 7.0065312E+001, 2.0950941E-001, 1.1823728E-001, 2.0826784E-002, 9.7380679E-003, 1.6944324E-003, 4.0353594E-005, 3.7071770E-050, 1.6852823E-003, 3.5572577E-005, 5.9016607E-007, 8.8239430E-003, 8.3777549E-022, 8.8542383E-022, 1.6203010E-021, 2.7364198E-019, 2.5384818E-019, 1.7780740E-019, 2.7572581E-004, 2.9347663E-004, 1.6354290E-004, 1.7325280E-021, 2.6202525E-021, 3.4254955E-021, 3.1076458E-059, 1.9060724E-058, 4.9842805E-057
 7.3009588E+001, 1.7278478E-001, 9.4672261E-002, 2.7645212E-002, 4.6720717E-003, 4.2790952E-004, 1.8786874E-006, 3.7252931E-050, 3.8354637E-002, 1.0660914E-002, 5.0623628E-004, 4.5881084E-004, 8.5245917E-019, 5.1459864E-019, 1.4573985E-019, 2.4998981E-018, 1.7292504E-018, 4.3602823E-019, 2.9624475E-003, 2.4621027E-003, 1.3715962E-003, 9.4593288E-020, 1.5691046E-019, 3.5418264E-019, 6.8630584E-053, 1.6324837E-052, 1.2047194E-051
 7.6055391E+001, 9.7179406E-002, 4.5509495E-002, 7.3857239E-003, 3.8586908E-003, 1.3313748E-004, 1.1414507E-006, 5.1612100E-051, 4.8043214E-002, 1.9579312E-002, 2.2566817E-003, 3.1746114E-009, 2.3618168E-018, 2.3797899E-018, 4.5399695E-018, 2.8331211E-016, 5.6123254E-017, 1.6248028E-018, 1.1740779E-002, 1.0108704E-002, 6.3578286E-003, 2.0251353E-018, 2.4507857E-018, 2.4811482E-018, 8.4929956E-048, 2.3155663E-047, 1.3278590E-046
 7.9101193E+001, 5.2632286E-002, 1.2968192E-002, 1.4863442E-004, 1.0632101E-007, 1.4116548E-009, 6.1021377E-012, 2.5244515E-050, 5.9149015E-002, 1.9569502E-002, 1.2786315E-003, 8.0102903E-010, 4.3170292E-018, 7.5276181E-018, 2.8516604E-017, 6.5279856E-016, 1.3022758E-016, 7.6668859E-018, 1.6143047E-002, 1.3045611E-002, 8.3413007E-003, 5.4244348E-018, 7.6788340E-018, 1.5388916E-017, 2.1962896E-044, 6.0340154E-044, 7.6196585E-043
 8.2045469E+001, 9.6900834E-002, 6.2094633E-002, 1.1477345E-002, 2.5037541E-013, 4.9572566E-014, 5.6630022E-015, 3.0680560E-050, 5.2766302E-002, 2.0526660E-002, 3.6438260E-003, 1.0840137E-003, 5.9115782E-011, 8.0360981E-010, 2.9796264E-009, 1.7389497E-014, 9.8648223E-015, 2.5082854E-015, 2.4188370E-002, 1.8300451E-002, 7.1097489E-003, 6.1525170E-015, 4.7981231E-015, 1.1193409E-015, 6.9394500E-041, 2.2814142E-040, 2.0698377E-039
 8.5091272E+001, 8.5151892E-002, 4.0637843E-002, 2.5373897E-003, 4.1085850E-008, 2.9602169E-009, 4.6826722E-011, 5.2351470E-051, 6.2990658E-002, 2.0514757E-002, 5.7414487E-003, 1.0266326E-002, 6.1047217E-010, 1.6298970E-009, 1.2514301E-009, 1.6728645E-010, 7.8052183E-011, 2.0911608E-010, 2.8486587E-002, 2.3132357E-002, 1.1626296E-002, 9.3669556E-014, 2.1875283E-013, 6.2475075E-013, 1.1646387E-037, 2.1247908E-037, 1.9611654E-036
 8.8035547E+001, 6.8456552E-002, 2.1323280E-002, 1.2824073E-003, 1.8934088E-002, 1.2687317E-002, 9.7950677E-004, 3.1675494E-053, 5.9415049E-002, 2.5532210E-002, 1.5377862E-003, 2.3225593E-003, 3.9971550E-009, 6.0079390E-009, 1.0793793E-008, 8.1346025E-011, 4.8161368E-011, 4.4465540E-010, 3.7575197E-002, 3.3142696E-002, 2.0875851E-002, 8.7857489E-012, 1.1574917E-011, 8.9668097E-012, 1.6188936E-035, 3.5452274E-035, 3.1124487E-034
 9.1081350E+001, 8.6370716E-002, 2.4197600E-002, 1.0101180E-003, 4.4162634E-002, 1.7143884E-002, 2.4597042E-003, 2.4357935E-053, 6.7058184E-002, 1.5024875E-002, 8.3540422E-004, 1.8735026E-004, 8.6029957E-010, 1.9453757E-010, 1.6347396E-010, 1.1517765E-008, 1.3003427E-008, 2.1047145E-007, 3.9394023E-002, 3.1008473E-002, 1.4857371E-002, 4.8487729E-006, 4.3812974E-006, 1.8907437E-006, 2.1529599E-032, 4.6845553E-032, 1.7776555E-031
 9.4001891E+001, 1.0714913E-001, 3.8671070E-002, 3.5301618E-003, 6.4702544E-002, 1.8702256E-002, 1.9678870E-003, 1.0017758E-053, 5.6843950E-002, 1.7401543E-002, 4.1018003E-003, 2.1684461E-004, 2.0352700E-013, 8.2453134E-014, 5.9212004E-015, 4.6048286E-008, 4.8087935E-008, 5.4814792E-008, 2.1043987E-002, 1.2393714E-002, 4.3201344E-003, 1.4999429E-004, 1.4771529E-004, 1.1040338E-004, 4.6578523E-029, 7.2179112E-029, 1.0276328E-028
 9.7089784E+001, 1.1366506E-001, 4.5406860E-002, 4.5832047E-003, 5.7930840E-002, 1.2802179E-002, 9.0391844E-004, 1.5117194E-056, 2.9138842E-002, 5.3092228E-003, 2.8118298E-004, 2.7949691E-006, 9.7208172E-017, 6.1316482E-017, 4.6562884E-017, 5.5818175E-010, 2.9426581E-011, 1.3229625E-013, 1.7372007E-002, 1.4997283E-002, 6.8473473E-003, 2.4670319E-004, 2.1298702E-004, 1.1403671E-004, 6.9086283E-027, 9.5654759E-027, 1.2808754E-026
 1.0009570E+002, 1.0986807E-001, 5.4289060E-002, 9.2672831E-003, 1.0802522E-002, 9.3375807E-004, 1.1525626E-005, 2.1037354E-055, 1.0066776E-002, 1.1234950E-003, 1.0045017E-004, 5.1342122E-010, 6.3467354E-015, 1.0442432E-015, 5.1164365E-017, 3.4808174E-014, 3.9963273E-015, 1.8129048E-017, 8.8611246E-003, 5.0263508E-003, 1.5236968E-003, 1.3050762E-005, 4.6407328E-006, 4.7112972E-006, 5.9815755E-024, 9.2679304E-024, 2.0970971E-023
 1.0300141E+002, 9.2089776E-002, 4.8736955E-002, 7.7136738E-003, 5.4693900E-002, 1.3447133E-002, 6.7446933E-004, 3.3512562E-054, 2.1439250E-002, 5.8377523E-003, 1.0019676E-004, 1.2273157E-014, 1.2897660E-015, 4.6763112E-016, 6.5845557E-017, 1.7633860E-014, 7.3004706E-015, 3.7644074E-015, 8.7179477E-003, 6.3974896E-003, 3.0090348E-003, 5.4755862E-006, 1.1582014E-005, 1.3729797E-005, 1.9280419E-021, 2.4478012E-021, 3.9366854E-021
 1.0600733E+002, 6.8222510E-002, 2.1869559E-002, 2.6361835E-003, 6.2990776E-002, 1.7206409E-002, 3.0345600E-003, 1.8517001E-051, 2.4955601E-002, 2.8375206E-003, 3.7758691E-004, 3.5300074E-018, 1.8904168E-015, 5.1480193E-016, 7.6576182E-017, 3.6079141E-011, 1.4207108E-010, 3.7166289E-008, 2.2492261E-002, 2.0045982E-002, 1.4702160E-002, 1.1487010E-003, 1.7337224E-003, 2.1854893E-003, 3.8481690E-020, 4.4496198E-020, 1.1623282E-019
 1.0901324E+002, 8.0864077E-002, 2.4746485E-002, 1.8206502E-003, 2.5860725E-002, 6.6641923E-003, 2.2475688E-003, 2.1115133E-048, 6.1053724E-002, 3.9634134E-002, 1.3593575E-002, 3.4910697E-018, 3.9568044E-017, 1.8255758E-017, 4.3339808E-018, 1.3357114E-003, 1.1007001E-003, 7.9872732E-004, 3.2274521E-002, 2.7047760E-002, 1.6473906E-002, 4.1081339E-003, 4.4293659E-003, 4.0666201E-003, 1.2421530E-018, 1.6687379E-018, 3.7891132E-018
 1.1201916E+002, 6.5727151E-002, 2.9028219E-002, 6.8202522E-003, 1.6686424E-002, 6.7880303E-004, 1.2092769E-005, 2.9420552E-049, 5.2034459E-002, 1.7531990E-002, 1.6768116E-003, 2.9336496E-011, 9.2075251E-019, 2.1288570E-019, 9.3377074E-021, 4.1574769E-004, 2.7708472E-004, 4.3489942E-005, 3.3589471E-002, 2.4875944E-002, 8.2567032E-003, 1.4621733E-002, 1.3668485E-002, 1.0055948E-002, 7.3847825E-018, 1.0014336E-017, 1.9054215E-017
 1.1502507E+002, 8.5156959E-002, 3.0706320E-002, 4.1950355E-003, 6.2997983E-002, 8.2165900E-003, 1.8125096E-004, 5.1452643E-053, 4.6587517E-002, 1.2615226E-002, 7.1511098E-004, 5.3826654E-006, 1.0601991E-020, 3.2104762E-021, 1.4056767E-021, 4.0524853E-005, 7.0831932E-005, 3.6934580E-005, 3.7576056E-002, 3.1521971E-002, 2.1294573E-002, 1.8194598E-002, 1.4786958E-002, 8.7554916E-003, 7.2269169E-018, 9.0838976E-018, 1.7536617E-017
 1.1803098E+002, 7.1109544E-002, 2.6697869E-002, 1.5572501E-003, 7.0552324E-002, 7.6891612E-003, 1.0548916E-004, 5.3063230E-054, 4.6345619E-002, 5.9604581E-003, 6.7301526E-005, 9.0253519E-003, 4.0039952E-023, 3.5176868E-023, 1.0576864E-022, 8.8021023E-003, 8.1746383E-003, 4.9727749E-003, 4.7162534E-002, 3.8537579E-002, 2.4073171E-002, 7.6648656E-003, 5.3872087E-003, 4.3233260E-003, 9.1312743E-017, 1.1060881E-016, 1.5764857E-016
 1.2103690E+002, 5.8717061E-002, 1.4322444E-002, 2.1581605E-004, 7.8724039E-002, 1.7377414E-002, 1.3961309E-003, 2.0762448E-048, 6.1892319E-002, 1.6991414E-002, 2.4333719E-003, 1.2290835E-004, 2.4705269E-025, 4.0221525E-025, 1.9458748E-024, 1.0716777E-002, 7.8224888E-003, 5.1845114E-003, 5.8914416E-002, 4.3776534E-002, 1.9720304E-002, 9.1810849E-003, 7.3636428E-003, 5.4662328E-003, 1.8038463E-012, 3.9303065E-012, 8.6111258E-012
 1.2404281E+002, 4.8246400E-002, 1.6122074E-002, 4.5694806E-004, 4.0055221E-002, 8.5284068E-003, 1.1930157E-003, 1.1054438E-046, 3.3637101E-002, 1.5620727E-002, 5.3467312E-003, 5.8571498E-006, 7.9131959E-022, 1.4243370E-021, 2.3936357E-021, 3.8592204E-004, 3.9682058E-004, 1.1334049E-004, 3.7372954E-002, 1.6292067E-002, 2.6139431E-003, 2.3359590E-002, 1.7576929E-002, 1.0438245E-002, 1.7210510E-008, 1.5224427E-008, 2.1950011E-008
 1.2704872E+002, 4.4272798E-002, 2.2761539E-002, 3.2416539E-003, 3.4057408E-002, 2.7187181E-003, 3.3839896E-005, 3.3618685E-049, 3.9221384E-002, 9.9647803E-003, 1.4041453E-003, 3.6081559E-010, 5.1877340E-019, 4.7068877E-019, 3.0741677E-019, 2.6606111E-007, 3.2761400E-007, 1.8520337E-008, 1.5957176E-002, 8.6513772E-003, 3.2935075E-003, 3.3233716E-002, 3.1510005E-002, 2.6322582E-002, 2.7661878E-007, 3.1596535E-007, 6.8500869E-007
 1.3005464E+002, 9.2025658E-002, 3.5965380E-002, 1.8630105E-003, 2.4741185E-002, 3.9874769E-003, 8.3216160E-004, 2.1591081E-049, 2.4687529E-002, 1.0738250E-002, 2.5369215E-003, 5.9122047E-014, 8.4625089E-018, 6.0116024E-018, 2.8114375E-018, 3.8885637E-011, 3.5839387E-012, 1.4832992E-014, 2.6431709E-002, 1.4301496E-002, 6.8848094E-003, 4.0434748E-002, 3.7525957E-002, 2.4069364E-002, 3.7383884E-005, 4.3171863E-005, 4.2019117E-005
 1.3306055E+002, 8.1792240E-002, 3.6989160E-002, 4.0193383E-003, 4.4159481E-002, 7.3266107E-003, 1.2917442E-003, 3.4017811E-042, 4.2318800E-002, 2.2342898E-002, 1.6459207E-003, 3.9993742E-010, 1.1269247E-016, 9.2876359E-017, 2.2320633E-017, 5.7667960E-016, 1.1053599E-015, 2.3564546E-015, 2.9538219E-002, 1.8659052E-002, 1.0006568E-002, 3.1364923E-002, 2.4622343E-002, 1.9608328E-002, 7.1350766E-004, 6.6742313E-004, 4.2810436E-004
 1.3606647E+002, 2.6764551E-002, 1.8789296E-002, 1.4641149E-003, 3.5887140E-002, 1.1912004E-003, 3.0596517E-005, 8.8264397E-040, 4.3359243E-002, 1.4865351E-002, 2.4845482E-003, 3.2891004E-011, 4.0555282E-016, 2.2069414E-016, 3.6668274E-016, 5.7408617E-010, 5.9896332E-010, 6.9298041E-010, 3.4366354E-002, 2.7755796E-002, 1.4400566E-002, 2.1139739E-002, 1.7213262E-002, 9.3126123E-003, 4.1357155E-004, 3.7427886E-004, 3.7178781E-004
 1.3907238E+002, 6.3394668E-002, 1.6648431E-002, 1.7399148E-004, 4.5694956E-004, 2.1161010E-006, 2.3074863E-008, 6.9999862E-040, 3.0280626E-002, 6.2298754E-003, 2.1578955E-004, 1.0293799E-007, 3.9188625E-018, 1.9024071E-018, 8.3129555E-019, 7.8603783E-007, 3.0465149E-007, 1.9161277E-008, 2.0589140E-002, 1.0836565E-002, 2.7047994E-003, 1.5691787E-002, 1.1157410E-002, 6.1929026E-003, 5.5187441E-004, 5.0716718E-004, 2.8801777E-004
 1.4207829E+002, 8.7625585E-003, 6.7426568E-004, 1.2640788E-006, 5.3936883E-004, 6.1721844E-005, 7.5846596E-004, 1.1076045E-040, 2.3884911E-002, 7.6019710E-003, 2.4274491E-003, 6.5990143E-003, 1.2724461E-020, 1.2784894E-020, 3.0340618E-020, 2.5558063E-005, 6.0298026E-006, 1.9189528E-007, 1.7398267E-002, 1.3139458E-002, 6.7661652E-003, 1.0464706E-002, 7.4643871E-003, 4.8097786E-003, 8.2488837E-004, 8.2308083E-004, 7.8201631E-004
 1.4508421E+002, 4.7400473E-002, 2.1376973E-002, 3.6042278E-003, 5.3728181E-002, 5.6290037E-003, 9.7569762E-004, 4.6975207E-040, 1.8832343E-002, 8.9542195E-003, 1.5707961E-003, 1.3459691E-002, 1.2283895E-020, 9.3025426E-021, 1.4937867E-020, 2.6932745E-006, 4.1772595E-007, 1.6540228E-009, 1.9853642E-002, 1.3311671E-002, 7.6418961E-003, 8.0401398E-003, 6.2640710E-003, 1.7883895E-003, 1.8070428E-003, 2.0844882E-003, 2.3228807E-003
 1.4809012E+002, 3.2924053E-002, 6.3859796E-003, 1.4495824E-004, 8.8601875E-002, 2.8808679E-002, 6.8475250E-003, 9.6543602E-041, 6.1237293E-002, 2.1187504E-002, 3.6785992E-003, 1.5317813E-002, 5.6520885E-020, 3.2233667E-020, 2.6595168E-020, 1.9701440E-010, 1.4937459E-011, 2.2669177E-013, 2.6782651E-002, 2.0422587E-002, 1.2606124E-002, 9.0614480E-004, 2.4593319E-004, 5.1540560E-005, 5.1297694E-003, 4.9154688E-003, 3.7744396E-003
 1.5109603E+002, 8.4957350E-002, 4.9451207E-002, 7.5107627E-003, 1.4015803E-001, 4.2723726E-002, 1.8773505E-002, 1.1608892E-042, 4.6127244E-002, 6.0068261E-003, 2.0053206E-004, 9.7905873E-004, 8.9397212E-020, 6.1515671E-020, 3.1911829E-020, 5.8901720E-014, 1.8875709E-014, 5.3914059E-015, 3.6196647E-002, 2.6732553E-002, 1.2691190E-002, 3.1757702E-007, 1.4873915E-007, 4.4395190E-008, 5.8303984E-003, 5.3209724E-003, 3.8976334E-003
 1.5400175E+002, 1.2374966E-001, 5.5999334E-002, 4.4589809E-003, 1.3014075E-001, 3.4407116E-002, 6.4558168E-003, 4.0096414E-045, 1.2305484E-002, 1.1133714E-003, 5.4596667E-006, 3.3386848E-007, 5.3847996E-019, 4.1095491E-019, 1.9036752E-019, 1.2957431E-012, 2.2887412E-012, 5.9001114E-012, 3.8469492E-002, 2.1670742E-002, 7.7412938E-003, 1.5108819E-004, 5.1736001E-005, 4.5964398E-005, 7.1986211E-003, 6.5741215E-003, 5.1957183E-003
 1.5700766E+002, 1.1237289E-001, 4.5429951E-002, 2.6296972E-003, 1.0977472E-001, 2.5180882E-002, 3.2539559E-003, 2.7442920E-049, 1.1351473E-005, 1.2148058E-007, 1.0952413E-009, 7.9033303E-006, 2.2752793E-016, 9.2261093E-016, 3.8922618E-016, 8.5345161E-011, 8.9598400E-012, 1.0598623E-012, 2.8481447E-002, 1.9689047E-002, 1.0340657E-002, 2.4744259E-004, 7.1869460E-004, 2.6672572E-003, 1.0097119E-002, 9.6665463E-003, 7.7108335E-003
 1.6001358E+002, 1.1061629E-001, 4.2590032E-002, 3.0509956E-003, 5.5571782E-002, 3.0667446E-003, 9.9962965E-005, 2.8195558E-051, 1.8180723E-005, 1.6641956E-007, 1.1824732E-008, 5.3509256E-006, 8.0676783E-013, 7.9460729E-013, 1.2544471E-012, 2.8764606E-011, 9.5690338E-013, 8.2557340E-015, 3.2424799E-002, 2.2038551E-002, 7.6946356E-003, 5.5746283E-003, 5.4557044E-003, 5.6529136E-003, 1.0381936E-002, 9.2152792E-003, 7.1839883E-003
 1.6301949E+002, 5.5728808E-002, 2.1161629E-002, 1.9731403E-003, 3.3220113E-002, 3.0350485E-003, 1.3087489E-004, 2.1260121E-050, 3.8905463E-005, 7.5696267E-006, 5.0648150E-007, 3.5179189E-010, 9.1942269E-010, 2.9547734E-009, 1.6280129E-008, 2.8223593E-013, 1.6022638E-013, 3.0349603E-014, 2.2160179E-002, 1.4535999E-002, 7.3284307E-003, 9.5106220E-003, 8.1188620E-003, 4.4728418E-003, 1.1396361E-002, 1.1079572E-002, 9.5938501E-003
 1.6602541E+002, 5.5950506E-002, 1.7309438E-002, 4.4186682E-004, 1.8720640E-002, 4.1045627E-003, 5.6981757E-005, 5.7858658E-048, 4.4241949E-003, 3.5790561E-004, 4.2183048E-007, 1.7261768E-010, 1.4345996E-006, 3.3108064E-007, 7.0476910E-007, 2.8091619E-009, 1.5254361E-009, 7.3086444E-011, 3.1961038E-002, 2.0241185E-002, 3.9634294E-003, 8.8355303E-003, 8.4327832E-003, 7.0809780E-003, 1.5612798E-002, 1.4581338E-002, 1.2522856E-002
 1.6903132E+002, 6.3311569E-002, 1.7201477E-002, 1.7309904E-003, 1.6205494E-005, 3.1548748E-007, 1.5505611E-009, 2.4566392E-048, 4.8872361E-002, 1.0710045E-002, 7.6333908E-004, 1.2328682E-003, 1.2813067E-009, 6.1866865E-010, 1.6998297E-010, 2.2774332E-012, 1.4096909E-012, 2.5123755E-013, 3.1158565E-002, 2.3764050E-002, 1.3081635E-002, 6.5784951E-003, 5.3744289E-003, 2.7750489E-003, 1.5479512E-002, 1.3373392E-002, 7.6411616E-003
 1.7203723E+002, 1.1672553E-001, 5.7616012E-002, 1.7969562E-002, 2.2626031E-007, 4.0463474E-008, 8.2390186E-010, 1.6762008E-049, 6.9782317E-002, 2.9463721E-002, 4.6633881E-003, 1.9646470E-002, 9.1592600E-012, 3.8306549E-012, 8.6759733E-013, 2.8367704E-015, 2.4384433E-015, 8.4153996E-017, 3.7320534E-002, 2.9050559E-002, 1.2962255E-002, 5.8757656E-003, 5.0959583E-003, 3.6792751E-003, 1.7620053E-002, 1.6213551E-002, 1.2824790E-002
 1.7504315E+002, 9.4014366E-002, 3.1242493E-002, 2.6240723E-003, 9.4437274E-004, 1.3943307E-005, 2.0945677E-007, 7.2737777E-051, 5.3914582E-002, 1.8478683E-002, 2.3961113E-003, 1.0971901E-002, 6.2710535E-015, 6.0141012E-015, 1.3215321E-014, 1.4625414E-017, 2.1363706E-017, 9.2446003E-017, 1.6082571E-002, 5.5146574E-003, 1.4675753E-003, 8.3753682E-003, 6.3381980E-003, 4.7116074E-003, 1.9200762E-002, 1.7026935E-002, 1.1809870E-002
 1.7804906E+002, 2.8184865E-002, 9.3814936E-003, 1.3423866E-003, 1.1774776E-002, 3.6122675E-003, 2.6504986E-004, 8.1251600E-051, 4.1751163E-002, 7.6379222E-003, 3.6017526E-004, 1.1738265E-002, 3.6902674E-015, 1.8809735E-015, 4.5921646E-016, 2.2531286E-013, 6.2497684E-013, 1.7817794E-012, 9.1360397E-003, 5.5868000E-003, 2.8243784E-003, 6.1625002E-003, 4.7358104E-003, 3.0412828E-003, 1.9671383E-002, 1.8950244E-002, 1.5110066E-002
 1.8105497E+002, 1.7482731E-005, 3.7863831E-006, 1.6129590E-007, 2.1104320E-002, 3.4296265E-003, 4.2682248E-005, 4.8168697E-050, 3.6517842E-002, 1.4468942E-002, 4.1076876E-003, 1.8259757E-002, 2.7365171E-013, 9.9007706E-014, 8.8073679E-016, 1.9710641E-004, 2.3706832E-004, 3.9246485E-005, 2.8312249E-002, 2.6453548E-002, 2.1756528E-002, 8.4633342E-003, 4.7934720E-003, 2.8663413E-003, 1.8924200E-002, 1.7372653E-002, 1.2466445E-002
 1.8405157E+002, 2.3608669E-010, 5.1663754E-011, 1.8431522E-012, 1.8487639E-002, 1.3504377E-003, 3.6609949E-005, 1.6829947E-045, 2.9888119E-002, 8.8244804E-003, 2.0852343E-003, 1.3428451E-003, 2.7308795E-010, 2.3641691E-010, 9.8825372E-011, 3.7727021E-007, 3.2586409E-007, 1.2236175E-007, 4.5057931E-002, 3.7842407E-002, 1.8600029E-002, 2.6985625E-002, 2.3200662E-002, 1.9004079E-002, 1.3084236E-002, 1.0187341E-002, 7.3735345E-003
 1.8702513E+002, 7.4563894E-016, 2.5085698E-016, 6.3019812E-017, 1.2351610E-005, 9.7819372E-008, 2.9304061E-009, 2.6689284E-044, 3.7502208E-002, 1.2151374E-002, 3.1815303E-003, 2.4446490E-004, 1.1714389E-006, 1.8300253E-005, 1.1069699E-004, 4.7037614E-011, 4.7317140E-011, 1.5134749E-012, 6.1319386E-003, 2.7155392E-003, 1.0159289E-003, 2.5396210E-002, 1.9538598E-002, 1.0941122E-002, 1.6161512E-002, 1.4272101E-002, 1.0995501E-002
 1.9009781E+002, 9.8691655E-019, 5.0285003E-019, 1.6561312E-019, 2.2703786E-008, 1.5303258E-008, 3.3444408E-010, 2.3036829E-044, 3.7455139E-002, 1.3653285E-002, 7.4130581E-003, 9.0047864E-010, 8.3103372E-003, 9.9492707E-003, 8.7395353E-003, 1.4706003E-012, 5.0176128E-012, 2.5731758E-012, 2.5077221E-002, 1.9117695E-002, 1.0382124E-002, 1.0401093E-002, 6.9251305E-003, 3.6289887E-003, 1.1976388E-002, 9.2145864E-003, 3.6905916E-003
 1.9307137E+002, 6.2977725E-022, 4.1775956E-022, 1.0335131E-022, 2.4445047E-011, 6.5973583E-012, 9.4967668E-012, 2.9398006E-045, 3.6372980E-002, 2.5091672E-002, 9.5577929E-003, 4.4317451E-012, 1.0404647E-002, 7.3363569E-003, 3.4978738E-003, 2.9372842E-013, 8.5305506E-013, 2.9066512E-013, 1.5491986E-002, 8.2348324E-003, 1.9615895E-003, 4.8899000E-003, 4.1034706E-003, 3.3993014E-003, 7.5226156E-003, 6.0356991E-003, 4.5836824E-003
 1.9604494E+002, 1.4611947E-024, 7.7534252E-025, 1.5001416E-025, 1.8398164E-015, 3.0750798E-017, 4.9542831E-018, 6.9299304E-045, 2.8040961E-002, 1.9180172E-002, 1.0120933E-002, 2.3131818E-009, 2.0935643E-003, 1.7929404E-003, 1.0201922E-003, 1.3835519E-016, 1.0583023E-016, 2.1284839E-016, 1.9097952E-002, 1.6513861E-002, 1.2715688E-002, 5.4269352E-003, 5.0118719E-003, 2.4440022E-003, 9.2052495E-003, 7.9987689E-003, 5.2958508E-003
 1.9901850E+002, 1.5787511E-027, 8.7408707E-028, 3.2696895E-028, 6.1895500E-018, 5.4109958E-019, 6.9583627E-020, 1.2244190E-045, 9.7473091E-003, 4.9090160E-003, 5.7176140E-004, 7.3028840E-005, 1.0714966E-002, 6.8828741E-003, 2.7392564E-003, 3.9793044E-015, 3.6570857E-015, 3.4376844E-015, 1.7307185E-002, 1.1244653E-002, 4.2637447E-003, 6.6331991E-003, 6.4042912E-003, 5.0734910E-003, 1.2859909E-002, 1.1683002E-002, 9.5485959E-003
 2.0209118E+002, 1.0404869E-030, 6.9916130E-031, 4.3951790E-031, 5.5960805E-021, 4.6302875E-021, 4.2155835E-021, 3.2617133E-047, 1.5333984E-005, 5.2707518E-007, 1.7967050E-009, 9.0622765E-004, 3.4955666E-003, 1.9743812E-003, 2.8511877E-004, 7.6364789E-013, 7.0673565E-013, 3.1512268E-013, 1.7262172E-002, 9.0292024E-003, 3.3360437E-003, 7.5179633E-003, 7.0341747E-003, 5.9110187E-003, 1.3173520E-002, 1.2853992E-002, 1.0583310E-002
 2.0506474E+002, 1.4233493E-034, 5.8348214E-035, 1.7577857E-035, 2.1291330E-022, 8.2970385E-023, 1.4200860E-023, 9.6323213E-050, 7.7145065E-012, 1.6072068E-013, 6.5927877E-016, 8.6151939E-007, 3.3178264E-008, 8.0222122E-009, 8.1552509E-010, 1.1526440E-014, 1.1358071E-014, 2.8149267E-014, 2.6823310E-002, 1.7905331E-002, 1.1468826E-002, 3.4250178E-003, 3.0847919E-003, 3.5111501E-003, 1.4385415E-002, 1.2675375E-002, 8.6596932E-003
 2.0803831E+002, 8.2953787E-038, 7.1505239E-038, 3.1618304E-038, 4.7607370E-025, 7.7117709E-026, 1.1784541E-026, 2.6967593E-052, 6.4720371E-017, 1.8942252E-017, 4.8858441E-018, 1.0741894E-011, 1.9216673E-014, 1.0223661E-014, 1.1008440E-015, 1.1999504E-011, 1.4549995E-011, 1.1082431E-011, 3.9684808E-002, 3.2204687E-002, 2.1455306E-002, 2.0081110E-002, 1.8617988E-002, 1.4876668E-002, 1.4703621E-002, 1.3659378E-002, 8.1469100E-003
 2.1101187E+002, 3.9711951E-040, 5.8265957E-040, 4.7111147E-040, 1.5980360E-027, 3.2941034E-028, 5.7233141E-029, 3.9332633E-055, 5.6653055E-020, 1.9305710E-020, 7.7148012E-021, 1.4624247E-016, 8.7982626E-018, 2.5466773E-017, 6.3544942E-016, 4.5333460E-011, 6.9443841E-011, 1.6517528E-010, 4.7502157E-002, 3.8715576E-002, 2.3433719E-002, 2.0536095E-002, 1.7200506E-002, 8.7353419E-003, 1.5851327E-002, 1.2879110E-002, 7.8656017E-003
 2.1408455E+002, 1.8107808E-042, 8.9827657E-043, 1.1757395E-043, 5.1225084E-030, 1.2551332E-030, 2.9407824E-031, 4.6538873E-058, 1.2896711E-022, 4.3896406E-023, 8.4186860E-024, 1.0530889E-018, 2.9902340E-013, 8.4534863E-014, 5.1824191E-014, 2.1432168E-009, 2.4721922E-009, 1.0321741E-009, 4.5600435E-002, 3.2079857E-002, 1.1113942E-002, 1.4780262E-002, 9.2640267E-003, 2.7267590E-003, 1.7320893E-002, 1.5261026E-002, 9.8385862E-003
 2.1705812E+002, 6.0069543E-046, 2.2386892E-046, 2.6271581E-047, 4.8274932E-033, 1.6878603E-033, 2.8993338E-034, 3.4120995E-060, 1.8317684E-025, 6.0274368E-026, 3.0447536E-026, 1.0144009E-020, 9.7606185E-010, 3.7204310E-010, 8.3544559E-013, 2.0690138E-010, 3.4119481E-010, 1.5854314E-010, 3.7455892E-002, 2.7371170E-002, 1.4856128E-002, 1.1188910E-002, 8.3968093E-003, 5.5848242E-003, 1.3939748E-002, 1.1754249E-002, 6.4651201E-003
 2.2003168E+002, 1.8560339E-049, 6.7446605E-050, 9.1358480E-051, 3.2960767E-035, 6.6136672E-036, 2.2735155E-037, 7.7268241E-064, 1.1192849E-027, 2.7611263E-028, 9.2300238E-029, 4.1649720E-022, 7.3891218E-009, 3.4097826E-009, 8.9926149E-011, 2.6761448E-011, 1.7011013E-011, 2.9090727E-012, 5.2579415E-002, 4.5217982E-002, 2.3315319E-002, 2.7788733E-002, 2.3858382E-002, 1.6062531E-002, 1.5747676E-002, 1.5023455E-002, 1.1760868E-002
 2.2300524E+002, 2.3555170E-053, 6.3119348E-054, 1.6080791E-054, 1.9288598E-038, 4.7334381E-039, 4.5084668E-040, 1.6424027E-064, 7.2272460E-031, 1.6275094E-031, 3.0008254E-032, 4.4893443E-023, 5.3821729E-013, 4.1410354E-014, 4.2781316E-016, 7.4027867E-011, 1.5377094E-009, 1.0473948E-007, 4.7894048E-002, 3.4642953E-002, 1.7364981E-002, 2.4084542E-002, 1.7481049E-002, 9.1608130E-003, 1.2033493E-002, 1.0270219E-002, 6.1708539E-003
 2.2607792E+002, 1.2661163E-057, 4.3590838E-058, 5.8447135E-059, 3.7343237E-042, 6.6053913E-043, 3.2041984E-044, 3.5008458E-064, 3.1362482E-033, 6.5568142E-034, 6.6067771E-035, 8.8308357E-024, 1.1393683E-018, 2.9033368E-019, 1.1115553E-020, 6.8904375E-008, 1.5832640E-007, 4.8598743E-007, 4.2401352E-002, 2.9992982E-002, 1.0879766E-002, 2.4937064E-002, 1.4683855E-002, 5.1907128E-003, 1.3658141E-002, 1.2597744E-002, 7.4807872E-003
 2.2905149E+002, 6.8701278E-062, 3.1741963E-062, 2.2628672E-062, 4.5984764E-046, 8.6191918E-047, 2.0542347E-047, 3.0799696E-062, 1.6873291E-035, 5.6389676E-036, 7.1527023E-037, 1.7081582E-025, 2.8746107E-022, 9.8016197E-023, 1.0344988E-023, 2.0832371E-010, 4.7624794E-010, 2.7327068E-010, 3.2035257E-002, 2.1975351E-002, 7.6119622E-003, 2.4420048E-002, 1.8844012E-002, 8.6945551E-003, 1.1613140E-002, 9.5334704E-003, 5.5214557E-003
 2.3202505E+002, 6.2971973E-064, 2.4249497E-064, 5.2760653E-065, 7.8644646E-049, 5.4650880E-050, 2.3400977E-051, 1.0216866E-062, 4.3983904E-038, 1.3919233E-038, 2.5622523E-039, 3.6712845E-027, 1.7338029E-024, 7.3709127E-025, 1.1189773E-025, 1.0313244E-009, 1.6473812E-009, 1.1077240E-009, 2.7550491E-002, 1.8533003E-002, 6.7684639E-003, 2.2388823E-002, 1.9559910E-002, 1.2723006E-002, 1.7561246E-002, 1.6835439E-002, 1.4071792E-002
 2.3509773E+002, 1.4666174E-067, 9.6193033E-068, 1.7108891E-068, 5.8879022E-053, 5.8411241E-054, 1.2911430E-054, 9.7416254E-064, 4.9527094E-041, 9.2719840E-042, 2.3300492E-042, 1.8929115E-028, 2.9579943E-027, 1.1798764E-027, 1.0637976E-028, 3.7236553E-013, 1.2050589E-013, 1.1706289E-014, 7.7366071E-003, 6.7681965E-003, 4.7598626E-003, 1.8897053E-002, 1.5204340E-002, 1.0356783E-002, 1.7310614E-002, 1.6690459E-002, 1.4626961E-002
 2.3807129E+002, 1.2110611E-070, 2.6672813E-071, 1.5620268E-072, 8.2670138E-056, 2.4793571E-056, 8.6872745E-058, 1.6147596E-066, 1.0962616E-043, 4.2402319E-044, 1.8149534E-044, 3.2619828E-030, 1.4936102E-029, 4.7961164E-029, 1.0208892E-027, 9.3472591E-017, 6.1764090E-017, 1.3063559E-017, 6.3570857E-003, 4.9250565E-003, 2.4009980E-003, 1.0317405E-002, 7.9704327E-003, 4.1022169E-003, 2.0133140E-002, 1.8818752E-002, 1.3779205E-002
 2.4104486E+002, 6.4592752E-074, 2.0756233E-074, 1.8493107E-075, 8.1185036E-059, 1.4129822E-059, 1.0454205E-060, 1.2311692E-069, 2.2802299E-047, 5.9448482E-048, 7.3990796E-049, 2.1545287E-032, 9.3364374E-030, 3.9350925E-029, 4.0686354E-028, 7.1904092E-019, 4.2272104E-019, 1.4139573E-019, 3.0329431E-003, 1.7089228E-003, 6.6952984E-004, 4.7277778E-003, 3.6915550E-003, 1.5718430E-003, 1.6603658E-002, 1.3545188E-002, 8.9838336E-003
 2.4401842E+002, 4.2480384E-078, 1.7822079E-078, 3.7320778E-079, 8.0123206E-062, 1.4508826E-062, 1.4418913E-063, 1.8458560E-073, 4.7068713E-051, 1.8824725E-051, 5.0626241E-052, 8.8586722E-035, 1.3396517E-031, 4.5297750E-031, 3.2611215E-030, 1.4537282E-020, 1.0028824E-020, 4.6404119E-021, 2.4211291E-004, 1.5188020E-004, 3.2489729E-005, 9.3936954E-004, 7.4078532E-004, 4.3475692E-004, 1.1467559E-002, 1.0811224E-002, 7.6942385E-003
 2.4709110E+002, 2.5500006E-082, 9.0416495E-083, 1.0666672E-083, 1.2660964E-065, 1.3465747E-066, 2.1876111E-067, 2.1059769E-076, 2.4398799E-054, 9.0083691E-055, 3.9702355E-055, 3.5155428E-037, 9.0041055E-033, 1.1669450E-032, 1.1298678E-031, 9.6173676E-023, 5.1133216E-023, 1.6375477E-023, 2.3328320E-005, 1.0130262E-005, 1.2787003E-006, 4.5768502E-004, 3.4954144E-004, 2.5603172E-004, 1.5556829E-002, 1.2861548E-002, 8.6578156E-003
 2.5006466E+002, 3.9189285E-087, 1.5129914E-087, 5.0296919E-088, 2.8740269E-069, 1.4369415E-070, 2.4906761E-071, 4.6230787E-080, 4.9521232E-058, 4.9037408E-058, 1.7248539E-057, 3.4847649E-039, 2.5064426E-033, 9.7624323E-033, 2.0115836E-032, 4.7777095E-025, 2.9294456E-025, 7.0829501E-026, 3.9937700E-007, 6.3573791E-008, 1.6222847E-008, 4.9694212E-005, 3.6633540E-005, 1.7170325E-005, 1.3948144E-002, 1.3465065E-002, 1.2277963E-002
 2.5303823E+002, 1.0837845E-091, 3.9112723E-092, 8.0096915E-093, 1.0397765E-072, 1.1322781E-073, 2.0522044E-074, 5.4962215E-083, 2.8438183E-060, 1.0247390E-059, 2.8788481E-059, 4.6065094E-042, 1.9519697E-034, 5.8466652E-034, 4.0783015E-033, 5.2157635E-027, 3.7367077E-027, 1.6236786E-027, 2.7814882E-010, 2.5723422E-011, 3.7749685E-012, 1.1414931E-005, 9.3899495E-006, 3.7477191E-006, 1.2308313E-002, 1.0212543E-002, 7.2805754E-003
 2.5601179E+002, 1.5629051E-095, 7.3445925E-096, 5.2441422E-096, 1.1380984E-075, 2.5971676E-076, 1.5679567E-077, 1.0400473E-086, 1.9101862E-062, 1.6490186E-062, 5.4029750E-062, 1.8038361E-044, 6.7979193E-035, 1.8195136E-034, 4.2216155E-034, 1.1273864E-028, 7.3374444E-029, 2.7095621E-029, 6.2392700E-014, 3.1829077E-014, 1.1230969E-015, 3.6265988E-007, 2.0083443E-007, 3.4173143E-008, 1.1506490E-002, 1.1620929E-002, 1.2033758E-002
 2.5908447E+002, 1.1437417E-097, 4.4225396E-098, 5.2477885E-099, 1.2151070E-078, 1.2082895E-079, 9.9056519E-081, 9.0970612E-092, 1.2143811E-065, 2.9363408E-065, 7.8569918E-065, 1.6733492E-047, 3.5165253E-037, 3.5612765E-037, 5.3951569E-037, 2.9183454E-031, 1.5927381E-031, 3.3310496E-032, 2.1837821E-016, 1.4400997E-016, 3.4210087E-017, 8.0982643E-010, 3.0051592E-010, 2.7328892E-010, 1.7032809E-002, 1.5717274E-002, 1.1268716E-002
 2.6205803E+002, 1.3655881E-101, 3.5771969E-102, 3.3187036E-103, 3.1386274E-082, 2.7739880E-083, 1.2172568E-084, 1.0996578E-095, 2.7424134E-066, 1.6840132E-066, 7.3623906E-067, 2.0578011E-050, 3.2304440E-038, 3.8832883E-038, 8.2458595E-038, 2.3618500E-034, 8.9188006E-035, 9.8160480E-036, 1.3933207E-019, 5.5469923E-020, 2.8787789E-020, 1.2221351E-011, 1.0384158E-011, 5.8211246E-012, 1.7478460E-002, 1.6670439E-002, 1.5100630E-002
 2.6503160E+002, 2.4452127E-105, 7.6136951E-106, 3.0194131E-107, 3.4834469E-086, 1.1532946E-087, 6.7141457E-089, 8.9977906E-100, 1.6844625E-068, 4.3661996E-069, 7.7185894E-070, 5.6443960E-052, 1.0534268E-038, 6.2275631E-039, 1.1094072E-039, 3.2090625E-037, 2.5247959E-037, 1.1117170E-037, 4.3609806E-021, 3.2551577E-021, 1.3530743E-021, 2.3478933E-011, 8.6998928E-012, 6.0915894E-013, 1.5709381E-002, 1.4089819E-002, 1.0504075E-002
 2.6800516E+002, 3.6555324E-109, 1.6579713E-109, 2.8403101E-110, 8.3129316E-090, 9.9779865E-091, 8.1351383E-092, 2.9480228E-103, 7.1422677E-071, 2.3766501E-071, 3.5793062E-072, 8.1404449E-053, 8.4111275E-041, 3.1354080E-041, 3.7918863E-042, 3.2612214E-039, 1.4249769E-039, 1.8312376E-040, 2.6737412E-022, 1.6047661E-022, 6.9665559E-023, 5.3285248E-012, 8.4271850E-012, 1.7469776E-012, 1.6393130E-002, 1.4596203E-002, 9.2279291E-003
 2.7107784E+002, 3.8360222E-113, 1.5000629E-113, 1.6378129E-114, 7.5259201E-094, 4.2564070E-095, 2.1116994E-096, 4.0387430E-102, 2.5370541E-074, 7.1720223E-075, 4.7930602E-076, 4.9039026E-055, 1.7277202E-044, 7.5525778E-045, 4.7109867E-046, 2.7325763E-042, 1.4977287E-042, 2.5421259E-043, 1.5432574E-023, 9.2752853E-024, 3.3879282E-024, 8.9171233E-012, 6.4751961E-012, 1.1344759E-013, 1.3696707E-002, 1.2238918E-002, 8.3532423E-003
 2.7405140E+002, 4.1698484E-117, 2.2093130E-117, 3.4212788E-118, 1.6815725E-097, 1.3858590E-098, 5.1501046E-100, 8.4798080E-104, 4.2970227E-078, 9.2129800E-079, 6.6741898E-080, 2.5897499E-058, 4.0629371E-048, 1.9128634E-048, 3.1231618E-049, 6.6767614E-045, 4.0345681E-045, 1.5198218E-045, 3.4894335E-025, 1.8669480E-025, 8.0084238E-026, 7.0528996E-014, 2.2208698E-014, 9.5672705E-015, 1.3780340E-002, 1.3477054E-002, 1.2468504E-002
 2.7702497E+002, 1.6790570E-121, 1.0211739E-121, 1.3504220E-122, 1.0665108E-101, 1.5430439E-102, 1.4832296E-103, 8.2072442E-107, 4.1040220E-082, 4.3327085E-083, 5.6912027E-084, 1.4479540E-060, 6.2377744E-051, 2.8132535E-051, 4.6995525E-052, 1.2624083E-047, 6.0499882E-048, 1.3208439E-048, 1.4981843E-026, 9.1361345E-027, 3.1149899E-027, 7.6789139E-016, 6.6394460E-016, 4.8454618E-016, 1.5517286E-002, 1.5264763E-002, 1.3507407E-002
 2.8009765E+002, 1.2304040E-126, 6.3008440E-127, 2.0102290E-127, 1.0231920E-105, 4.8410103E-107, 4.2455687E-108, 2.1146924E-110, 4.2813077E-086, 7.8848360E-087, 1.1842088E-087, 2.3727011E-063, 3.2002050E-054, 1.6702212E-054, 4.0307696E-055, 9.7123571E-051, 5.7673318E-051, 9.1528121E-052, 3.2639702E-028, 1.6966181E-028, 5.8748354E-029, 8.9237188E-017, 6.6380537E-017, 4.2934647E-017, 1.3287941E-002, 1.1714201E-002, 7.8799318E-003
 2.8307121E+002, 2.1783600E-130, 1.7577034E-130, 4.3780926E-131, 2.3169312E-109, 3.3555758E-110, 2.0224470E-111, 2.8978771E-111, 9.7157246E-090, 7.8086720E-091, 1.0274476E-091, 2.4568011E-066, 3.8946913E-057, 2.3390468E-057, 2.1093039E-057, 1.5888884E-053, 6.6552570E-054, 1.4346964E-054, 3.1405395E-030, 1.6746762E-030, 6.2858323E-031, 1.5697001E-018, 8.9893149E-019, 3.3714183E-019, 1.1415481E-002, 1.0482809E-002, 4.4164076E-003
 2.8604477E+002, 2.1581568E-134, 6.8310967E-135, 3.0955027E-136, 3.7107658E-113, 1.1648138E-113, 1.5943912E-114, 6.8259417E-111, 4.0038710E-094, 5.6779236E-095, 8.6364297E-096, 1.0291834E-069, 1.3797782E-056, 4.0664417E-056, 9.3699944E-056, 1.9762609E-056, 7.5995691E-057, 1.7516673E-057, 4.8342401E-032, 3.7664728E-032, 1.9307984E-032, 3.2088978E-020, 1.5419458E-020, 2.1130581E-021, 4.2832818E-003, 3.2774477E-003, 2.6988989E-003
 2.8901834E+002, 1.9050253E-138, 3.6781845E-139, 8.7625237E-141, 5.2880999E-116, 5.0013735E-117, 4.8292105E-118, 1.5722234E-113, 6.5875877E-098, 1.2359338E-098, 2.2015171E-099, 3.5111975E-073, 5.7128815E-056, 1.3815261E-055, 1.5598974E-055, 1.7429427E-059, 6.9275636E-060, 1.2275148E-060, 2.6306606E-034, 1.5067579E-034, 4.4360686E-035, 2.9364666E-022, 1.3510266E-022, 3.3826325E-023, 9.7232640E-003, 8.4005878E-003, 4.6599413E-003
 2.9209102E+002, 2.1887374E-143, 7.4170417E-144, 8.5698785E-145, 3.5871809E-120, 2.7618053E-121, 1.7627977E-122, 1.1230613E-116, 3.7798100E-102, 3.0838067E-103, 6.9546459E-104, 2.8730618E-076, 3.1198847E-057, 5.0677671E-057, 6.7622299E-057, 1.8490191E-062, 6.8314742E-063, 6.9195348E-064, 9.8739933E-037, 5.7183730E-037, 9.7380263E-037, 9.9624651E-024, 8.2681046E-024, 3.1796606E-024, 7.2298102E-003, 6.3038288E-003, 3.7504857E-003
 2.9506458E+002, 1.6610430E-148, 4.7850055E-149, 4.5822265E-150, 1.3515622E-124, 3.3769939E-125, 4.8057734E-126, 7.4245190E-120, 2.5435464E-105, 3.1844313E-106, 1.8933637E-107, 4.2180820E-079, 1.4727971E-058, 1.0027830E-058, 2.8529924E-059, 4.4512037E-065, 1.3881726E-065, 1.8882816E-066, 1.2853042E-037, 1.1606295E-037, 7.1963292E-038, 1.2187070E-025, 6.4717859E-026, 1.8659216E-026, 7.0248907E-003, 6.3480707E-003, 4.7484141E-003
 2.9803815E+002, 5.3838543E-153, 1.9849897E-153, 1.3894888E-154, 8.3666848E-128, 8.4527538E-129, 1.1164596E-129, 2.3681717E-124, 8.2728775E-109, 1.5734488E-109, 2.2757998E-110, 3.3825938E-082, 1.4100052E-061, 7.2727379E-062, 1.3475908E-062, 1.9035406E-067, 1.4236132E-067, 4.5053719E-068, 3.8355030E-039, 1.6666431E-039, 3.2913681E-040, 2.6819731E-028, 1.2443756E-028, 1.8264727E-029, 4.1301040E-003, 3.9512853E-003, 3.5462765E-003
 3.0105512E+002, 1.4124402E-157, 4.3826689E-158, 4.4016007E-159, 6.3066133E-132, 1.0159580E-132, 1.7744664E-133, 4.6436749E-128, 1.9722286E-111, 1.0937299E-111, 2.0847713E-112, 4.2199162E-085, 4.8472257E-064, 2.7185478E-064, 4.8471011E-065, 1.0616017E-068, 5.8847924E-069, 1.4891874E-069, 2.7928250E-041, 1.1011349E-041, 2.2536808E-042, 1.4625271E-031, 5.9409568E-032, 1.1514426E-032, 4.7069144E-003, 4.7061850E-003, 4.2694258E-003
 3.0408968E+002, 1.0850002E-161, 3.6511519E-162, 2.5592300E-163, 9.2273852E-136, 1.6272437E-136, 9.9369475E-138, 7.2221112E-131, 2.8993643E-115, 3.1756898E-115, 2.9842793E-115, 5.9846479E-089, 1.2229457E-066, 7.5378009E-067, 1.7440138E-067, 7.0766454E-071, 4.0584251E-071, 3.8144684E-072, 1.3181447E-043, 1.0338815E-043, 3.8425670E-044, 4.8027449E-034, 3.2308959E-034, 7.4623616E-034, 2.1764108E-003, 1.3509120E-003, 3.7882459E-004
 3.0701044E+002, 8.9055298E-166, 4.7984024E-166, 7.9658721E-167, 1.2441865E-140, 1.5701071E-141, 1.1716978E-142, 1.0595918E-134, 8.5558430E-118, 3.9099724E-118, 1.5315642E-118, 4.9020489E-093, 8.4808760E-070, 2.8801946E-070, 5.2343310E-071, 1.7550136E-072, 8.3441896E-073, 7.3376091E-074, 2.1172995E-046, 1.7344248E-046, 1.1897862E-046, 2.4626336E-035, 4.6215018E-035, 1.3307156E-034, 7.2277806E-004, 4.4301268E-004, 1.9706330E-004
 3.1003552E+002, 8.1540838E-170, 2.4383818E-170, 2.8180199E-171, 5.1895558E-145, 2.3637805E-145, 1.4525275E-145, 3.9841528E-140, 8.9058552E-122, 1.0916444E-122, 1.0762338E-123, 5.2928794E-097, 2.1451577E-072, 6.8504752E-073, 2.2244128E-074, 2.0096155E-074, 9.2737067E-075, 9.4396886E-076, 1.3172023E-047, 8.6589828E-048, 2.6514497E-048, 2.2048510E-035, 1.8005332E-035, 8.8005322E-036, 1.1857136E-003, 1.1123080E-003, 8.0350998E-004
 3.1307383E+002, 2.6572968E-174, 1.1608975E-174, 1.1008093E-175, 9.0800954E-149, 9.8374196E-149, 1.6532450E-149, 7.1043336E-145, 6.7143206E-126, 6.6414232E-127, 7.3465165E-128, 5.5572948E-101, 4.9698951E-076, 2.3631847E-076, 4.2308997E-077, 9.7346709E-077, 4.8546149E-077, 7.4699112E-078, 1.4855982E-050, 6.8792177E-051, 1.5183041E-051, 3.3301742E-036, 2.4438468E-036, 1.4261693E-036, 9.3358025E-004, 8.4596262E-004, 7.3140214E-004
 3.1608607E+002, 2.0942191E-178, 5.1094539E-179, 2.0949588E-180, 8.1362487E-153, 4.8627120E-154, 1.2144012E-154, 1.6729670E-149, 1.6193867E-130, 2.4817335E-131, 3.1089239E-132, 1.1417347E-104, 2.3788907E-078, 1.2734483E-078, 3.0358828E-079, 1.2007138E-079, 5.8072096E-080, 1.7117165E-080, 1.4851391E-052, 7.3307182E-053, 1.3012102E-053, 7.6929100E-038, 5.2116847E-038, 1.7740411E-038, 7.4542341E-004, 7.0200816E-004, 4.5088538E-004
 3.1909831E+002, 9.0375597E-183, 2.6109804E-183, 2.7998366E-184, 3.3269827E-156, 2.9808194E-157, 8.5213431E-158, 1.3866983E-153, 8.1851785E-135, 1.2457752E-135, 1.9036021E-136, 5.4567965E-109, 5.1748662E-082, 2.3000366E-082, 6.2170632E-083, 1.7635188E-082, 1.2220513E-082, 4.5393060E-083, 2.7250052E-055, 8.2094257E-056, 1.5432493E-056, 8.6501824E-040, 5.5811673E-040, 2.0093437E-040, 1.5528271E-004, 1.5347947E-004, 1.1076255E-004
 3.2201014E+002, 1.2398844E-186, 3.6198760E-187, 1.5470059E-188, 4.2511982E-159, 7.3852935E-160, 9.7006631E-161, 2.9646362E-155, 9.9598990E-139, 4.0061024E-140, 7.5657253E-141, 1.4245890E-112, 1.7479158E-085, 8.3232791E-086, 1.8865730E-086, 1.1446497E-085, 6.2013215E-086, 1.1129936E-086, 4.8162867E-058, 4.8073566E-058, 3.1183709E-058, 5.8321977E-042, 2.7769975E-042, 3.8133717E-043, 3.2681448E-005, 2.2042854E-005, 9.6505839E-006
 3.2502238E+002, 1.4424267E-191, 3.5735587E-192, 1.8337373E-193, 1.7176992E-162, 4.2225859E-163, 5.7978601E-164, 1.9498116E-158, 8.0491627E-142, 2.6008844E-143, 1.6164364E-144, 4.9495551E-116, 8.9465883E-089, 4.3620878E-089, 5.3117986E-090, 7.5616553E-089, 4.6378700E-089, 1.1675850E-089, 4.6080286E-060, 2.8800242E-060, 6.4627796E-061, 7.0190693E-044, 2.7933486E-044, 5.4774778E-045, 1.1711953E-006, 3.8203731E-007, 1.1273898E-007
 3.2803462E+002, 1.3924230E-195, 6.6671032E-196, 1.0523035E-196, 1.4845734E-166, 3.9364466E-167, 6.7949585E-168, 3.2386267E-163, 1.7749138E-145, 1.1655944E-146, 2.2662026E-148, 1.5633905E-120, 1.9484377E-091, 6.2435775E-092, 7.3524043E-093, 1.9654082E-091, 1.3271920E-091, 3.6748280E-092, 4.9511298E-063, 2.4902347E-063, 8.0305256E-064, 7.5738112E-046, 3.9154723E-046, 1.1300653E-046, 1.5502644E-008, 1.2311307E-008, 1.2410942E-008
 3.3104687E+002, 2.9531767E-200, 1.5284482E-200, 2.0326834E-201, 8.9277338E-171, 1.9364563E-171, 4.0407787E-172, 2.2281137E-167, 2.9635467E-149, 5.2876644E-150, 2.0730771E-151, 4.8330042E-125, 4.2745032E-095, 1.6188460E-095, 1.8018358E-096, 1.3191944E-094, 6.7165093E-095, 1.0233600E-095, 1.2848110E-066, 7.4270236E-067, 2.7531337E-067, 7.7658727E-048, 3.2304132E-048, 5.7615895E-049, 1.1891678E-008, 9.0861091E-009, 1.8555972E-009
 3.3405911E+002, 3.0657515E-205, 1.4183478E-205, 1.5631664E-206, 5.2025474E-175, 9.6953506E-176, 1.0926457E-176, 2.2052299E-172, 5.3490399E-153, 8.8834684E-154, 1.0173593E-154, 2.6703198E-129, 1.5223879E-098, 7.2278143E-099, 1.3715719E-099, 1.8532970E-097, 9.9432676E-098, 2.7083486E-098, 9.1234257E-069, 3.3800326E-069, 2.4538499E-070, 1.5129095E-049, 9.8434278E-050, 3.8034423E-050, 2.9450452E-011, 1.2242380E-011, 8.9337518E-012
 3.3707135E+002, 5.3885884E-210, 2.3368581E-210, 3.3463052E-211, 1.2893925E-179, 1.3785090E-180, 1.0169299E-181, 1.4696639E-175, 2.7274931E-156, 7.6965081E-157, 1.0227940E-157, 4.4890409E-133, 4.3174560E-102, 2.0506209E-102, 2.1600117E-103, 1.9938303E-099, 1.1078408E-099, 1.7585694E-100, 9.4190166E-072, 4.0910025E-072, 3.0460150E-073, 1.5825674E-051, 1.0076592E-051, 1.5879725E-052, 2.8333510E-013, 1.5126284E-013, 6.6260722E-014
 3.4008359E+002, 7.5003689E-215, 2.2167289E-215, 2.5312088E-216, 7.0053306E-184, 5.5242240E-185, 2.0348009E-186, 1.0257728E-178, 1.5384633E-160, 3.4861606E-161, 1.3696935E-162, 6.3828228E-136, 1.5942855E-106, 5.1928900E-107, 4.2687609E-108, 3.9004091E-102, 1.9651861E-102, 3.3672388E-103, 3.2768169E-075, 1.2066244E-075, 1.4634065E-076, 1.1366963E-054, 6.5866081E-055, 2.0794928E-055, 5.6423865E-016, 4.8044471E-016, 3.1670281E-016
 3.4309583E+002, 1.8220204E-219, 8.6657457E-220, 1.6952399E-220, 1.7830546E-188, 1.1796967E-189, 4.4164661E-191, 5.7453644E-183, 5.1775410E-165, 1.7111140E-165, 3.8739620E-166, 5.7386559E-140, 8.1772869E-111, 3.4863246E-111, 4.7597302E-112, 1.0780922E-104, 5.1901696E-105, 8.3766202E-106, 2.5742820E-078, 8.9226438E-079, 7.8275716E-080, 4.6099695E-057, 3.1700123E-057, 5.9028593E-058, 4.6435563E-017, 3.3295784E-017, 1.9249570E-017
 3.4600766E+002, 5.5683514E-224, 2.3873377E-224, 4.9941001E-225, 7.8943116E-194, 1.4567442E-194, 1.5813804E-195, 2.0406703E-187, 1.3706123E-168, 1.9117141E-169, 5.0910428E-170, 1.0606080E-143, 4.3890394E-114, 1.6604262E-114, 2.7520106E-115, 1.8832303E-108, 1.3542497E-108, 1.0152436E-108, 3.0499272E-081, 9.1377585E-082, 4.6786182E-083, 2.4455037E-060, 1.1558492E-060, 2.3647797E-061, 3.3899240E-018, 2.8148169E-018, 1.6355051E-018
 3.4901991E+002, 2.0376612E-228, 1.0787048E-228, 2.4031326E-229, 7.7708025E-198, 1.0702197E-198, 1.2690908E-199, 5.7543277E-191, 1.7234763E-172, 4.1588974E-173, 8.4670465E-174, 6.2473376E-148, 4.1227557E-117, 1.2004238E-117, 1.1234134E-118, 5.2634006E-112, 6.6395695E-112, 7.8082345E-112, 1.7536922E-084, 6.2493671E-085, 5.8270340E-086, 1.0685047E-062, 7.1374739E-063, 1.6053949E-063, 1.6730446E-019, 1.0649504E-019, 4.0457278E-020
 3.5203215E+002, 1.1883894E-232, 7.0321380E-233, 1.3090341E-233, 2.8655537E-202, 7.0519241E-203, 9.1744930E-204, 6.4651256E-196, 3.3299117E-177, 3.3933218E-178, 9.2715409E-179, 9.2543074E-152, 1.4760346E-121, 5.9412561E-122, 1.0690820E-122, 4.8154171E-115, 3.8654256E-115, 3.2242111E-115, 1.0094927E-086, 6.0974105E-087, 1.2927992E-087, 3.8989806E-065, 1.6083974E-065, 2.9664878E-066, 4.5931309E-021, 2.5773381E-021, 7.0892066E-022
 3.5504439E+002, 1.0125912E-237, 5.2781862E-238, 5.6229943E-239, 5.5539683E-206, 1.1385558E-206, 6.8392947E-208, 1.7854508E-201, 1.9534346E-181, 3.0444823E-182, 1.2514528E-183, 1.4004926E-155, 1.0867219E-124, 5.1488296E-125, 8.2081153E-126, 2.1723138E-118, 2.3540293E-118, 2.4594305E-118, 1.6363910E-089, 9.9235215E-090, 2.2872354E-090, 8.9252790E-069, 4.1293573E-069, 7.7491002E-070, 1.8964441E-022, 9.3201129E-023, 1.4346396E-023
 3.5805663E+002, 4.3759709E-243, 1.6196617E-243, 2.9134487E-244, 1.3414925E-210, 3.5357951E-211, 2.8149945E-212, 1.8862499E-206, 1.8045472E-186, 1.1296197E-187, 9.8159188E-189, 5.2515588E-159, 9.0480291E-128, 3.4289273E-128, 4.6020699E-129, 4.4369683E-120, 3.0080578E-120, 9.9388709E-121, 9.0305655E-093, 4.2143409E-093, 1.2508897E-093, 1.6892791E-071, 9.1024101E-072, 2.2920104E-072, 7.9987990E-025, 5.6247604E-025, 2.8715283E-025
 3.6108303E+002, 9.1622944E-249, 4.5861764E-249, 7.5058493E-250, 1.7211806E-215, 4.1737338E-216, 4.2216425E-217, 1.9777119E-211, 6.1839444E-191, 8.8560551E-192, 6.9157300E-193, 7.0463582E-163, 1.2181094E-130, 7.4790474E-131, 1.7411413E-131, 2.5204349E-123, 9.3273258E-124, 1.9387127E-124, 9.0772211E-095, 5.1934289E-095, 7.7931470E-096, 2.4810307E-074, 1.1305481E-074, 2.6435550E-075, 6.0628147E-026, 3.7080403E-026, 1.3975374E-026
 3.6400963E+002, 3.4275779E-254, 1.0924695E-254, 1.3892066E-255, 4.3342219E-220, 1.7399815E-220, 2.9599796E-221, 5.3150983E-217, 1.1547108E-195, 2.1118161E-196, 1.4862398E-197, 2.3861854E-165, 3.2274835E-134, 1.5467340E-134, 2.6737200E-135, 1.3626264E-127, 5.2924061E-128, 8.4080615E-129, 2.4219742E-098, 8.3562687E-099, 7.3163813E-100, 2.4250687E-077, 1.0822665E-077, 1.7046452E-078, 2.4640900E-027, 1.6091994E-027, 5.7191606E-028
 3.6703378E+002, 9.4466651E-259, 3.0390937E-259, 3.5030202E-260, 2.4809385E-224, 8.5721750E-225, 1.7312945E-225, 1.8779510E-221, 1.4587540E-199, 2.5405223E-200, 4.1828012E-201, 6.7374579E-166, 4.5430556E-138, 1.8900482E-138, 7.1310092E-139, 2.1959906E-131, 1.5742804E-131, 5.9167499E-132, 3.3727567E-102, 1.5002805E-102, 6.2470060E-103, 2.5025941E-080, 1.2789286E-080, 2.2528384E-081, 3.3012126E-029, 1.7880869E-029, 5.3417456E-030
 3.7005793E+002, 8.5196829E-264, 3.0224478E-264, 3.0608181E-265, 1.3594692E-228, 1.2226859E-229, 1.7734677E-230, 1.5749956E-226, 2.8750142E-204, 2.7615711E-205, 3.5192437E-206, 5.1875831E-169, 1.3011253E-141, 6.4695173E-142, 9.8481818E-143, 1.4094270E-135, 8.6084157E-136, 4.7563506E-136, 7.3768874E-106, 2.5678275E-106, 5.4449058E-107, 1.5673480E-083, 8.4904719E-084, 2.1856062E-084, 5.8530130E-031, 3.1356929E-031, 6.8913869E-032
 3.7308209E+002, 1.8045356E-268, 8.4105628E-269, 1.1647377E-269, 9.4133169E-234, 1.2337545E-234, 1.6840408E-235, 1.1338137E-230, 6.4564130E-209, 4.6213514E-210, 2.8958551E-211, 2.7333962E-173, 4.7545457E-145, 1.8470830E-145, 1.2598035E-146, 2.7566740E-139, 1.3748158E-139, 3.4568254E-140, 2.8816898E-109, 1.1723288E-109, 2.3267068E-110, 1.3101109E-086, 6.9534458E-087, 1.9617162E-087, 4.7419521E-033, 2.6863583E-033, 6.3418257E-034
 3.7600869E+002, 6.9609493E-273, 4.3850099E-273, 1.2998773E-273, 4.7146074E-238, 4.1300852E-239, 3.9055611E-240, 3.5967838E-235, 9.0833372E-214, 2.4949265E-214, 4.4129139E-215, 1.6357715E-176, 8.4320472E-149, 3.4783494E-149, 4.5728465E-150, 1.6538083E-142, 8.8175206E-143, 1.1954679E-143, 8.2782034E-113, 4.0482948E-113, 1.9631811E-113, 2.8353110E-089, 1.6432926E-089, 4.3388646E-090, 8.1149098E-035, 4.1578053E-035, 1.1579970E-035
 3.7903284E+002, 3.3745681E-277, 1.4054856E-277, 1.8688239E-278, 1.1675561E-242, 7.9644470E-243, 7.1447221E-244, 3.2716074E-239, 1.1917404E-217, 3.5839672E-218, 4.2406831E-219, 2.9027413E-180, 4.5081587E-153, 1.4569073E-153, 1.0431726E-154, 4.1542077E-146, 1.4109871E-146, 1.7676419E-147, 6.3054649E-117, 3.0237411E-117, 7.0598511E-118, 3.7383914E-092, 1.7278070E-092, 4.6056138E-093, 3.9543181E-036, 2.1834382E-036, 6.6258159E-037
 3.8205699E+002, 5.5429705E-282, 2.5754899E-282, 5.0414418E-283, 1.6485365E-246, 3.5077267E-247, 2.8224144E-248, 4.2343624E-243, 2.5993774E-221, 8.5215032E-222, 9.4648038E-223, 5.8340178E-184, 5.1805088E-158, 1.4187794E-158, 3.8007386E-159, 1.5388131E-149, 5.8861257E-150, 3.6149953E-151, 2.6040497E-120, 1.0257844E-120, 1.6765371E-121, 2.1927721E-095, 1.0764531E-095, 3.6722790E-096, 1.9138551E-037, 8.9477576E-038, 2.5519596E-038
 3.8508115E+002, 6.1089643E-287, 3.3664833E-287, 1.4353442E-287, 2.8767214E-251, 3.7395630E-252, 3.3549909E-253, 7.0923959E-247, 1.8174634E-225, 2.8947777E-226, 4.6466234E-227, 3.5060518E-188, 5.2368563E-162, 1.3320308E-162, 4.1625953E-163, 7.7871694E-153, 2.7126876E-153, 1.8147995E-154, 4.7647222E-124, 4.8328819E-124, 1.1742123E-124, 3.0328763E-098, 1.1210335E-098, 1.1035178E-099, 1.7718619E-039, 1.3749191E-039, 3.7517334E-040
 3.8800775E+002, 2.7363006E-291, 1.0083168E-291, 7.3443770E-293, 7.8092979E-256, 6.9993923E-257, 2.6115598E-258, 1.2109271E-251, 1.1667842E-229, 6.7783883E-231, 4.6185517E-232, 1.2916257E-192, 4.6792914E-165, 2.1660867E-165, 6.6629005E-166, 1.3600189E-156, 4.5888242E-157, 1.8714495E-158, 1.2261559E-126, 6.8876650E-127, 1.7087069E-127, 1.6186452E-101, 6.2599309E-102, 9.5446030E-103, 2.3963078E-041, 1.1018597E-041, 2.2712377E-042
 3.9103190E+002, 5.2262271E-296, 2.2162908E-296, 3.4732743E-297, 1.8490337E-261, 5.0924260E-262, 1.1936320E-262, 5.5004598E-256, 6.7226671E-233, 4.2138584E-234, 1.0205492E-235, 8.6537000E-197, 3.0048107E-168, 1.3125917E-168, 8.0174861E-170, 9.9678674E-160, 7.1042288E-160, 1.2565762E-160, 1.3924041E-128, 6.7052480E-129, 1.2359343E-129, 4.8076828E-104, 1.9045303E-104, 3.6242570E-105, 2.0754548E-043, 9.2634314E-044, 1.1971144E-044
 3.9405605E+002, 8.9554238E-301, 2.3674545E-301, 1.3066599E-302, 4.4379200E-266, 1.5736957E-266, 2.4729120E-267, 6.0682768E-261, 9.6848973E-237, 2.5683814E-237, 1.9767584E-238, 2.3030888E-201, 4.4794896E-172, 5.4040071E-172, 1.7641822E-171, 3.5929138E-163, 1.9158075E-163, 3.9358727E-164, 5.2062154E-131, 1.7122485E-131, 4.0873288E-132, 3.2524178E-106, 1.8686246E-106, 5.6528379E-107, 5.8340509E-046, 2.6148331E-046, 4.8483120E-047
 3.9708020E+002, 7.9882779E-305, 3.1955029E-305, 6.4878936E-306, 3.0778398E-271, 7.8008874E-272, 8.2725523E-273, 8.9150240E-266, 1.4436524E-241, 3.8330709E-242, 3.7737155E-243, 4.2073909E-206, 1.1793217E-174, 3.4798931E-174, 1.3683751E-173, 2.8186554E-167, 1.1376671E-167, 1.0401657E-168, 8.0021652E-134, 3.0385557E-134, 3.5480642E-135, 6.6430580E-108, 2.7904071E-108, 3.7128613E-109, 7.0866842E-048, 4.2143358E-048, 1.4823652E-048
 4.0000000E+002, 6.1906198E-306, 5.9976935E-306, 5.8159351E-306, 1.7361761E-275, 1.7410938E-276, 8.4930166E-278, 2.7309671E-270, 1.3540783E-246, 2.2346776E-247, 5.2118699E-248, 2.2485524E-211, 1.9024770E-176, 1.0851233E-176, 1.2445130E-177, 3.2115752E-172, 1.0824406E-172, 1.2488240E-173, 5.6761888E-137, 1.3219873E-137, 8.9632075E-139, 1.2288729E-110, 5.7033797E-111, 1.8155550E-111, 7.4459139E-050, 3.9923267E-050, 1.3107110E-050
